[startup] loading config: configs/pet_flow/pet_flow_first_hop_224_200k_transport_v3.yaml
[startup] run dir: /data_2/qujiaxiang/outputs/PET_LatentResidual/first_hop_224_200k_transport_v3
[startup] building datasets/dataloaders...
[io] loading latents(train): /data_2/qujiaxiang/lowdose_pet_ct/latents_224/latents_train.pt (115.3GB)
[io] still loading latents(train) (20.0s): /data_2/qujiaxiang/lowdose_pet_ct/latents_224/latents_train.pt
[io] still loading latents(train) (40.0s): /data_2/qujiaxiang/lowdose_pet_ct/latents_224/latents_train.pt
[io] still loading latents(train) (60.0s): /data_2/qujiaxiang/lowdose_pet_ct/latents_224/latents_train.pt
[io] still loading latents(train) (80.0s): /data_2/qujiaxiang/lowdose_pet_ct/latents_224/latents_train.pt
[io] still loading latents(train) (100.0s): /data_2/qujiaxiang/lowdose_pet_ct/latents_224/latents_train.pt
[io] still loading latents(train) (120.0s): /data_2/qujiaxiang/lowdose_pet_ct/latents_224/latents_train.pt
[io] still loading latents(train) (140.0s): /data_2/qujiaxiang/lowdose_pet_ct/latents_224/latents_train.pt
[io] still loading latents(train) (160.0s): /data_2/qujiaxiang/lowdose_pet_ct/latents_224/latents_train.pt
[io] still loading latents(train) (180.0s): /data_2/qujiaxiang/lowdose_pet_ct/latents_224/latents_train.pt
[io] still loading latents(train) (200.0s): /data_2/qujiaxiang/lowdose_pet_ct/latents_224/latents_train.pt
[io] still loading latents(train) (220.0s): /data_2/qujiaxiang/lowdose_pet_ct/latents_224/latents_train.pt
[io] still loading latents(train) (240.0s): /data_2/qujiaxiang/lowdose_pet_ct/latents_224/latents_train.pt
[io] still loading latents(train) (260.0s): /data_2/qujiaxiang/lowdose_pet_ct/latents_224/latents_train.pt
[io] still loading latents(train) (280.0s): /data_2/qujiaxiang/lowdose_pet_ct/latents_224/latents_train.pt
[io] still loading latents(train) (300.0s): /data_2/qujiaxiang/lowdose_pet_ct/latents_224/latents_train.pt
[io] still loading latents(train) (320.0s): /data_2/qujiaxiang/lowdose_pet_ct/latents_224/latents_train.pt
[io] still loading latents(train) (340.0s): /data_2/qujiaxiang/lowdose_pet_ct/latents_224/latents_train.pt
[io] still loading latents(train) (360.0s): /data_2/qujiaxiang/lowdose_pet_ct/latents_224/latents_train.pt
[io] still loading latents(train) (380.0s): /data_2/qujiaxiang/lowdose_pet_ct/latents_224/latents_train.pt
[io] still loading latents(train) (400.0s): /data_2/qujiaxiang/lowdose_pet_ct/latents_224/latents_train.pt
[io] still loading latents(train) (420.0s): /data_2/qujiaxiang/lowdose_pet_ct/latents_224/latents_train.pt
[io] still loading latents(train) (440.0s): /data_2/qujiaxiang/lowdose_pet_ct/latents_224/latents_train.pt
[io] still loading latents(train) (460.0s): /data_2/qujiaxiang/lowdose_pet_ct/latents_224/latents_train.pt
[io] still loading latents(train) (480.0s): /data_2/qujiaxiang/lowdose_pet_ct/latents_224/latents_train.pt
[io] loaded latents(train) in 494.7s: /data_2/qujiaxiang/lowdose_pet_ct/latents_224/latents_train.pt
[io] loading raw(train,D50): /data_2/qujiaxiang/preprocessed_data_D50.pt (9.2GB)
[io] still loading raw(train,D50) (20.0s): /data_2/qujiaxiang/preprocessed_data_D50.pt
[io] still loading raw(train,D50) (40.0s): /data_2/qujiaxiang/preprocessed_data_D50.pt
[io] still loading raw(train,D50) (60.0s): /data_2/qujiaxiang/preprocessed_data_D50.pt
[io] loaded raw(train,D50) in 64.8s: /data_2/qujiaxiang/preprocessed_data_D50.pt
[io] loading raw(train,D20): /data_2/qujiaxiang/preprocessed_data_D20.pt (9.2GB)
[io] still loading raw(train,D20) (20.0s): /data_2/qujiaxiang/preprocessed_data_D20.pt
[io] still loading raw(train,D20) (40.0s): /data_2/qujiaxiang/preprocessed_data_D20.pt
[io] loaded raw(train,D20) in 42.4s: /data_2/qujiaxiang/preprocessed_data_D20.pt
[io] loading raw(train,D10): /data_2/qujiaxiang/preprocessed_data_D10.pt (9.2GB)
[io] still loading raw(train,D10) (20.0s): /data_2/qujiaxiang/preprocessed_data_D10.pt
[io] loaded raw(train,D10) in 38.9s: /data_2/qujiaxiang/preprocessed_data_D10.pt
[io] loading raw(train,D4): /data_2/qujiaxiang/preprocessed_data_D4.pt (9.2GB)
[io] still loading raw(train,D4) (20.0s): /data_2/qujiaxiang/preprocessed_data_D4.pt
[io] still loading raw(train,D4) (40.0s): /data_2/qujiaxiang/preprocessed_data_D4.pt
[io] loaded raw(train,D4) in 54.7s: /data_2/qujiaxiang/preprocessed_data_D4.pt
[io] loading raw(train,NORMAL_from_D50_x0): /data_2/qujiaxiang/preprocessed_data_D50.pt (9.2GB)
[io] loaded raw(train,NORMAL_from_D50_x0) in 8.3s: /data_2/qujiaxiang/preprocessed_data_D50.pt
[startup] train dataset ready: 104988 pair-samples
[io] loading latents(val): /data_2/qujiaxiang/lowdose_pet_ct/latents_224/latents_val.pt (32.5GB)
[io] still loading latents(val) (20.0s): /data_2/qujiaxiang/lowdose_pet_ct/latents_224/latents_val.pt
[io] still loading latents(val) (40.0s): /data_2/qujiaxiang/lowdose_pet_ct/latents_224/latents_val.pt
[io] still loading latents(val) (60.0s): /data_2/qujiaxiang/lowdose_pet_ct/latents_224/latents_val.pt
[io] still loading latents(val) (80.0s): /data_2/qujiaxiang/lowdose_pet_ct/latents_224/latents_val.pt
[io] still loading latents(val) (100.0s): /data_2/qujiaxiang/lowdose_pet_ct/latents_224/latents_val.pt
[io] still loading latents(val) (120.0s): /data_2/qujiaxiang/lowdose_pet_ct/latents_224/latents_val.pt
[io] still loading latents(val) (140.0s): /data_2/qujiaxiang/lowdose_pet_ct/latents_224/latents_val.pt
[io] still loading latents(val) (160.0s): /data_2/qujiaxiang/lowdose_pet_ct/latents_224/latents_val.pt
[io] still loading latents(val) (180.0s): /data_2/qujiaxiang/lowdose_pet_ct/latents_224/latents_val.pt
[io] loaded latents(val) in 193.3s: /data_2/qujiaxiang/lowdose_pet_ct/latents_224/latents_val.pt
[io] loading raw(val,D50): /data_2/qujiaxiang/preprocessed_data_D50.pt (9.2GB)
[io] still loading raw(val,D50) (20.0s): /data_2/qujiaxiang/preprocessed_data_D50.pt
[io] still loading raw(val,D50) (40.0s): /data_2/qujiaxiang/preprocessed_data_D50.pt
[io] loaded raw(val,D50) in 49.6s: /data_2/qujiaxiang/preprocessed_data_D50.pt
[io] loading raw(val,D20): /data_2/qujiaxiang/preprocessed_data_D20.pt (9.2GB)
[io] still loading raw(val,D20) (20.0s): /data_2/qujiaxiang/preprocessed_data_D20.pt
[io] loaded raw(val,D20) in 30.4s: /data_2/qujiaxiang/preprocessed_data_D20.pt
[io] loading raw(val,D10): /data_2/qujiaxiang/preprocessed_data_D10.pt (9.2GB)
[io] still loading raw(val,D10) (20.0s): /data_2/qujiaxiang/preprocessed_data_D10.pt
[io] loaded raw(val,D10) in 23.5s: /data_2/qujiaxiang/preprocessed_data_D10.pt
[io] loading raw(val,D4): /data_2/qujiaxiang/preprocessed_data_D4.pt (9.2GB)
[io] loaded raw(val,D4) in 7.4s: /data_2/qujiaxiang/preprocessed_data_D4.pt
[io] loading raw(val,NORMAL_from_D50_x0): /data_2/qujiaxiang/preprocessed_data_D50.pt (9.2GB)
[io] loaded raw(val,NORMAL_from_D50_x0) in 8.1s: /data_2/qujiaxiang/preprocessed_data_D50.pt
[startup] val dataset ready: 29612 pair-samples
[alignment][train] D50:matched=42.49dB,gap_roll1=21.56dB,n=256 | D20:matched=46.48dB,gap_roll1=24.74dB,n=256 | NORMAL:matched=52.65dB,gap_roll1=30.10dB,n=256
[alignment][val] D50:matched=42.31dB,gap_roll1=21.88dB,n=256 | D20:matched=46.33dB,gap_roll1=25.10dB,n=256 | NORMAL:matched=52.35dB,gap_roll1=30.44dB,n=256
[transport] pair_sample_probs(normalized)= [0.25, 0.25, 0.25, 0.25]
[startup] dataloaders ready: main_bs=8, hop0_aux_bs=2, workers=0
[rollout] path= ['D50', 'D20', 'D10', 'D4', 'NORMAL']
encoder_config_path: /home/qujiaxiang/project/RAE/dinov2
Loaded RAE checkpoint from /data_2/qujiaxiang/outputs/pet_lora_dinov2_pt_224/best_model.pt
[startup] model initialized
[startup] EMA enabled: decay=0.9999 warmup=0 update_every=1
[optimizer] AdamW base_lr=8.000e-05, wd_global=1.000e-02, wd_backbone=1.000e-02, wd_firsthop=0.000e+00, betas=(0.9, 0.95), backbone_lr_mult=0.40, first_hop_lr_mult=3.50
[optimizer] params: backbone=207,667,412, first_hop=1,252,421
[lr_schedule] warmup+cosine enabled: warmup_steps=30000, min_lr=2.000e-06
[schedule] rollout warmup=20000 ramp=60000; image warmup=10000 ramp=30000
/home/qujiaxiang/.conda/envs/rae/lib/python3.10/site-packages/torch/nn/modules/linear.py:116: UserWarning: Deterministic behavior was enabled with either `torch.use_deterministic_algorithms(True)` or `at::Context::setDeterministicAlgorithms(true)`, but this operation is not deterministic because it uses CuBLAS and you have CUDA >= 10.2. To enable deterministic behavior in this case, you must set an environment variable before running your PyTorch application: CUBLAS_WORKSPACE_CONFIG=:4096:8 or CUBLAS_WORKSPACE_CONFIG=:16:8. For more information, go to https://docs.nvidia.com/cuda/cublas/index.html#cublasApi_reproducibility (Triggered internally at ../aten/src/ATen/Context.cpp:164.)
  return F.linear(input, self.weight, self.bias)
/home/qujiaxiang/project/RAE/code/RAE/src/stage1/decoders/decoder.py:368: UserWarning: Deterministic behavior was enabled with either `torch.use_deterministic_algorithms(True)` or `at::Context::setDeterministicAlgorithms(true)`, but this operation is not deterministic because it uses CuBLAS and you have CUDA >= 10.2. To enable deterministic behavior in this case, you must set an environment variable before running your PyTorch application: CUBLAS_WORKSPACE_CONFIG=:4096:8 or CUBLAS_WORKSPACE_CONFIG=:16:8. For more information, go to https://docs.nvidia.com/cuda/cublas/index.html#cublasApi_reproducibility (Triggered internally at ../aten/src/ATen/Context.cpp:164.)
  attention_scores = torch.matmul(query_layer, key_layer.transpose(-1, -2))
/home/qujiaxiang/project/RAE/code/RAE/src/stage1/decoders/decoder.py:383: UserWarning: Deterministic behavior was enabled with either `torch.use_deterministic_algorithms(True)` or `at::Context::setDeterministicAlgorithms(true)`, but this operation is not deterministic because it uses CuBLAS and you have CUDA >= 10.2. To enable deterministic behavior in this case, you must set an environment variable before running your PyTorch application: CUBLAS_WORKSPACE_CONFIG=:4096:8 or CUBLAS_WORKSPACE_CONFIG=:16:8. For more information, go to https://docs.nvidia.com/cuda/cublas/index.html#cublasApi_reproducibility (Triggered internally at ../aten/src/ATen/Context.cpp:164.)
  context_layer = torch.matmul(attention_probs, value_layer)
/home/qujiaxiang/.conda/envs/rae/lib/python3.10/site-packages/torch/autograd/__init__.py:266: UserWarning: Deterministic behavior was enabled with either `torch.use_deterministic_algorithms(True)` or `at::Context::setDeterministicAlgorithms(true)`, but this operation is not deterministic because it uses CuBLAS and you have CUDA >= 10.2. To enable deterministic behavior in this case, you must set an environment variable before running your PyTorch application: CUBLAS_WORKSPACE_CONFIG=:4096:8 or CUBLAS_WORKSPACE_CONFIG=:16:8. For more information, go to https://docs.nvidia.com/cuda/cublas/index.html#cublasApi_reproducibility (Triggered internally at ../aten/src/ATen/Context.cpp:164.)
  Variable._execution_engine.run_backward(  # Calls into the C++ engine to run the backward pass
/home/qujiaxiang/.conda/envs/rae/lib/python3.10/site-packages/torch/autograd/__init__.py:266: UserWarning: Memory Efficient attention defaults to a non-deterministic algorithm. To explicitly enable determinism call torch.use_deterministic_algorithms(True, warn_only=False). (Triggered internally at ../aten/src/ATen/native/transformers/cuda/attention_backward.cu:449.)
  Variable._execution_engine.run_backward(  # Calls into the C++ engine to run the backward pass
/home/qujiaxiang/.conda/envs/rae/lib/python3.10/site-packages/torch/autograd/__init__.py:266: UserWarning: adaptive_avg_pool2d_backward_cuda does not have a deterministic implementation, but you set 'torch.use_deterministic_algorithms(True, warn_only=True)'. You can file an issue at https://github.com/pytorch/pytorch/issues to help us prioritize adding deterministic support for this operation. (Triggered internally at ../aten/src/ATen/Context.cpp:79.)
  Variable._execution_engine.run_backward(  # Calls into the C++ engine to run the backward pass
[val] step=00400 val_pair_total=0.000301 val_pair_velocity=0.000150 val_pair_endpoint=0.000150 val_rollout_total=0.001369 val_hop0_img_total=0.007740 val_hop0_img_l1=0.003048 val_hop0_img_ssim=0.016296 val_hop0_img_seam=0.006180 val_foc_total=0.000000 val_foc_gap=0.000000 val_chain_d20_mse=0.000257 val_chain_d10_mse=0.000245 val_chain_d4_mse=0.000225 val_chain_normal_mse=0.000230 val_chain_d20_raw_mse=nan val_chain_d10_raw_mse=nan val_chain_d4_raw_mse=nan val_chain_normal_raw_mse=nan val_rollout_step_0=0.001127 val_rollout_step_1=0.001308 val_rollout_step_2=0.001410 val_rollout_step_3=0.001709 val_chain_tail_mse=0.000233 val_chain_samples=512.000000 val_chain_unique_slices=512.000000 val_main_batches_evaluated=64.000000 val_hop0_batches_evaluated=64.000000 val_main_window_start_batch=0.000000 val_hop0_window_start_batch=0.000000 val_select_score=0.000786
[val] new best val_multi_objective(0.5*val_chain_d20_mse + 0.45*val_chain_d10_mse + 0.9*val_chain_d4_mse + 1.5*val_chain_normal_mse)=0.000786 at step=400
[val] step=00800 val_pair_total=0.000332 val_pair_velocity=0.000166 val_pair_endpoint=0.000166 val_rollout_total=0.001415 val_hop0_img_total=0.006955 val_hop0_img_l1=0.002780 val_hop0_img_ssim=0.014312 val_hop0_img_seam=0.005967 val_foc_total=0.000000 val_foc_gap=0.000000 val_chain_d20_mse=0.000430 val_chain_d10_mse=0.000405 val_chain_d4_mse=0.000372 val_chain_normal_mse=0.000370 val_chain_d20_raw_mse=nan val_chain_d10_raw_mse=nan val_chain_d4_raw_mse=nan val_chain_normal_raw_mse=nan val_rollout_step_0=0.001246 val_rollout_step_1=0.001371 val_rollout_step_2=0.001465 val_rollout_step_3=0.001635 val_chain_tail_mse=0.000382 val_chain_samples=512.000000 val_chain_unique_slices=512.000000 val_main_batches_evaluated=64.000000 val_hop0_batches_evaluated=64.000000 val_main_window_start_batch=64.000000 val_hop0_window_start_batch=64.000000 val_select_score=0.001286
[val] step=01200 val_pair_total=0.000325 val_pair_velocity=0.000163 val_pair_endpoint=0.000163 val_rollout_total=0.001413 val_hop0_img_total=0.006699 val_hop0_img_l1=0.002665 val_hop0_img_ssim=0.013911 val_hop0_img_seam=0.005561 val_foc_total=0.000000 val_foc_gap=0.000000 val_chain_d20_mse=0.000460 val_chain_d10_mse=0.000438 val_chain_d4_mse=0.000406 val_chain_normal_mse=0.000406 val_chain_d20_raw_mse=nan val_chain_d10_raw_mse=nan val_chain_d4_raw_mse=nan val_chain_normal_raw_mse=nan val_rollout_step_0=0.001220 val_rollout_step_1=0.001385 val_rollout_step_2=0.001466 val_rollout_step_3=0.001639 val_chain_tail_mse=0.000417 val_chain_samples=512.000000 val_chain_unique_slices=512.000000 val_main_batches_evaluated=64.000000 val_hop0_batches_evaluated=64.000000 val_main_window_start_batch=128.000000 val_hop0_window_start_batch=128.000000 val_select_score=0.001401
[val] step=01600 val_pair_total=0.000315 val_pair_velocity=0.000158 val_pair_endpoint=0.000158 val_rollout_total=0.001376 val_hop0_img_total=0.007283 val_hop0_img_l1=0.002880 val_hop0_img_ssim=0.015215 val_hop0_img_seam=0.005990 val_foc_total=0.000000 val_foc_gap=0.000000 val_chain_d20_mse=0.000315 val_chain_d10_mse=0.000309 val_chain_d4_mse=0.000290 val_chain_normal_mse=0.000297 val_chain_d20_raw_mse=nan val_chain_d10_raw_mse=nan val_chain_d4_raw_mse=nan val_chain_normal_raw_mse=nan val_rollout_step_0=0.001182 val_rollout_step_1=0.001381 val_rollout_step_2=0.001424 val_rollout_step_3=0.001567 val_chain_tail_mse=0.000298 val_chain_samples=512.000000 val_chain_unique_slices=512.000000 val_main_batches_evaluated=64.000000 val_hop0_batches_evaluated=64.000000 val_main_window_start_batch=192.000000 val_hop0_window_start_batch=192.000000 val_select_score=0.001003
[val] step=02000 val_pair_total=0.000243 val_pair_velocity=0.000121 val_pair_endpoint=0.000121 val_rollout_total=0.001143 val_hop0_img_total=0.007809 val_hop0_img_l1=0.003088 val_hop0_img_ssim=0.016360 val_hop0_img_seam=0.006309 val_foc_total=0.000000 val_foc_gap=0.000000 val_chain_d20_mse=0.000259 val_chain_d10_mse=0.000264 val_chain_d4_mse=0.000251 val_chain_normal_mse=0.000257 val_chain_d20_raw_mse=nan val_chain_d10_raw_mse=nan val_chain_d4_raw_mse=nan val_chain_normal_raw_mse=nan val_rollout_step_0=0.000911 val_rollout_step_1=0.001012 val_rollout_step_2=0.001174 val_rollout_step_3=0.001571 val_chain_tail_mse=0.000257 val_chain_samples=512.000000 val_chain_unique_slices=512.000000 val_main_batches_evaluated=64.000000 val_hop0_batches_evaluated=64.000000 val_main_window_start_batch=256.000000 val_hop0_window_start_batch=256.000000 val_select_score=0.000860
[val] step=02400 val_pair_total=0.000482 val_pair_velocity=0.000241 val_pair_endpoint=0.000241 val_rollout_total=0.002004 val_hop0_img_total=0.010728 val_hop0_img_l1=0.004245 val_hop0_img_ssim=0.022645 val_hop0_img_seam=0.008220 val_foc_total=0.000000 val_foc_gap=0.000000 val_chain_d20_mse=0.000643 val_chain_d10_mse=0.000588 val_chain_d4_mse=0.000523 val_chain_normal_mse=0.000500 val_chain_d20_raw_mse=nan val_chain_d10_raw_mse=nan val_chain_d4_raw_mse=nan val_chain_normal_raw_mse=nan val_rollout_step_0=0.001808 val_rollout_step_1=0.001957 val_rollout_step_2=0.002055 val_rollout_step_3=0.002258 val_chain_tail_mse=0.000537 val_chain_samples=512.000000 val_chain_unique_slices=512.000000 val_main_batches_evaluated=64.000000 val_hop0_batches_evaluated=64.000000 val_main_window_start_batch=320.000000 val_hop0_window_start_batch=320.000000 val_select_score=0.001807
[val] step=02800 val_pair_total=0.000435 val_pair_velocity=0.000217 val_pair_endpoint=0.000217 val_rollout_total=0.001829 val_hop0_img_total=0.010344 val_hop0_img_l1=0.004091 val_hop0_img_ssim=0.021837 val_hop0_img_seam=0.007941 val_foc_total=0.000000 val_foc_gap=0.000000 val_chain_d20_mse=0.000594 val_chain_d10_mse=0.000544 val_chain_d4_mse=0.000494 val_chain_normal_mse=0.000478 val_chain_d20_raw_mse=nan val_chain_d10_raw_mse=nan val_chain_d4_raw_mse=nan val_chain_normal_raw_mse=nan val_rollout_step_0=0.001631 val_rollout_step_1=0.001778 val_rollout_step_2=0.001905 val_rollout_step_3=0.002065 val_chain_tail_mse=0.000505 val_chain_samples=512.000000 val_chain_unique_slices=512.000000 val_main_batches_evaluated=64.000000 val_hop0_batches_evaluated=64.000000 val_main_window_start_batch=384.000000 val_hop0_window_start_batch=384.000000 val_select_score=0.001703
[val] step=03200 val_pair_total=0.000285 val_pair_velocity=0.000142 val_pair_endpoint=0.000142 val_rollout_total=0.001238 val_hop0_img_total=0.010893 val_hop0_img_l1=0.004317 val_hop0_img_ssim=0.022998 val_hop0_img_seam=0.008258 val_foc_total=0.000000 val_foc_gap=0.000000 val_chain_d20_mse=0.000407 val_chain_d10_mse=0.000406 val_chain_d4_mse=0.000398 val_chain_normal_mse=0.000409 val_chain_d20_raw_mse=nan val_chain_d10_raw_mse=nan val_chain_d4_raw_mse=nan val_chain_normal_raw_mse=nan val_rollout_step_0=0.001067 val_rollout_step_1=0.001201 val_rollout_step_2=0.001283 val_rollout_step_3=0.001453 val_chain_tail_mse=0.000404 val_chain_samples=512.000000 val_chain_unique_slices=512.000000 val_main_batches_evaluated=64.000000 val_hop0_batches_evaluated=64.000000 val_main_window_start_batch=448.000000 val_hop0_window_start_batch=448.000000 val_select_score=0.001358
[val] step=03600 val_pair_total=0.000200 val_pair_velocity=0.000100 val_pair_endpoint=0.000100 val_rollout_total=0.000891 val_hop0_img_total=0.011188 val_hop0_img_l1=0.004426 val_hop0_img_ssim=0.023673 val_hop0_img_seam=0.008431 val_foc_total=0.000000 val_foc_gap=0.000000 val_chain_d20_mse=0.000288 val_chain_d10_mse=0.000285 val_chain_d4_mse=0.000274 val_chain_normal_mse=0.000277 val_chain_d20_raw_mse=nan val_chain_d10_raw_mse=nan val_chain_d4_raw_mse=nan val_chain_normal_raw_mse=nan val_rollout_step_0=0.000750 val_rollout_step_1=0.000836 val_rollout_step_2=0.000910 val_rollout_step_3=0.001117 val_chain_tail_mse=0.000279 val_chain_samples=512.000000 val_chain_unique_slices=512.000000 val_main_batches_evaluated=64.000000 val_hop0_batches_evaluated=64.000000 val_main_window_start_batch=512.000000 val_hop0_window_start_batch=512.000000 val_select_score=0.000934
[val] step=04000 val_pair_total=0.000203 val_pair_velocity=0.000101 val_pair_endpoint=0.000101 val_rollout_total=0.000889 val_hop0_img_total=0.011908 val_hop0_img_l1=0.004740 val_hop0_img_ssim=0.024983 val_hop0_img_seam=0.009225 val_foc_total=0.000000 val_foc_gap=0.000000 val_chain_d20_mse=0.000266 val_chain_d10_mse=0.000261 val_chain_d4_mse=0.000248 val_chain_normal_mse=0.000253 val_chain_d20_raw_mse=nan val_chain_d10_raw_mse=nan val_chain_d4_raw_mse=nan val_chain_normal_raw_mse=nan val_rollout_step_0=0.000760 val_rollout_step_1=0.000855 val_rollout_step_2=0.000927 val_rollout_step_3=0.001055 val_chain_tail_mse=0.000254 val_chain_samples=512.000000 val_chain_unique_slices=512.000000 val_main_batches_evaluated=64.000000 val_hop0_batches_evaluated=64.000000 val_main_window_start_batch=576.000000 val_hop0_window_start_batch=576.000000 val_select_score=0.000853
[val] step=04400 val_pair_total=0.000222 val_pair_velocity=0.000111 val_pair_endpoint=0.000111 val_rollout_total=0.000933 val_hop0_img_total=0.009608 val_hop0_img_l1=0.003825 val_hop0_img_ssim=0.020170 val_hop0_img_seam=0.007406 val_foc_total=0.000000 val_foc_gap=0.000000 val_chain_d20_mse=0.000285 val_chain_d10_mse=0.000281 val_chain_d4_mse=0.000263 val_chain_normal_mse=0.000266 val_chain_d20_raw_mse=nan val_chain_d10_raw_mse=nan val_chain_d4_raw_mse=nan val_chain_normal_raw_mse=nan val_rollout_step_0=0.000834 val_rollout_step_1=0.000897 val_rollout_step_2=0.000963 val_rollout_step_3=0.001072 val_chain_tail_mse=0.000270 val_chain_samples=512.000000 val_chain_unique_slices=512.000000 val_main_batches_evaluated=64.000000 val_hop0_batches_evaluated=64.000000 val_main_window_start_batch=640.000000 val_hop0_window_start_batch=640.000000 val_select_score=0.000904
[val] step=04800 val_pair_total=0.000239 val_pair_velocity=0.000120 val_pair_endpoint=0.000120 val_rollout_total=0.001021 val_hop0_img_total=0.006464 val_hop0_img_l1=0.002615 val_hop0_img_ssim=0.013269 val_hop0_img_seam=0.005313 val_foc_total=0.000000 val_foc_gap=0.000000 val_chain_d20_mse=0.000334 val_chain_d10_mse=0.000331 val_chain_d4_mse=0.000314 val_chain_normal_mse=0.000316 val_chain_d20_raw_mse=nan val_chain_d10_raw_mse=nan val_chain_d4_raw_mse=nan val_chain_normal_raw_mse=nan val_rollout_step_0=0.000898 val_rollout_step_1=0.000981 val_rollout_step_2=0.001067 val_rollout_step_3=0.001181 val_chain_tail_mse=0.000321 val_chain_samples=512.000000 val_chain_unique_slices=512.000000 val_main_batches_evaluated=64.000000 val_hop0_batches_evaluated=64.000000 val_main_window_start_batch=704.000000 val_hop0_window_start_batch=704.000000 val_select_score=0.001073
[val] step=05200 val_pair_total=0.000217 val_pair_velocity=0.000109 val_pair_endpoint=0.000109 val_rollout_total=0.000929 val_hop0_img_total=0.006933 val_hop0_img_l1=0.002777 val_hop0_img_ssim=0.014394 val_hop0_img_seam=0.005565 val_foc_total=0.000000 val_foc_gap=0.000000 val_chain_d20_mse=0.000304 val_chain_d10_mse=0.000291 val_chain_d4_mse=0.000268 val_chain_normal_mse=0.000261 val_chain_d20_raw_mse=nan val_chain_d10_raw_mse=nan val_chain_d4_raw_mse=nan val_chain_normal_raw_mse=nan val_rollout_step_0=0.000815 val_rollout_step_1=0.000912 val_rollout_step_2=0.000961 val_rollout_step_3=0.001063 val_chain_tail_mse=0.000273 val_chain_samples=512.000000 val_chain_unique_slices=512.000000 val_main_batches_evaluated=64.000000 val_hop0_batches_evaluated=64.000000 val_main_window_start_batch=768.000000 val_hop0_window_start_batch=768.000000 val_select_score=0.000916
[val] step=05600 val_pair_total=0.000211 val_pair_velocity=0.000106 val_pair_endpoint=0.000106 val_rollout_total=0.000924 val_hop0_img_total=0.007376 val_hop0_img_l1=0.002973 val_hop0_img_ssim=0.015207 val_hop0_img_seam=0.006014 val_foc_total=0.000000 val_foc_gap=0.000000 val_chain_d20_mse=0.000237 val_chain_d10_mse=0.000238 val_chain_d4_mse=0.000232 val_chain_normal_mse=0.000234 val_chain_d20_raw_mse=nan val_chain_d10_raw_mse=nan val_chain_d4_raw_mse=nan val_chain_normal_raw_mse=nan val_rollout_step_0=0.000792 val_rollout_step_1=0.000915 val_rollout_step_2=0.000962 val_rollout_step_3=0.001064 val_chain_tail_mse=0.000235 val_chain_samples=512.000000 val_chain_unique_slices=512.000000 val_main_batches_evaluated=64.000000 val_hop0_batches_evaluated=64.000000 val_main_window_start_batch=832.000000 val_hop0_window_start_batch=832.000000 val_select_score=0.000785
[val] new best val_multi_objective(0.5*val_chain_d20_mse + 0.45*val_chain_d10_mse + 0.9*val_chain_d4_mse + 1.5*val_chain_normal_mse)=0.000785 at step=5600
[val] step=06000 val_pair_total=0.000112 val_pair_velocity=0.000056 val_pair_endpoint=0.000056 val_rollout_total=0.001231 val_hop0_img_total=0.007169 val_hop0_img_l1=0.002874 val_hop0_img_ssim=0.014865 val_hop0_img_seam=0.005785 val_foc_total=0.000000 val_foc_gap=0.000000 val_chain_d20_mse=0.000248 val_chain_d10_mse=0.000241 val_chain_d4_mse=0.000227 val_chain_normal_mse=0.000225 val_chain_d20_raw_mse=nan val_chain_d10_raw_mse=nan val_chain_d4_raw_mse=nan val_chain_normal_raw_mse=nan val_rollout_step_0=0.001044 val_rollout_step_1=0.001197 val_rollout_step_2=0.001292 val_rollout_step_3=0.001449 val_chain_tail_mse=0.000231 val_chain_samples=512.000000 val_chain_unique_slices=512.000000 val_main_batches_evaluated=64.000000 val_hop0_batches_evaluated=64.000000 val_main_window_start_batch=896.000000 val_hop0_window_start_batch=896.000000 val_select_score=0.000774
[val] new best val_multi_objective(0.5*val_chain_d20_mse + 0.45*val_chain_d10_mse + 0.9*val_chain_d4_mse + 1.5*val_chain_normal_mse)=0.000774 at step=6000
[val] step=06400 val_pair_total=0.000026 val_pair_velocity=0.000013 val_pair_endpoint=0.000013 val_rollout_total=0.001301 val_hop0_img_total=0.007600 val_hop0_img_l1=0.003075 val_hop0_img_ssim=0.015575 val_hop0_img_seam=0.006307 val_foc_total=0.000000 val_foc_gap=0.000000 val_chain_d20_mse=0.000320 val_chain_d10_mse=0.000302 val_chain_d4_mse=0.000277 val_chain_normal_mse=0.000265 val_chain_d20_raw_mse=nan val_chain_d10_raw_mse=nan val_chain_d4_raw_mse=nan val_chain_normal_raw_mse=nan val_rollout_step_0=0.001107 val_rollout_step_1=0.001284 val_rollout_step_2=0.001356 val_rollout_step_3=0.001515 val_chain_tail_mse=0.000281 val_chain_samples=512.000000 val_chain_unique_slices=512.000000 val_main_batches_evaluated=64.000000 val_hop0_batches_evaluated=64.000000 val_main_window_start_batch=960.000000 val_hop0_window_start_batch=960.000000 val_select_score=0.000941
[val] step=06800 val_pair_total=0.000030 val_pair_velocity=0.000015 val_pair_endpoint=0.000015 val_rollout_total=0.001408 val_hop0_img_total=0.005756 val_hop0_img_l1=0.002369 val_hop0_img_ssim=0.011625 val_hop0_img_seam=0.004810 val_foc_total=0.000000 val_foc_gap=0.000000 val_chain_d20_mse=0.000527 val_chain_d10_mse=0.000494 val_chain_d4_mse=0.000453 val_chain_normal_mse=0.000433 val_chain_d20_raw_mse=nan val_chain_d10_raw_mse=nan val_chain_d4_raw_mse=nan val_chain_normal_raw_mse=nan val_rollout_step_0=0.001253 val_rollout_step_1=0.001386 val_rollout_step_2=0.001471 val_rollout_step_3=0.001566 val_chain_tail_mse=0.000460 val_chain_samples=512.000000 val_chain_unique_slices=512.000000 val_main_batches_evaluated=64.000000 val_hop0_batches_evaluated=64.000000 val_main_window_start_batch=1024.000000 val_hop0_window_start_batch=1024.000000 val_select_score=0.001543
[val] step=07200 val_pair_total=0.000029 val_pair_velocity=0.000014 val_pair_endpoint=0.000014 val_rollout_total=0.001419 val_hop0_img_total=0.006034 val_hop0_img_l1=0.002508 val_hop0_img_ssim=0.011981 val_hop0_img_seam=0.005308 val_foc_total=0.000000 val_foc_gap=0.000000 val_chain_d20_mse=0.000321 val_chain_d10_mse=0.000308 val_chain_d4_mse=0.000291 val_chain_normal_mse=0.000286 val_chain_d20_raw_mse=nan val_chain_d10_raw_mse=nan val_chain_d4_raw_mse=nan val_chain_normal_raw_mse=nan val_rollout_step_0=0.001232 val_rollout_step_1=0.001430 val_rollout_step_2=0.001481 val_rollout_step_3=0.001580 val_chain_tail_mse=0.000295 val_chain_samples=512.000000 val_chain_unique_slices=512.000000 val_main_batches_evaluated=64.000000 val_hop0_batches_evaluated=64.000000 val_main_window_start_batch=1088.000000 val_hop0_window_start_batch=1088.000000 val_select_score=0.000991
[val] step=07600 val_pair_total=0.000024 val_pair_velocity=0.000012 val_pair_endpoint=0.000012 val_rollout_total=0.001161 val_hop0_img_total=0.005980 val_hop0_img_l1=0.002487 val_hop0_img_ssim=0.011897 val_hop0_img_seam=0.005190 val_foc_total=0.000000 val_foc_gap=0.000000 val_chain_d20_mse=0.000284 val_chain_d10_mse=0.000282 val_chain_d4_mse=0.000266 val_chain_normal_mse=0.000262 val_chain_d20_raw_mse=nan val_chain_d10_raw_mse=nan val_chain_d4_raw_mse=nan val_chain_normal_raw_mse=nan val_rollout_step_0=0.000969 val_rollout_step_1=0.001098 val_rollout_step_2=0.001212 val_rollout_step_3=0.001430 val_chain_tail_mse=0.000270 val_chain_samples=512.000000 val_chain_unique_slices=512.000000 val_main_batches_evaluated=64.000000 val_hop0_batches_evaluated=64.000000 val_main_window_start_batch=1152.000000 val_hop0_window_start_batch=1152.000000 val_select_score=0.000902
[val] step=08000 val_pair_total=0.000033 val_pair_velocity=0.000016 val_pair_endpoint=0.000016 val_rollout_total=0.001515 val_hop0_img_total=0.006351 val_hop0_img_l1=0.002653 val_hop0_img_ssim=0.012602 val_hop0_img_seam=0.005467 val_foc_total=0.000000 val_foc_gap=0.000000 val_chain_d20_mse=0.000443 val_chain_d10_mse=0.000421 val_chain_d4_mse=0.000385 val_chain_normal_mse=0.000370 val_chain_d20_raw_mse=nan val_chain_d10_raw_mse=nan val_chain_d4_raw_mse=nan val_chain_normal_raw_mse=nan val_rollout_step_0=0.001318 val_rollout_step_1=0.001421 val_rollout_step_2=0.001566 val_rollout_step_3=0.001827 val_chain_tail_mse=0.000392 val_chain_samples=512.000000 val_chain_unique_slices=512.000000 val_main_batches_evaluated=64.000000 val_hop0_batches_evaluated=64.000000 val_main_window_start_batch=1216.000000 val_hop0_window_start_batch=1216.000000 val_select_score=0.001313
[val] step=08400 val_pair_total=0.000053 val_pair_velocity=0.000027 val_pair_endpoint=0.000027 val_rollout_total=0.002240 val_hop0_img_total=0.006381 val_hop0_img_l1=0.002659 val_hop0_img_ssim=0.012662 val_hop0_img_seam=0.005568 val_foc_total=0.000000 val_foc_gap=0.000000 val_chain_d20_mse=0.000742 val_chain_d10_mse=0.000659 val_chain_d4_mse=0.000578 val_chain_normal_mse=0.000534 val_chain_d20_raw_mse=nan val_chain_d10_raw_mse=nan val_chain_d4_raw_mse=nan val_chain_normal_raw_mse=nan val_rollout_step_0=0.002038 val_rollout_step_1=0.002218 val_rollout_step_2=0.002327 val_rollout_step_3=0.002432 val_chain_tail_mse=0.000590 val_chain_samples=512.000000 val_chain_unique_slices=512.000000 val_main_batches_evaluated=64.000000 val_hop0_batches_evaluated=64.000000 val_main_window_start_batch=1280.000000 val_hop0_window_start_batch=1280.000000 val_select_score=0.001988
[val] step=08800 val_pair_total=0.000028 val_pair_velocity=0.000014 val_pair_endpoint=0.000014 val_rollout_total=0.001238 val_hop0_img_total=0.013846 val_hop0_img_l1=0.005396 val_hop0_img_ssim=0.030024 val_hop0_img_seam=0.009444 val_foc_total=0.000000 val_foc_gap=0.000000 val_chain_d20_mse=0.000398 val_chain_d10_mse=0.000390 val_chain_d4_mse=0.000380 val_chain_normal_mse=0.000381 val_chain_d20_raw_mse=nan val_chain_d10_raw_mse=nan val_chain_d4_raw_mse=nan val_chain_normal_raw_mse=nan val_rollout_step_0=0.001065 val_rollout_step_1=0.001217 val_rollout_step_2=0.001304 val_rollout_step_3=0.001418 val_chain_tail_mse=0.000384 val_chain_samples=512.000000 val_chain_unique_slices=512.000000 val_main_batches_evaluated=64.000000 val_hop0_batches_evaluated=64.000000 val_main_window_start_batch=1344.000000 val_hop0_window_start_batch=1344.000000 val_select_score=0.001288
[val] step=09200 val_pair_total=0.000020 val_pair_velocity=0.000010 val_pair_endpoint=0.000010 val_rollout_total=0.001029 val_hop0_img_total=0.012783 val_hop0_img_l1=0.005066 val_hop0_img_ssim=0.027090 val_hop0_img_seam=0.009450 val_foc_total=0.000000 val_foc_gap=0.000000 val_chain_d20_mse=0.000333 val_chain_d10_mse=0.000332 val_chain_d4_mse=0.000323 val_chain_normal_mse=0.000324 val_chain_d20_raw_mse=nan val_chain_d10_raw_mse=nan val_chain_d4_raw_mse=nan val_chain_normal_raw_mse=nan val_rollout_step_0=0.000890 val_rollout_step_1=0.000990 val_rollout_step_2=0.001059 val_rollout_step_3=0.001222 val_chain_tail_mse=0.000326 val_chain_samples=512.000000 val_chain_unique_slices=512.000000 val_main_batches_evaluated=64.000000 val_hop0_batches_evaluated=64.000000 val_main_window_start_batch=1408.000000 val_hop0_window_start_batch=1408.000000 val_select_score=0.001092
[val] step=09600 val_pair_total=0.000017 val_pair_velocity=0.000008 val_pair_endpoint=0.000008 val_rollout_total=0.000898 val_hop0_img_total=0.012326 val_hop0_img_l1=0.004836 val_hop0_img_ssim=0.026518 val_hop0_img_seam=0.008613 val_foc_total=0.000000 val_foc_gap=0.000000 val_chain_d20_mse=0.000296 val_chain_d10_mse=0.000292 val_chain_d4_mse=0.000282 val_chain_normal_mse=0.000282 val_chain_d20_raw_mse=nan val_chain_d10_raw_mse=nan val_chain_d4_raw_mse=nan val_chain_normal_raw_mse=nan val_rollout_step_0=0.000776 val_rollout_step_1=0.000854 val_rollout_step_2=0.000932 val_rollout_step_3=0.001075 val_chain_tail_mse=0.000285 val_chain_samples=512.000000 val_chain_unique_slices=512.000000 val_main_batches_evaluated=64.000000 val_hop0_batches_evaluated=64.000000 val_main_window_start_batch=1472.000000 val_hop0_window_start_batch=1472.000000 val_select_score=0.000956
[val] step=10000 val_pair_total=0.000016 val_pair_velocity=0.000008 val_pair_endpoint=0.000008 val_rollout_total=0.000813 val_hop0_img_total=0.012897 val_hop0_img_l1=0.005039 val_hop0_img_ssim=0.027903 val_hop0_img_seam=0.008819 val_foc_total=0.000000 val_foc_gap=0.000000 val_chain_d20_mse=0.000253 val_chain_d10_mse=0.000246 val_chain_d4_mse=0.000234 val_chain_normal_mse=0.000235 val_chain_d20_raw_mse=nan val_chain_d10_raw_mse=nan val_chain_d4_raw_mse=nan val_chain_normal_raw_mse=nan val_rollout_step_0=0.000714 val_rollout_step_1=0.000798 val_rollout_step_2=0.000852 val_rollout_step_3=0.000915 val_chain_tail_mse=0.000238 val_chain_samples=512.000000 val_chain_unique_slices=512.000000 val_main_batches_evaluated=64.000000 val_hop0_batches_evaluated=64.000000 val_main_window_start_batch=1536.000000 val_hop0_window_start_batch=1536.000000 val_select_score=0.000800
[val] step=10400 val_pair_total=0.000024 val_pair_velocity=0.000012 val_pair_endpoint=0.000012 val_rollout_total=0.001076 val_hop0_img_total=0.014014 val_hop0_img_l1=0.005489 val_hop0_img_ssim=0.030196 val_hop0_img_seam=0.009760 val_foc_total=0.000000 val_foc_gap=0.000000 val_chain_d20_mse=0.000325 val_chain_d10_mse=0.000318 val_chain_d4_mse=0.000299 val_chain_normal_mse=0.000297 val_chain_d20_raw_mse=nan val_chain_d10_raw_mse=nan val_chain_d4_raw_mse=nan val_chain_normal_raw_mse=nan val_rollout_step_0=0.000962 val_rollout_step_1=0.001029 val_rollout_step_2=0.001127 val_rollout_step_3=0.001227 val_chain_tail_mse=0.000304 val_chain_samples=512.000000 val_chain_unique_slices=512.000000 val_main_batches_evaluated=64.000000 val_hop0_batches_evaluated=64.000000 val_main_window_start_batch=1600.000000 val_hop0_window_start_batch=1600.000000 val_select_score=0.001020
[val] step=10800 val_pair_total=0.000020 val_pair_velocity=0.000010 val_pair_endpoint=0.000010 val_rollout_total=0.000959 val_hop0_img_total=0.009967 val_hop0_img_l1=0.004040 val_hop0_img_ssim=0.020619 val_hop0_img_seam=0.007727 val_foc_total=0.000000 val_foc_gap=0.000000 val_chain_d20_mse=0.000324 val_chain_d10_mse=0.000314 val_chain_d4_mse=0.000296 val_chain_normal_mse=0.000292 val_chain_d20_raw_mse=nan val_chain_d10_raw_mse=nan val_chain_d4_raw_mse=nan val_chain_normal_raw_mse=nan val_rollout_step_0=0.000838 val_rollout_step_1=0.000943 val_rollout_step_2=0.000998 val_rollout_step_3=0.001091 val_chain_tail_mse=0.000301 val_chain_samples=512.000000 val_chain_unique_slices=512.000000 val_main_batches_evaluated=64.000000 val_hop0_batches_evaluated=64.000000 val_main_window_start_batch=1664.000000 val_hop0_window_start_batch=1664.000000 val_select_score=0.001008
[val] step=11200 val_pair_total=0.000018 val_pair_velocity=0.000009 val_pair_endpoint=0.000009 val_rollout_total=0.000928 val_hop0_img_total=0.007719 val_hop0_img_l1=0.003200 val_hop0_img_ssim=0.015566 val_hop0_img_seam=0.006271 val_foc_total=0.000000 val_foc_gap=0.000000 val_chain_d20_mse=0.000275 val_chain_d10_mse=0.000270 val_chain_d4_mse=0.000258 val_chain_normal_mse=0.000259 val_chain_d20_raw_mse=nan val_chain_d10_raw_mse=nan val_chain_d4_raw_mse=nan val_chain_normal_raw_mse=nan val_rollout_step_0=0.000816 val_rollout_step_1=0.000921 val_rollout_step_2=0.000961 val_rollout_step_3=0.001045 val_chain_tail_mse=0.000262 val_chain_samples=512.000000 val_chain_unique_slices=512.000000 val_main_batches_evaluated=64.000000 val_hop0_batches_evaluated=64.000000 val_main_window_start_batch=1728.000000 val_hop0_window_start_batch=1728.000000 val_select_score=0.000879
[val] step=11600 val_pair_total=0.000017 val_pair_velocity=0.000009 val_pair_endpoint=0.000009 val_rollout_total=0.000935 val_hop0_img_total=0.008346 val_hop0_img_l1=0.003459 val_hop0_img_ssim=0.016860 val_hop0_img_seam=0.006722 val_foc_total=0.000000 val_foc_gap=0.000000 val_chain_d20_mse=0.000239 val_chain_d10_mse=0.000238 val_chain_d4_mse=0.000231 val_chain_normal_mse=0.000235 val_chain_d20_raw_mse=nan val_chain_d10_raw_mse=nan val_chain_d4_raw_mse=nan val_chain_normal_raw_mse=nan val_rollout_step_0=0.000781 val_rollout_step_1=0.000920 val_rollout_step_2=0.000988 val_rollout_step_3=0.001094 val_chain_tail_mse=0.000235 val_chain_samples=512.000000 val_chain_unique_slices=512.000000 val_main_batches_evaluated=64.000000 val_hop0_batches_evaluated=64.000000 val_main_window_start_batch=1792.000000 val_hop0_window_start_batch=1792.000000 val_select_score=0.000786
[val] step=12000 val_pair_total=0.000002 val_pair_velocity=0.000001 val_pair_endpoint=0.000001 val_rollout_total=0.001337 val_hop0_img_total=0.008362 val_hop0_img_l1=0.003472 val_hop0_img_ssim=0.016812 val_hop0_img_seam=0.006873 val_foc_total=0.000000 val_foc_gap=0.000000 val_chain_d20_mse=0.000258 val_chain_d10_mse=0.000243 val_chain_d4_mse=0.000222 val_chain_normal_mse=0.000217 val_chain_d20_raw_mse=nan val_chain_d10_raw_mse=nan val_chain_d4_raw_mse=nan val_chain_normal_raw_mse=nan val_rollout_step_0=0.001132 val_rollout_step_1=0.001308 val_rollout_step_2=0.001388 val_rollout_step_3=0.001583 val_chain_tail_mse=0.000227 val_chain_samples=512.000000 val_chain_unique_slices=512.000000 val_main_batches_evaluated=64.000000 val_hop0_batches_evaluated=64.000000 val_main_window_start_batch=1856.000000 val_hop0_window_start_batch=1856.000000 val_select_score=0.000763
[val] new best val_multi_objective(0.5*val_chain_d20_mse + 0.45*val_chain_d10_mse + 0.9*val_chain_d4_mse + 1.5*val_chain_normal_mse)=0.000763 at step=12000
[val] step=12400 val_pair_total=0.000002 val_pair_velocity=0.000001 val_pair_endpoint=0.000001 val_rollout_total=0.001425 val_hop0_img_total=0.008951 val_hop0_img_l1=0.003757 val_hop0_img_ssim=0.017668 val_hop0_img_seam=0.007766 val_foc_total=0.000000 val_foc_gap=0.000000 val_chain_d20_mse=0.000452 val_chain_d10_mse=0.000420 val_chain_d4_mse=0.000386 val_chain_normal_mse=0.000377 val_chain_d20_raw_mse=nan val_chain_d10_raw_mse=nan val_chain_d4_raw_mse=nan val_chain_normal_raw_mse=nan val_rollout_step_0=0.001279 val_rollout_step_1=0.001398 val_rollout_step_2=0.001485 val_rollout_step_3=0.001583 val_chain_tail_mse=0.000394 val_chain_samples=512.000000 val_chain_unique_slices=512.000000 val_main_batches_evaluated=64.000000 val_hop0_batches_evaluated=64.000000 val_main_window_start_batch=1920.000000 val_hop0_window_start_batch=1920.000000 val_select_score=0.001328
[val] step=12800 val_pair_total=0.000002 val_pair_velocity=0.000001 val_pair_endpoint=0.000001 val_rollout_total=0.001351 val_hop0_img_total=0.008153 val_hop0_img_l1=0.003338 val_hop0_img_ssim=0.016676 val_hop0_img_seam=0.006459 val_foc_total=0.000000 val_foc_gap=0.000000 val_chain_d20_mse=0.000439 val_chain_d10_mse=0.000418 val_chain_d4_mse=0.000392 val_chain_normal_mse=0.000391 val_chain_d20_raw_mse=nan val_chain_d10_raw_mse=nan val_chain_d4_raw_mse=nan val_chain_normal_raw_mse=nan val_rollout_step_0=0.001167 val_rollout_step_1=0.001341 val_rollout_step_2=0.001418 val_rollout_step_3=0.001530 val_chain_tail_mse=0.000400 val_chain_samples=512.000000 val_chain_unique_slices=512.000000 val_main_batches_evaluated=64.000000 val_hop0_batches_evaluated=64.000000 val_main_window_start_batch=1984.000000 val_hop0_window_start_batch=1984.000000 val_select_score=0.001347
[val] step=13200 val_pair_total=0.000002 val_pair_velocity=0.000001 val_pair_endpoint=0.000001 val_rollout_total=0.001342 val_hop0_img_total=0.006278 val_hop0_img_l1=0.002591 val_hop0_img_ssim=0.012714 val_hop0_img_seam=0.005077 val_foc_total=0.000000 val_foc_gap=0.000000 val_chain_d20_mse=0.000317 val_chain_d10_mse=0.000307 val_chain_d4_mse=0.000289 val_chain_normal_mse=0.000294 val_chain_d20_raw_mse=nan val_chain_d10_raw_mse=nan val_chain_d4_raw_mse=nan val_chain_normal_raw_mse=nan val_rollout_step_0=0.001162 val_rollout_step_1=0.001353 val_rollout_step_2=0.001397 val_rollout_step_3=0.001505 val_chain_tail_mse=0.000297 val_chain_samples=512.000000 val_chain_unique_slices=512.000000 val_main_batches_evaluated=64.000000 val_hop0_batches_evaluated=64.000000 val_main_window_start_batch=2048.000000 val_hop0_window_start_batch=2048.000000 val_select_score=0.000998
[val] step=13600 val_pair_total=0.000002 val_pair_velocity=0.000001 val_pair_endpoint=0.000001 val_rollout_total=0.001106 val_hop0_img_total=0.006811 val_hop0_img_l1=0.002812 val_hop0_img_ssim=0.013796 val_hop0_img_seam=0.005491 val_foc_total=0.000000 val_foc_gap=0.000000 val_chain_d20_mse=0.000268 val_chain_d10_mse=0.000272 val_chain_d4_mse=0.000261 val_chain_normal_mse=0.000269 val_chain_d20_raw_mse=nan val_chain_d10_raw_mse=nan val_chain_d4_raw_mse=nan val_chain_normal_raw_mse=nan val_rollout_step_0=0.000889 val_rollout_step_1=0.000976 val_rollout_step_2=0.001147 val_rollout_step_3=0.001501 val_chain_tail_mse=0.000267 val_chain_samples=512.000000 val_chain_unique_slices=512.000000 val_main_batches_evaluated=64.000000 val_hop0_batches_evaluated=64.000000 val_main_window_start_batch=2112.000000 val_hop0_window_start_batch=2112.000000 val_select_score=0.000895
[val] step=14000 val_pair_total=0.000003 val_pair_velocity=0.000002 val_pair_endpoint=0.000002 val_rollout_total=0.002124 val_hop0_img_total=0.007206 val_hop0_img_l1=0.002994 val_hop0_img_ssim=0.014465 val_hop0_img_seam=0.005956 val_foc_total=0.000000 val_foc_gap=0.000000 val_chain_d20_mse=0.000680 val_chain_d10_mse=0.000616 val_chain_d4_mse=0.000548 val_chain_normal_mse=0.000534 val_chain_d20_raw_mse=nan val_chain_d10_raw_mse=nan val_chain_d4_raw_mse=nan val_chain_normal_raw_mse=nan val_rollout_step_0=0.001920 val_rollout_step_1=0.002082 val_rollout_step_2=0.002191 val_rollout_step_3=0.002364 val_chain_tail_mse=0.000566 val_chain_samples=512.000000 val_chain_unique_slices=512.000000 val_main_batches_evaluated=64.000000 val_hop0_batches_evaluated=64.000000 val_main_window_start_batch=2176.000000 val_hop0_window_start_batch=2176.000000 val_select_score=0.001911
[val] step=14400 val_pair_total=0.000003 val_pair_velocity=0.000001 val_pair_endpoint=0.000001 val_rollout_total=0.001706 val_hop0_img_total=0.006992 val_hop0_img_l1=0.002872 val_hop0_img_ssim=0.014279 val_hop0_img_seam=0.005504 val_foc_total=0.000000 val_foc_gap=0.000000 val_chain_d20_mse=0.000576 val_chain_d10_mse=0.000532 val_chain_d4_mse=0.000491 val_chain_normal_mse=0.000499 val_chain_d20_raw_mse=nan val_chain_d10_raw_mse=nan val_chain_d4_raw_mse=nan val_chain_normal_raw_mse=nan val_rollout_step_0=0.001518 val_rollout_step_1=0.001665 val_rollout_step_2=0.001773 val_rollout_step_3=0.001925 val_chain_tail_mse=0.000507 val_chain_samples=512.000000 val_chain_unique_slices=512.000000 val_main_batches_evaluated=64.000000 val_hop0_batches_evaluated=64.000000 val_main_window_start_batch=2240.000000 val_hop0_window_start_batch=2240.000000 val_select_score=0.001718
[val] step=14800 val_pair_total=0.000002 val_pair_velocity=0.000001 val_pair_endpoint=0.000001 val_rollout_total=0.001173 val_hop0_img_total=0.007591 val_hop0_img_l1=0.003110 val_hop0_img_ssim=0.015490 val_hop0_img_seam=0.006082 val_foc_total=0.000000 val_foc_gap=0.000000 val_chain_d20_mse=0.000392 val_chain_d10_mse=0.000394 val_chain_d4_mse=0.000394 val_chain_normal_mse=0.000425 val_chain_d20_raw_mse=nan val_chain_d10_raw_mse=nan val_chain_d4_raw_mse=nan val_chain_normal_raw_mse=nan val_rollout_step_0=0.001015 val_rollout_step_1=0.001131 val_rollout_step_2=0.001215 val_rollout_step_3=0.001383 val_chain_tail_mse=0.000404 val_chain_samples=512.000000 val_chain_unique_slices=512.000000 val_main_batches_evaluated=64.000000 val_hop0_batches_evaluated=64.000000 val_main_window_start_batch=2304.000000 val_hop0_window_start_batch=2304.000000 val_select_score=0.001365
[val] step=15200 val_pair_total=0.000001 val_pair_velocity=0.000001 val_pair_endpoint=0.000001 val_rollout_total=0.000896 val_hop0_img_total=0.006077 val_hop0_img_l1=0.002450 val_hop0_img_ssim=0.012578 val_hop0_img_seam=0.004828 val_foc_total=0.000000 val_foc_gap=0.000000 val_chain_d20_mse=0.000305 val_chain_d10_mse=0.000303 val_chain_d4_mse=0.000299 val_chain_normal_mse=0.000324 val_chain_d20_raw_mse=nan val_chain_d10_raw_mse=nan val_chain_d4_raw_mse=nan val_chain_normal_raw_mse=nan val_rollout_step_0=0.000759 val_rollout_step_1=0.000835 val_rollout_step_2=0.000910 val_rollout_step_3=0.001129 val_chain_tail_mse=0.000308 val_chain_samples=512.000000 val_chain_unique_slices=512.000000 val_main_batches_evaluated=64.000000 val_hop0_batches_evaluated=64.000000 val_main_window_start_batch=2368.000000 val_hop0_window_start_batch=2368.000000 val_select_score=0.001043
[val] step=15600 val_pair_total=0.000001 val_pair_velocity=0.000001 val_pair_endpoint=0.000001 val_rollout_total=0.000857 val_hop0_img_total=0.005782 val_hop0_img_l1=0.002361 val_hop0_img_ssim=0.011785 val_hop0_img_seam=0.004742 val_foc_total=0.000000 val_foc_gap=0.000000 val_chain_d20_mse=0.000258 val_chain_d10_mse=0.000251 val_chain_d4_mse=0.000245 val_chain_normal_mse=0.000267 val_chain_d20_raw_mse=nan val_chain_d10_raw_mse=nan val_chain_d4_raw_mse=nan val_chain_normal_raw_mse=nan val_rollout_step_0=0.000727 val_rollout_step_1=0.000824 val_rollout_step_2=0.000901 val_rollout_step_3=0.001015 val_chain_tail_mse=0.000254 val_chain_samples=512.000000 val_chain_unique_slices=512.000000 val_main_batches_evaluated=64.000000 val_hop0_batches_evaluated=64.000000 val_main_window_start_batch=2432.000000 val_hop0_window_start_batch=2432.000000 val_select_score=0.000863
[val] step=16000 val_pair_total=0.000001 val_pair_velocity=0.000001 val_pair_endpoint=0.000001 val_rollout_total=0.000946 val_hop0_img_total=0.005779 val_hop0_img_l1=0.002338 val_hop0_img_ssim=0.011915 val_hop0_img_seam=0.004625 val_foc_total=0.000000 val_foc_gap=0.000000 val_chain_d20_mse=0.000291 val_chain_d10_mse=0.000285 val_chain_d4_mse=0.000276 val_chain_normal_mse=0.000299 val_chain_d20_raw_mse=nan val_chain_d10_raw_mse=nan val_chain_d4_raw_mse=nan val_chain_normal_raw_mse=nan val_rollout_step_0=0.000843 val_rollout_step_1=0.000902 val_rollout_step_2=0.000978 val_rollout_step_3=0.001099 val_chain_tail_mse=0.000287 val_chain_samples=512.000000 val_chain_unique_slices=512.000000 val_main_batches_evaluated=64.000000 val_hop0_batches_evaluated=64.000000 val_main_window_start_batch=2496.000000 val_hop0_window_start_batch=2496.000000 val_select_score=0.000971
[val] step=16400 val_pair_total=0.000002 val_pair_velocity=0.000001 val_pair_endpoint=0.000001 val_rollout_total=0.001025 val_hop0_img_total=0.005931 val_hop0_img_l1=0.002396 val_hop0_img_ssim=0.012282 val_hop0_img_seam=0.004646 val_foc_total=0.000000 val_foc_gap=0.000000 val_chain_d20_mse=0.000348 val_chain_d10_mse=0.000344 val_chain_d4_mse=0.000335 val_chain_normal_mse=0.000361 val_chain_d20_raw_mse=nan val_chain_d10_raw_mse=nan val_chain_d4_raw_mse=nan val_chain_normal_raw_mse=nan val_rollout_step_0=0.000893 val_rollout_step_1=0.000982 val_rollout_step_2=0.001067 val_rollout_step_3=0.001201 val_chain_tail_mse=0.000347 val_chain_samples=512.000000 val_chain_unique_slices=512.000000 val_main_batches_evaluated=64.000000 val_hop0_batches_evaluated=64.000000 val_main_window_start_batch=2560.000000 val_hop0_window_start_batch=2560.000000 val_select_score=0.001172
[val] step=16800 val_pair_total=0.000001 val_pair_velocity=0.000001 val_pair_endpoint=0.000001 val_rollout_total=0.000927 val_hop0_img_total=0.006372 val_hop0_img_l1=0.002558 val_hop0_img_ssim=0.013255 val_hop0_img_seam=0.005008 val_foc_total=0.000000 val_foc_gap=0.000000 val_chain_d20_mse=0.000307 val_chain_d10_mse=0.000296 val_chain_d4_mse=0.000285 val_chain_normal_mse=0.000308 val_chain_d20_raw_mse=nan val_chain_d10_raw_mse=nan val_chain_d4_raw_mse=nan val_chain_normal_raw_mse=nan val_rollout_step_0=0.000806 val_rollout_step_1=0.000902 val_rollout_step_2=0.000956 val_rollout_step_3=0.001083 val_chain_tail_mse=0.000296 val_chain_samples=512.000000 val_chain_unique_slices=512.000000 val_main_batches_evaluated=64.000000 val_hop0_batches_evaluated=64.000000 val_main_window_start_batch=2624.000000 val_hop0_window_start_batch=2624.000000 val_select_score=0.001005
[val] step=17200 val_pair_total=0.000001 val_pair_velocity=0.000001 val_pair_endpoint=0.000001 val_rollout_total=0.000913 val_hop0_img_total=0.007508 val_hop0_img_l1=0.003052 val_hop0_img_ssim=0.015538 val_hop0_img_seam=0.005709 val_foc_total=0.000000 val_foc_gap=0.000000 val_chain_d20_mse=0.000232 val_chain_d10_mse=0.000233 val_chain_d4_mse=0.000235 val_chain_normal_mse=0.000263 val_chain_d20_raw_mse=nan val_chain_d10_raw_mse=nan val_chain_d4_raw_mse=nan val_chain_normal_raw_mse=nan val_rollout_step_0=0.000768 val_rollout_step_1=0.000898 val_rollout_step_2=0.000950 val_rollout_step_3=0.001081 val_chain_tail_mse=0.000244 val_chain_samples=512.000000 val_chain_unique_slices=512.000000 val_main_batches_evaluated=64.000000 val_hop0_batches_evaluated=64.000000 val_main_window_start_batch=2688.000000 val_hop0_window_start_batch=2688.000000 val_select_score=0.000828
[val] step=17600 val_pair_total=0.000001 val_pair_velocity=0.000000 val_pair_endpoint=0.000000 val_rollout_total=0.001235 val_hop0_img_total=0.007710 val_hop0_img_l1=0.003150 val_hop0_img_ssim=0.015814 val_hop0_img_seam=0.006064 val_foc_total=0.000000 val_foc_gap=0.000000 val_chain_d20_mse=0.000258 val_chain_d10_mse=0.000251 val_chain_d4_mse=0.000240 val_chain_normal_mse=0.000260 val_chain_d20_raw_mse=nan val_chain_d10_raw_mse=nan val_chain_d4_raw_mse=nan val_chain_normal_raw_mse=nan val_rollout_step_0=0.001044 val_rollout_step_1=0.001184 val_rollout_step_2=0.001286 val_rollout_step_3=0.001488 val_chain_tail_mse=0.000250 val_chain_samples=512.000000 val_chain_unique_slices=512.000000 val_main_batches_evaluated=64.000000 val_hop0_batches_evaluated=64.000000 val_main_window_start_batch=2752.000000 val_hop0_window_start_batch=2752.000000 val_select_score=0.000848
[val] step=18000 val_pair_total=0.000000 val_pair_velocity=0.000000 val_pair_endpoint=0.000000 val_rollout_total=0.001317 val_hop0_img_total=0.006938 val_hop0_img_l1=0.002840 val_hop0_img_ssim=0.014208 val_hop0_img_seam=0.005466 val_foc_total=0.000000 val_foc_gap=0.000000 val_chain_d20_mse=0.000347 val_chain_d10_mse=0.000329 val_chain_d4_mse=0.000314 val_chain_normal_mse=0.000336 val_chain_d20_raw_mse=nan val_chain_d10_raw_mse=nan val_chain_d4_raw_mse=nan val_chain_normal_raw_mse=nan val_rollout_step_0=0.001118 val_rollout_step_1=0.001281 val_rollout_step_2=0.001366 val_rollout_step_3=0.001565 val_chain_tail_mse=0.000327 val_chain_samples=512.000000 val_chain_unique_slices=512.000000 val_main_batches_evaluated=64.000000 val_hop0_batches_evaluated=64.000000 val_main_window_start_batch=2816.000000 val_hop0_window_start_batch=2816.000000 val_select_score=0.001109
[val] step=18400 val_pair_total=0.000000 val_pair_velocity=0.000000 val_pair_endpoint=0.000000 val_rollout_total=0.001402 val_hop0_img_total=0.007764 val_hop0_img_l1=0.003166 val_hop0_img_ssim=0.015946 val_hop0_img_seam=0.006114 val_foc_total=0.000000 val_foc_gap=0.000000 val_chain_d20_mse=0.000535 val_chain_d10_mse=0.000505 val_chain_d4_mse=0.000487 val_chain_normal_mse=0.000529 val_chain_d20_raw_mse=nan val_chain_d10_raw_mse=nan val_chain_d4_raw_mse=nan val_chain_normal_raw_mse=nan val_rollout_step_0=0.001234 val_rollout_step_1=0.001364 val_rollout_step_2=0.001460 val_rollout_step_3=0.001602 val_chain_tail_mse=0.000507 val_chain_samples=512.000000 val_chain_unique_slices=512.000000 val_main_batches_evaluated=64.000000 val_hop0_batches_evaluated=64.000000 val_main_window_start_batch=2880.000000 val_hop0_window_start_batch=2880.000000 val_select_score=0.001727
[val] step=18800 val_pair_total=0.000000 val_pair_velocity=0.000000 val_pair_endpoint=0.000000 val_rollout_total=0.001385 val_hop0_img_total=0.008104 val_hop0_img_l1=0.003330 val_hop0_img_ssim=0.016512 val_hop0_img_seam=0.006468 val_foc_total=0.000000 val_foc_gap=0.000000 val_chain_d20_mse=0.000309 val_chain_d10_mse=0.000299 val_chain_d4_mse=0.000292 val_chain_normal_mse=0.000331 val_chain_d20_raw_mse=nan val_chain_d10_raw_mse=nan val_chain_d4_raw_mse=nan val_chain_normal_raw_mse=nan val_rollout_step_0=0.001182 val_rollout_step_1=0.001387 val_rollout_step_2=0.001435 val_rollout_step_3=0.001590 val_chain_tail_mse=0.000307 val_chain_samples=512.000000 val_chain_unique_slices=512.000000 val_main_batches_evaluated=64.000000 val_hop0_batches_evaluated=64.000000 val_main_window_start_batch=2944.000000 val_hop0_window_start_batch=2944.000000 val_select_score=0.001048
[val] step=19200 val_pair_total=0.000000 val_pair_velocity=0.000000 val_pair_endpoint=0.000000 val_rollout_total=0.001141 val_hop0_img_total=0.007353 val_hop0_img_l1=0.003000 val_hop0_img_ssim=0.015184 val_hop0_img_seam=0.005562 val_foc_total=0.000000 val_foc_gap=0.000000 val_chain_d20_mse=0.000290 val_chain_d10_mse=0.000292 val_chain_d4_mse=0.000288 val_chain_normal_mse=0.000332 val_chain_d20_raw_mse=nan val_chain_d10_raw_mse=nan val_chain_d4_raw_mse=nan val_chain_normal_raw_mse=nan val_rollout_step_0=0.000938 val_rollout_step_1=0.001049 val_rollout_step_2=0.001173 val_rollout_step_3=0.001479 val_chain_tail_mse=0.000304 val_chain_samples=512.000000 val_chain_unique_slices=512.000000 val_main_batches_evaluated=64.000000 val_hop0_batches_evaluated=64.000000 val_main_window_start_batch=3008.000000 val_hop0_window_start_batch=3008.000000 val_select_score=0.001033
[val] step=19600 val_pair_total=0.000000 val_pair_velocity=0.000000 val_pair_endpoint=0.000000 val_rollout_total=0.001637 val_hop0_img_total=0.006859 val_hop0_img_l1=0.002805 val_hop0_img_ssim=0.014189 val_hop0_img_seam=0.005072 val_foc_total=0.000000 val_foc_gap=0.000000 val_chain_d20_mse=0.000478 val_chain_d10_mse=0.000456 val_chain_d4_mse=0.000437 val_chain_normal_mse=0.000497 val_chain_d20_raw_mse=nan val_chain_d10_raw_mse=nan val_chain_d4_raw_mse=nan val_chain_normal_raw_mse=nan val_rollout_step_0=0.001393 val_rollout_step_1=0.001528 val_rollout_step_2=0.001700 val_rollout_step_3=0.002018 val_chain_tail_mse=0.000463 val_chain_samples=512.000000 val_chain_unique_slices=512.000000 val_main_batches_evaluated=64.000000 val_hop0_batches_evaluated=64.000000 val_main_window_start_batch=3072.000000 val_hop0_window_start_batch=3072.000000 val_select_score=0.001583
[val] step=20000 val_pair_total=0.000000 val_pair_velocity=0.000000 val_pair_endpoint=0.000000 val_rollout_total=0.002115 val_hop0_img_total=0.006947 val_hop0_img_l1=0.002829 val_hop0_img_ssim=0.014476 val_hop0_img_seam=0.004985 val_foc_total=0.000000 val_foc_gap=0.000000 val_chain_d20_mse=0.000745 val_chain_d10_mse=0.000670 val_chain_d4_mse=0.000621 val_chain_normal_mse=0.000691 val_chain_d20_raw_mse=nan val_chain_d10_raw_mse=nan val_chain_d4_raw_mse=nan val_chain_normal_raw_mse=nan val_rollout_step_0=0.001929 val_rollout_step_1=0.002065 val_rollout_step_2=0.002167 val_rollout_step_3=0.002360 val_chain_tail_mse=0.000661 val_chain_samples=512.000000 val_chain_unique_slices=512.000000 val_main_batches_evaluated=64.000000 val_hop0_batches_evaluated=64.000000 val_main_window_start_batch=3136.000000 val_hop0_window_start_batch=3136.000000 val_select_score=0.002269
[val] step=20400 val_pair_total=0.000000 val_pair_velocity=0.000000 val_pair_endpoint=0.000000 val_rollout_total=0.001199 val_hop0_img_total=0.007393 val_hop0_img_l1=0.003023 val_hop0_img_ssim=0.015311 val_hop0_img_seam=0.005420 val_foc_total=0.000000 val_foc_gap=0.000000 val_chain_d20_mse=0.000407 val_chain_d10_mse=0.000413 val_chain_d4_mse=0.000432 val_chain_normal_mse=0.000558 val_chain_d20_raw_mse=nan val_chain_d10_raw_mse=nan val_chain_d4_raw_mse=nan val_chain_normal_raw_mse=nan val_rollout_step_0=0.001019 val_rollout_step_1=0.001145 val_rollout_step_2=0.001244 val_rollout_step_3=0.001447 val_chain_tail_mse=0.000467 val_chain_samples=512.000000 val_chain_unique_slices=512.000000 val_main_batches_evaluated=64.000000 val_hop0_batches_evaluated=64.000000 val_main_window_start_batch=3200.000000 val_hop0_window_start_batch=3200.000000 val_select_score=0.001614
[val] step=20800 val_pair_total=0.000000 val_pair_velocity=0.000000 val_pair_endpoint=0.000000 val_rollout_total=0.000983 val_hop0_img_total=0.007338 val_hop0_img_l1=0.002983 val_hop0_img_ssim=0.015307 val_hop0_img_seam=0.005280 val_foc_total=0.000000 val_foc_gap=0.000000 val_chain_d20_mse=0.000330 val_chain_d10_mse=0.000336 val_chain_d4_mse=0.000349 val_chain_normal_mse=0.000452 val_chain_d20_raw_mse=nan val_chain_d10_raw_mse=nan val_chain_d4_raw_mse=nan val_chain_normal_raw_mse=nan val_rollout_step_0=0.000825 val_rollout_step_1=0.000917 val_rollout_step_2=0.000992 val_rollout_step_3=0.001259 val_chain_tail_mse=0.000379 val_chain_samples=512.000000 val_chain_unique_slices=512.000000 val_main_batches_evaluated=64.000000 val_hop0_batches_evaluated=64.000000 val_main_window_start_batch=3264.000000 val_hop0_window_start_batch=3264.000000 val_select_score=0.001308
[val] step=21200 val_pair_total=0.000000 val_pair_velocity=0.000000 val_pair_endpoint=0.000000 val_rollout_total=0.000875 val_hop0_img_total=0.006712 val_hop0_img_l1=0.002758 val_hop0_img_ssim=0.013759 val_hop0_img_seam=0.005147 val_foc_total=0.000000 val_foc_gap=0.000000 val_chain_d20_mse=0.000297 val_chain_d10_mse=0.000299 val_chain_d4_mse=0.000307 val_chain_normal_mse=0.000407 val_chain_d20_raw_mse=nan val_chain_d10_raw_mse=nan val_chain_d4_raw_mse=nan val_chain_normal_raw_mse=nan val_rollout_step_0=0.000736 val_rollout_step_1=0.000809 val_rollout_step_2=0.000887 val_rollout_step_3=0.001122 val_chain_tail_mse=0.000338 val_chain_samples=512.000000 val_chain_unique_slices=512.000000 val_main_batches_evaluated=64.000000 val_hop0_batches_evaluated=64.000000 val_main_window_start_batch=3328.000000 val_hop0_window_start_batch=3328.000000 val_select_score=0.001170
[val] step=21600 val_pair_total=0.000000 val_pair_velocity=0.000000 val_pair_endpoint=0.000000 val_rollout_total=0.000816 val_hop0_img_total=0.004997 val_hop0_img_l1=0.002080 val_hop0_img_ssim=0.010012 val_hop0_img_seam=0.004134 val_foc_total=0.000000 val_foc_gap=0.000000 val_chain_d20_mse=0.000260 val_chain_d10_mse=0.000256 val_chain_d4_mse=0.000255 val_chain_normal_mse=0.000336 val_chain_d20_raw_mse=nan val_chain_d10_raw_mse=nan val_chain_d4_raw_mse=nan val_chain_normal_raw_mse=nan val_rollout_step_0=0.000695 val_rollout_step_1=0.000770 val_rollout_step_2=0.000831 val_rollout_step_3=0.001011 val_chain_tail_mse=0.000283 val_chain_samples=512.000000 val_chain_unique_slices=512.000000 val_main_batches_evaluated=64.000000 val_hop0_batches_evaluated=64.000000 val_main_window_start_batch=3392.000000 val_hop0_window_start_batch=3392.000000 val_select_score=0.000980
[val] step=22000 val_pair_total=0.000000 val_pair_velocity=0.000000 val_pair_endpoint=0.000000 val_rollout_total=0.001069 val_hop0_img_total=0.005152 val_hop0_img_l1=0.002138 val_hop0_img_ssim=0.010404 val_hop0_img_seam=0.004126 val_foc_total=0.000000 val_foc_gap=0.000000 val_chain_d20_mse=0.000335 val_chain_d10_mse=0.000335 val_chain_d4_mse=0.000336 val_chain_normal_mse=0.000440 val_chain_d20_raw_mse=nan val_chain_d10_raw_mse=nan val_chain_d4_raw_mse=nan val_chain_normal_raw_mse=nan val_rollout_step_0=0.000930 val_rollout_step_1=0.000986 val_rollout_step_2=0.001092 val_rollout_step_3=0.001321 val_chain_tail_mse=0.000370 val_chain_samples=512.000000 val_chain_unique_slices=512.000000 val_main_batches_evaluated=64.000000 val_hop0_batches_evaluated=64.000000 val_main_window_start_batch=3456.000000 val_hop0_window_start_batch=3456.000000 val_select_score=0.001280
[val] step=22400 val_pair_total=0.000000 val_pair_velocity=0.000000 val_pair_endpoint=0.000000 val_rollout_total=0.000944 val_hop0_img_total=0.005667 val_hop0_img_l1=0.002369 val_hop0_img_ssim=0.011336 val_hop0_img_seam=0.004643 val_foc_total=0.000000 val_foc_gap=0.000000 val_chain_d20_mse=0.000321 val_chain_d10_mse=0.000317 val_chain_d4_mse=0.000317 val_chain_normal_mse=0.000414 val_chain_d20_raw_mse=nan val_chain_d10_raw_mse=nan val_chain_d4_raw_mse=nan val_chain_normal_raw_mse=nan val_rollout_step_0=0.000793 val_rollout_step_1=0.000896 val_rollout_step_2=0.000963 val_rollout_step_3=0.001178 val_chain_tail_mse=0.000349 val_chain_samples=512.000000 val_chain_unique_slices=512.000000 val_main_batches_evaluated=64.000000 val_hop0_batches_evaluated=64.000000 val_main_window_start_batch=3520.000000 val_hop0_window_start_batch=3520.000000 val_select_score=0.001209
[val] step=22800 val_pair_total=0.000000 val_pair_velocity=0.000000 val_pair_endpoint=0.000000 val_rollout_total=0.000950 val_hop0_img_total=0.005342 val_hop0_img_l1=0.002224 val_hop0_img_ssim=0.010745 val_hop0_img_seam=0.004316 val_foc_total=0.000000 val_foc_gap=0.000000 val_chain_d20_mse=0.000271 val_chain_d10_mse=0.000273 val_chain_d4_mse=0.000275 val_chain_normal_mse=0.000373 val_chain_d20_raw_mse=nan val_chain_d10_raw_mse=nan val_chain_d4_raw_mse=nan val_chain_normal_raw_mse=nan val_rollout_step_0=0.000803 val_rollout_step_1=0.000918 val_rollout_step_2=0.000960 val_rollout_step_3=0.001170 val_chain_tail_mse=0.000307 val_chain_samples=512.000000 val_chain_unique_slices=512.000000 val_main_batches_evaluated=64.000000 val_hop0_batches_evaluated=64.000000 val_main_window_start_batch=3584.000000 val_hop0_window_start_batch=3584.000000 val_select_score=0.001066
[val] step=23200 val_pair_total=0.000000 val_pair_velocity=0.000000 val_pair_endpoint=0.000000 val_rollout_total=0.000881 val_hop0_img_total=0.005782 val_hop0_img_l1=0.002396 val_hop0_img_ssim=0.011691 val_hop0_img_seam=0.004636 val_foc_total=0.000000 val_foc_gap=0.000000 val_chain_d20_mse=0.000232 val_chain_d10_mse=0.000238 val_chain_d4_mse=0.000245 val_chain_normal_mse=0.000355 val_chain_d20_raw_mse=nan val_chain_d10_raw_mse=nan val_chain_d4_raw_mse=nan val_chain_normal_raw_mse=nan val_rollout_step_0=0.000722 val_rollout_step_1=0.000846 val_rollout_step_2=0.000893 val_rollout_step_3=0.001116 val_chain_tail_mse=0.000279 val_chain_samples=428.000000 val_chain_unique_slices=428.000000 val_main_batches_evaluated=54.000000 val_hop0_batches_evaluated=54.000000 val_main_window_start_batch=3648.000000 val_hop0_window_start_batch=3648.000000 val_select_score=0.000976
[val] step=23600 val_pair_total=0.000283 val_pair_velocity=0.000142 val_pair_endpoint=0.000142 val_rollout_total=0.001293 val_hop0_img_total=0.007446 val_hop0_img_l1=0.002950 val_hop0_img_ssim=0.015917 val_hop0_img_seam=0.005174 val_foc_total=0.000000 val_foc_gap=0.000000 val_chain_d20_mse=0.000258 val_chain_d10_mse=0.000248 val_chain_d4_mse=0.000242 val_chain_normal_mse=0.000328 val_chain_d20_raw_mse=nan val_chain_d10_raw_mse=nan val_chain_d4_raw_mse=nan val_chain_normal_raw_mse=nan val_rollout_step_0=0.001062 val_rollout_step_1=0.001220 val_rollout_step_2=0.001322 val_rollout_step_3=0.001651 val_chain_tail_mse=0.000273 val_chain_samples=512.000000 val_chain_unique_slices=512.000000 val_main_batches_evaluated=64.000000 val_hop0_batches_evaluated=64.000000 val_main_window_start_batch=0.000000 val_hop0_window_start_batch=0.000000 val_select_score=0.000950
[val] step=24000 val_pair_total=0.000314 val_pair_velocity=0.000157 val_pair_endpoint=0.000157 val_rollout_total=0.001352 val_hop0_img_total=0.006680 val_hop0_img_l1=0.002693 val_hop0_img_ssim=0.013957 val_hop0_img_seam=0.004979 val_foc_total=0.000000 val_foc_gap=0.000000 val_chain_d20_mse=0.000431 val_chain_d10_mse=0.000412 val_chain_d4_mse=0.000408 val_chain_normal_mse=0.000560 val_chain_d20_raw_mse=nan val_chain_d10_raw_mse=nan val_chain_d4_raw_mse=nan val_chain_normal_raw_mse=nan val_rollout_step_0=0.001177 val_rollout_step_1=0.001288 val_rollout_step_2=0.001381 val_rollout_step_3=0.001625 val_chain_tail_mse=0.000460 val_chain_samples=512.000000 val_chain_unique_slices=512.000000 val_main_batches_evaluated=64.000000 val_hop0_batches_evaluated=64.000000 val_main_window_start_batch=64.000000 val_hop0_window_start_batch=64.000000 val_select_score=0.001608
[val] step=24400 val_pair_total=0.000308 val_pair_velocity=0.000154 val_pair_endpoint=0.000154 val_rollout_total=0.001365 val_hop0_img_total=0.006441 val_hop0_img_l1=0.002585 val_hop0_img_ssim=0.013564 val_hop0_img_seam=0.004643 val_foc_total=0.000000 val_foc_gap=0.000000 val_chain_d20_mse=0.000461 val_chain_d10_mse=0.000441 val_chain_d4_mse=0.000440 val_chain_normal_mse=0.000617 val_chain_d20_raw_mse=nan val_chain_d10_raw_mse=nan val_chain_d4_raw_mse=nan val_chain_normal_raw_mse=nan val_rollout_step_0=0.001156 val_rollout_step_1=0.001310 val_rollout_step_2=0.001396 val_rollout_step_3=0.001667 val_chain_tail_mse=0.000499 val_chain_samples=512.000000 val_chain_unique_slices=512.000000 val_main_batches_evaluated=64.000000 val_hop0_batches_evaluated=64.000000 val_main_window_start_batch=128.000000 val_hop0_window_start_batch=128.000000 val_select_score=0.001750
[val] step=24800 val_pair_total=0.000301 val_pair_velocity=0.000150 val_pair_endpoint=0.000150 val_rollout_total=0.001336 val_hop0_img_total=0.007019 val_hop0_img_l1=0.002799 val_hop0_img_ssim=0.014871 val_hop0_img_seam=0.005019 val_foc_total=0.000000 val_foc_gap=0.000000 val_chain_d20_mse=0.000318 val_chain_d10_mse=0.000314 val_chain_d4_mse=0.000314 val_chain_normal_mse=0.000452 val_chain_d20_raw_mse=nan val_chain_d10_raw_mse=nan val_chain_d4_raw_mse=nan val_chain_normal_raw_mse=nan val_rollout_step_0=0.001128 val_rollout_step_1=0.001316 val_rollout_step_2=0.001353 val_rollout_step_3=0.001612 val_chain_tail_mse=0.000360 val_chain_samples=512.000000 val_chain_unique_slices=512.000000 val_main_batches_evaluated=64.000000 val_hop0_batches_evaluated=64.000000 val_main_window_start_batch=192.000000 val_hop0_window_start_batch=192.000000 val_select_score=0.001261
[val] step=25200 val_pair_total=0.000224 val_pair_velocity=0.000112 val_pair_endpoint=0.000112 val_rollout_total=0.001093 val_hop0_img_total=0.007554 val_hop0_img_l1=0.003017 val_hop0_img_ssim=0.016029 val_hop0_img_seam=0.005296 val_foc_total=0.000000 val_foc_gap=0.000000 val_chain_d20_mse=0.000264 val_chain_d10_mse=0.000273 val_chain_d4_mse=0.000277 val_chain_normal_mse=0.000408 val_chain_d20_raw_mse=nan val_chain_d10_raw_mse=nan val_chain_d4_raw_mse=nan val_chain_normal_raw_mse=nan val_rollout_step_0=0.000839 val_rollout_step_1=0.000929 val_rollout_step_2=0.001099 val_rollout_step_3=0.001614 val_chain_tail_mse=0.000319 val_chain_samples=512.000000 val_chain_unique_slices=512.000000 val_main_batches_evaluated=64.000000 val_hop0_batches_evaluated=64.000000 val_main_window_start_batch=256.000000 val_hop0_window_start_batch=256.000000 val_select_score=0.001116
[val] step=25600 val_pair_total=0.000448 val_pair_velocity=0.000224 val_pair_endpoint=0.000224 val_rollout_total=0.001887 val_hop0_img_total=0.010358 val_hop0_img_l1=0.004143 val_hop0_img_ssim=0.022136 val_hop0_img_seam=0.006811 val_foc_total=0.000000 val_foc_gap=0.000000 val_chain_d20_mse=0.000636 val_chain_d10_mse=0.000584 val_chain_d4_mse=0.000557 val_chain_normal_mse=0.000760 val_chain_d20_raw_mse=nan val_chain_d10_raw_mse=nan val_chain_d4_raw_mse=nan val_chain_normal_raw_mse=nan val_rollout_step_0=0.001678 val_rollout_step_1=0.001793 val_rollout_step_2=0.001902 val_rollout_step_3=0.002253 val_chain_tail_mse=0.000634 val_chain_samples=512.000000 val_chain_unique_slices=512.000000 val_main_batches_evaluated=64.000000 val_hop0_batches_evaluated=64.000000 val_main_window_start_batch=320.000000 val_hop0_window_start_batch=320.000000 val_select_score=0.002222
[val] step=26000 val_pair_total=0.000405 val_pair_velocity=0.000203 val_pair_endpoint=0.000203 val_rollout_total=0.001729 val_hop0_img_total=0.009969 val_hop0_img_l1=0.003983 val_hop0_img_ssim=0.021318 val_hop0_img_seam=0.006569 val_foc_total=0.000000 val_foc_gap=0.000000 val_chain_d20_mse=0.000591 val_chain_d10_mse=0.000549 val_chain_d4_mse=0.000536 val_chain_normal_mse=0.000764 val_chain_d20_raw_mse=nan val_chain_d10_raw_mse=nan val_chain_d4_raw_mse=nan val_chain_normal_raw_mse=nan val_rollout_step_0=0.001519 val_rollout_step_1=0.001629 val_rollout_step_2=0.001758 val_rollout_step_3=0.002091 val_chain_tail_mse=0.000616 val_chain_samples=512.000000 val_chain_unique_slices=512.000000 val_main_batches_evaluated=64.000000 val_hop0_batches_evaluated=64.000000 val_main_window_start_batch=384.000000 val_hop0_window_start_batch=384.000000 val_select_score=0.002171
[val] step=26400 val_pair_total=0.000260 val_pair_velocity=0.000130 val_pair_endpoint=0.000130 val_rollout_total=0.001164 val_hop0_img_total=0.010499 val_hop0_img_l1=0.004211 val_hop0_img_ssim=0.022415 val_hop0_img_seam=0.006837 val_foc_total=0.000000 val_foc_gap=0.000000 val_chain_d20_mse=0.000412 val_chain_d10_mse=0.000425 val_chain_d4_mse=0.000453 val_chain_normal_mse=0.000733 val_chain_d20_raw_mse=nan val_chain_d10_raw_mse=nan val_chain_d4_raw_mse=nan val_chain_normal_raw_mse=nan val_rollout_step_0=0.000975 val_rollout_step_1=0.001080 val_rollout_step_2=0.001156 val_rollout_step_3=0.001517 val_chain_tail_mse=0.000537 val_chain_samples=512.000000 val_chain_unique_slices=512.000000 val_main_batches_evaluated=64.000000 val_hop0_batches_evaluated=64.000000 val_main_window_start_batch=448.000000 val_hop0_window_start_batch=448.000000 val_select_score=0.001904
[val] step=26800 val_pair_total=0.000185 val_pair_velocity=0.000092 val_pair_endpoint=0.000092 val_rollout_total=0.000872 val_hop0_img_total=0.010800 val_hop0_img_l1=0.004321 val_hop0_img_ssim=0.023125 val_hop0_img_seam=0.006977 val_foc_total=0.000000 val_foc_gap=0.000000 val_chain_d20_mse=0.000290 val_chain_d10_mse=0.000296 val_chain_d4_mse=0.000309 val_chain_normal_mse=0.000476 val_chain_d20_raw_mse=nan val_chain_d10_raw_mse=nan val_chain_d4_raw_mse=nan val_chain_normal_raw_mse=nan val_rollout_step_0=0.000693 val_rollout_step_1=0.000768 val_rollout_step_2=0.000847 val_rollout_step_3=0.001256 val_chain_tail_mse=0.000360 val_chain_samples=512.000000 val_chain_unique_slices=512.000000 val_main_batches_evaluated=64.000000 val_hop0_batches_evaluated=64.000000 val_main_window_start_batch=512.000000 val_hop0_window_start_batch=512.000000 val_select_score=0.001270
[val] step=27200 val_pair_total=0.000182 val_pair_velocity=0.000091 val_pair_endpoint=0.000091 val_rollout_total=0.000852 val_hop0_img_total=0.011504 val_hop0_img_l1=0.004629 val_hop0_img_ssim=0.024435 val_hop0_img_seam=0.007661 val_foc_total=0.000000 val_foc_gap=0.000000 val_chain_d20_mse=0.000267 val_chain_d10_mse=0.000271 val_chain_d4_mse=0.000277 val_chain_normal_mse=0.000432 val_chain_d20_raw_mse=nan val_chain_d10_raw_mse=nan val_chain_d4_raw_mse=nan val_chain_normal_raw_mse=nan val_rollout_step_0=0.000684 val_rollout_step_1=0.000765 val_rollout_step_2=0.000843 val_rollout_step_3=0.001184 val_chain_tail_mse=0.000327 val_chain_samples=512.000000 val_chain_unique_slices=512.000000 val_main_batches_evaluated=64.000000 val_hop0_batches_evaluated=64.000000 val_main_window_start_batch=576.000000 val_hop0_window_start_batch=576.000000 val_select_score=0.001153
[val] step=27600 val_pair_total=0.000203 val_pair_velocity=0.000102 val_pair_endpoint=0.000102 val_rollout_total=0.000900 val_hop0_img_total=0.009284 val_hop0_img_l1=0.003740 val_hop0_img_ssim=0.019738 val_hop0_img_seam=0.006094 val_foc_total=0.000000 val_foc_gap=0.000000 val_chain_d20_mse=0.000286 val_chain_d10_mse=0.000289 val_chain_d4_mse=0.000290 val_chain_normal_mse=0.000435 val_chain_d20_raw_mse=nan val_chain_d10_raw_mse=nan val_chain_d4_raw_mse=nan val_chain_normal_raw_mse=nan val_rollout_step_0=0.000762 val_rollout_step_1=0.000808 val_rollout_step_2=0.000876 val_rollout_step_3=0.001214 val_chain_tail_mse=0.000338 val_chain_samples=512.000000 val_chain_unique_slices=512.000000 val_main_batches_evaluated=64.000000 val_hop0_batches_evaluated=64.000000 val_main_window_start_batch=640.000000 val_hop0_window_start_batch=640.000000 val_select_score=0.001187
[val] step=28000 val_pair_total=0.000217 val_pair_velocity=0.000108 val_pair_endpoint=0.000108 val_rollout_total=0.000980 val_hop0_img_total=0.006228 val_hop0_img_l1=0.002547 val_hop0_img_ssim=0.012972 val_hop0_img_seam=0.004377 val_foc_total=0.000000 val_foc_gap=0.000000 val_chain_d20_mse=0.000332 val_chain_d10_mse=0.000335 val_chain_d4_mse=0.000338 val_chain_normal_mse=0.000500 val_chain_d20_raw_mse=nan val_chain_d10_raw_mse=nan val_chain_d4_raw_mse=nan val_chain_normal_raw_mse=nan val_rollout_step_0=0.000814 val_rollout_step_1=0.000880 val_rollout_step_2=0.000972 val_rollout_step_3=0.001327 val_chain_tail_mse=0.000391 val_chain_samples=512.000000 val_chain_unique_slices=512.000000 val_main_batches_evaluated=64.000000 val_hop0_batches_evaluated=64.000000 val_main_window_start_batch=704.000000 val_hop0_window_start_batch=704.000000 val_select_score=0.001370
[val] step=28400 val_pair_total=0.000206 val_pair_velocity=0.000103 val_pair_endpoint=0.000103 val_rollout_total=0.000947 val_hop0_img_total=0.006676 val_hop0_img_l1=0.002706 val_hop0_img_ssim=0.014050 val_hop0_img_seam=0.004579 val_foc_total=0.000000 val_foc_gap=0.000000 val_chain_d20_mse=0.000304 val_chain_d10_mse=0.000299 val_chain_d4_mse=0.000294 val_chain_normal_mse=0.000420 val_chain_d20_raw_mse=nan val_chain_d10_raw_mse=nan val_chain_d4_raw_mse=nan val_chain_normal_raw_mse=nan val_rollout_step_0=0.000771 val_rollout_step_1=0.000871 val_rollout_step_2=0.000931 val_rollout_step_3=0.001284 val_chain_tail_mse=0.000337 val_chain_samples=512.000000 val_chain_unique_slices=512.000000 val_main_batches_evaluated=64.000000 val_hop0_batches_evaluated=64.000000 val_main_window_start_batch=768.000000 val_hop0_window_start_batch=768.000000 val_select_score=0.001181
[val] step=28800 val_pair_total=0.000194 val_pair_velocity=0.000097 val_pair_endpoint=0.000097 val_rollout_total=0.000913 val_hop0_img_total=0.007127 val_hop0_img_l1=0.002909 val_hop0_img_ssim=0.014883 val_hop0_img_seam=0.004977 val_foc_total=0.000000 val_foc_gap=0.000000 val_chain_d20_mse=0.000235 val_chain_d10_mse=0.000244 val_chain_d4_mse=0.000251 val_chain_normal_mse=0.000387 val_chain_d20_raw_mse=nan val_chain_d10_raw_mse=nan val_chain_d4_raw_mse=nan val_chain_normal_raw_mse=nan val_rollout_step_0=0.000728 val_rollout_step_1=0.000848 val_rollout_step_2=0.000897 val_rollout_step_3=0.001247 val_chain_tail_mse=0.000294 val_chain_samples=512.000000 val_chain_unique_slices=512.000000 val_main_batches_evaluated=64.000000 val_hop0_batches_evaluated=64.000000 val_main_window_start_batch=832.000000 val_hop0_window_start_batch=832.000000 val_select_score=0.001033
[val] step=29200 val_pair_total=0.000103 val_pair_velocity=0.000052 val_pair_endpoint=0.000052 val_rollout_total=0.001162 val_hop0_img_total=0.006928 val_hop0_img_l1=0.002812 val_hop0_img_ssim=0.014569 val_hop0_img_seam=0.004736 val_foc_total=0.000000 val_foc_gap=0.000000 val_chain_d20_mse=0.000245 val_chain_d10_mse=0.000246 val_chain_d4_mse=0.000246 val_chain_normal_mse=0.000363 val_chain_d20_raw_mse=nan val_chain_d10_raw_mse=nan val_chain_d4_raw_mse=nan val_chain_normal_raw_mse=nan val_rollout_step_0=0.000936 val_rollout_step_1=0.001067 val_rollout_step_2=0.001167 val_rollout_step_3=0.001562 val_chain_tail_mse=0.000285 val_chain_samples=512.000000 val_chain_unique_slices=512.000000 val_main_batches_evaluated=64.000000 val_hop0_batches_evaluated=64.000000 val_main_window_start_batch=896.000000 val_hop0_window_start_batch=896.000000 val_select_score=0.000999
[val] step=29600 val_pair_total=0.000026 val_pair_velocity=0.000013 val_pair_endpoint=0.000013 val_rollout_total=0.001240 val_hop0_img_total=0.007357 val_hop0_img_l1=0.003018 val_hop0_img_ssim=0.015281 val_hop0_img_seam=0.005187 val_foc_total=0.000000 val_foc_gap=0.000000 val_chain_d20_mse=0.000315 val_chain_d10_mse=0.000304 val_chain_d4_mse=0.000299 val_chain_normal_mse=0.000427 val_chain_d20_raw_mse=nan val_chain_d10_raw_mse=nan val_chain_d4_raw_mse=nan val_chain_normal_raw_mse=nan val_rollout_step_0=0.001003 val_rollout_step_1=0.001162 val_rollout_step_2=0.001234 val_rollout_step_3=0.001646 val_chain_tail_mse=0.000343 val_chain_samples=512.000000 val_chain_unique_slices=512.000000 val_main_batches_evaluated=64.000000 val_hop0_batches_evaluated=64.000000 val_main_window_start_batch=960.000000 val_hop0_window_start_batch=960.000000 val_select_score=0.001203
[val] step=30000 val_pair_total=0.000029 val_pair_velocity=0.000015 val_pair_endpoint=0.000015 val_rollout_total=0.001333 val_hop0_img_total=0.005565 val_hop0_img_l1=0.002318 val_hop0_img_ssim=0.011385 val_hop0_img_seam=0.004004 val_foc_total=0.000000 val_foc_gap=0.000000 val_chain_d20_mse=0.000514 val_chain_d10_mse=0.000487 val_chain_d4_mse=0.000473 val_chain_normal_mse=0.000653 val_chain_d20_raw_mse=nan val_chain_d10_raw_mse=nan val_chain_d4_raw_mse=nan val_chain_normal_raw_mse=nan val_rollout_step_0=0.001130 val_rollout_step_1=0.001234 val_rollout_step_2=0.001328 val_rollout_step_3=0.001719 val_chain_tail_mse=0.000538 val_chain_samples=512.000000 val_chain_unique_slices=512.000000 val_main_batches_evaluated=64.000000 val_hop0_batches_evaluated=64.000000 val_main_window_start_batch=1024.000000 val_hop0_window_start_batch=1024.000000 val_select_score=0.001881
[val] step=30400 val_pair_total=0.000029 val_pair_velocity=0.000015 val_pair_endpoint=0.000015 val_rollout_total=0.001380 val_hop0_img_total=0.005840 val_hop0_img_l1=0.002462 val_hop0_img_ssim=0.011749 val_hop0_img_seam=0.004413 val_foc_total=0.000000 val_foc_gap=0.000000 val_chain_d20_mse=0.000316 val_chain_d10_mse=0.000312 val_chain_d4_mse=0.000311 val_chain_normal_mse=0.000450 val_chain_d20_raw_mse=nan val_chain_d10_raw_mse=nan val_chain_d4_raw_mse=nan val_chain_normal_raw_mse=nan val_rollout_step_0=0.001135 val_rollout_step_1=0.001326 val_rollout_step_2=0.001385 val_rollout_step_3=0.001757 val_chain_tail_mse=0.000358 val_chain_samples=512.000000 val_chain_unique_slices=512.000000 val_main_batches_evaluated=64.000000 val_hop0_batches_evaluated=64.000000 val_main_window_start_batch=1088.000000 val_hop0_window_start_batch=1088.000000 val_select_score=0.001253
[val] step=30800 val_pair_total=0.000024 val_pair_velocity=0.000012 val_pair_endpoint=0.000012 val_rollout_total=0.001121 val_hop0_img_total=0.005770 val_hop0_img_l1=0.002430 val_hop0_img_ssim=0.011641 val_hop0_img_seam=0.004294 val_foc_total=0.000000 val_foc_gap=0.000000 val_chain_d20_mse=0.000281 val_chain_d10_mse=0.000289 val_chain_d4_mse=0.000287 val_chain_normal_mse=0.000421 val_chain_d20_raw_mse=nan val_chain_d10_raw_mse=nan val_chain_d4_raw_mse=nan val_chain_normal_raw_mse=nan val_rollout_step_0=0.000879 val_rollout_step_1=0.000998 val_rollout_step_2=0.001110 val_rollout_step_3=0.001595 val_chain_tail_mse=0.000333 val_chain_samples=512.000000 val_chain_unique_slices=512.000000 val_main_batches_evaluated=64.000000 val_hop0_batches_evaluated=64.000000 val_main_window_start_batch=1152.000000 val_hop0_window_start_batch=1152.000000 val_select_score=0.001161
[val] step=31200 val_pair_total=0.000032 val_pair_velocity=0.000016 val_pair_endpoint=0.000016 val_rollout_total=0.001413 val_hop0_img_total=0.006132 val_hop0_img_l1=0.002598 val_hop0_img_ssim=0.012342 val_hop0_img_seam=0.004484 val_foc_total=0.000000 val_foc_gap=0.000000 val_chain_d20_mse=0.000432 val_chain_d10_mse=0.000420 val_chain_d4_mse=0.000404 val_chain_normal_mse=0.000565 val_chain_d20_raw_mse=nan val_chain_d10_raw_mse=nan val_chain_d4_raw_mse=nan val_chain_normal_raw_mse=nan val_rollout_step_0=0.001168 val_rollout_step_1=0.001251 val_rollout_step_2=0.001405 val_rollout_step_3=0.001933 val_chain_tail_mse=0.000463 val_chain_samples=512.000000 val_chain_unique_slices=512.000000 val_main_batches_evaluated=64.000000 val_hop0_batches_evaluated=64.000000 val_main_window_start_batch=1216.000000 val_hop0_window_start_batch=1216.000000 val_select_score=0.001615
[val] step=31600 val_pair_total=0.000052 val_pair_velocity=0.000026 val_pair_endpoint=0.000026 val_rollout_total=0.002038 val_hop0_img_total=0.006162 val_hop0_img_l1=0.002603 val_hop0_img_ssim=0.012411 val_hop0_img_seam=0.004559 val_foc_total=0.000000 val_foc_gap=0.000000 val_chain_d20_mse=0.000716 val_chain_d10_mse=0.000638 val_chain_d4_mse=0.000588 val_chain_normal_mse=0.000762 val_chain_d20_raw_mse=nan val_chain_d10_raw_mse=nan val_chain_d4_raw_mse=nan val_chain_normal_raw_mse=nan val_rollout_step_0=0.001812 val_rollout_step_1=0.001922 val_rollout_step_2=0.002046 val_rollout_step_3=0.002460 val_chain_tail_mse=0.000662 val_chain_samples=512.000000 val_chain_unique_slices=512.000000 val_main_batches_evaluated=64.000000 val_hop0_batches_evaluated=64.000000 val_main_window_start_batch=1280.000000 val_hop0_window_start_batch=1280.000000 val_select_score=0.002316
[val] step=32000 val_pair_total=0.000027 val_pair_velocity=0.000014 val_pair_endpoint=0.000014 val_rollout_total=0.001139 val_hop0_img_total=0.013318 val_hop0_img_l1=0.005251 val_hop0_img_ssim=0.029362 val_hop0_img_seam=0.007262 val_foc_total=0.000000 val_foc_gap=0.000000 val_chain_d20_mse=0.000393 val_chain_d10_mse=0.000406 val_chain_d4_mse=0.000419 val_chain_normal_mse=0.000642 val_chain_d20_raw_mse=nan val_chain_d10_raw_mse=nan val_chain_d4_raw_mse=nan val_chain_normal_raw_mse=nan val_rollout_step_0=0.000932 val_rollout_step_1=0.001048 val_rollout_step_2=0.001122 val_rollout_step_3=0.001537 val_chain_tail_mse=0.000489 val_chain_samples=512.000000 val_chain_unique_slices=512.000000 val_main_batches_evaluated=64.000000 val_hop0_batches_evaluated=64.000000 val_main_window_start_batch=1344.000000 val_hop0_window_start_batch=1344.000000 val_select_score=0.001719
[val] step=32400 val_pair_total=0.000020 val_pair_velocity=0.000010 val_pair_endpoint=0.000010 val_rollout_total=0.000977 val_hop0_img_total=0.012276 val_hop0_img_l1=0.004927 val_hop0_img_ssim=0.026444 val_hop0_img_seam=0.007386 val_foc_total=0.000000 val_foc_gap=0.000000 val_chain_d20_mse=0.000329 val_chain_d10_mse=0.000347 val_chain_d4_mse=0.000358 val_chain_normal_mse=0.000538 val_chain_d20_raw_mse=nan val_chain_d10_raw_mse=nan val_chain_d4_raw_mse=nan val_chain_normal_raw_mse=nan val_rollout_step_0=0.000786 val_rollout_step_1=0.000871 val_rollout_step_2=0.000937 val_rollout_step_3=0.001396 val_chain_tail_mse=0.000414 val_chain_samples=512.000000 val_chain_unique_slices=512.000000 val_main_batches_evaluated=64.000000 val_hop0_batches_evaluated=64.000000 val_main_window_start_batch=1408.000000 val_hop0_window_start_batch=1408.000000 val_select_score=0.001450
[val] step=32800 val_pair_total=0.000017 val_pair_velocity=0.000009 val_pair_endpoint=0.000009 val_rollout_total=0.000859 val_hop0_img_total=0.011825 val_hop0_img_l1=0.004688 val_hop0_img_ssim=0.025901 val_hop0_img_seam=0.006612 val_foc_total=0.000000 val_foc_gap=0.000000 val_chain_d20_mse=0.000292 val_chain_d10_mse=0.000307 val_chain_d4_mse=0.000311 val_chain_normal_mse=0.000457 val_chain_d20_raw_mse=nan val_chain_d10_raw_mse=nan val_chain_d4_raw_mse=nan val_chain_normal_raw_mse=nan val_rollout_step_0=0.000678 val_rollout_step_1=0.000743 val_rollout_step_2=0.000827 val_rollout_step_3=0.001269 val_chain_tail_mse=0.000358 val_chain_samples=512.000000 val_chain_unique_slices=512.000000 val_main_batches_evaluated=64.000000 val_hop0_batches_evaluated=64.000000 val_main_window_start_batch=1472.000000 val_hop0_window_start_batch=1472.000000 val_select_score=0.001249
[val] step=33200 val_pair_total=0.000016 val_pair_velocity=0.000008 val_pair_endpoint=0.000008 val_rollout_total=0.000769 val_hop0_img_total=0.012355 val_hop0_img_l1=0.004885 val_hop0_img_ssim=0.027197 val_hop0_img_seam=0.006703 val_foc_total=0.000000 val_foc_gap=0.000000 val_chain_d20_mse=0.000248 val_chain_d10_mse=0.000255 val_chain_d4_mse=0.000255 val_chain_normal_mse=0.000379 val_chain_d20_raw_mse=nan val_chain_d10_raw_mse=nan val_chain_d4_raw_mse=nan val_chain_normal_raw_mse=nan val_rollout_step_0=0.000620 val_rollout_step_1=0.000681 val_rollout_step_2=0.000742 val_rollout_step_3=0.001099 val_chain_tail_mse=0.000296 val_chain_samples=512.000000 val_chain_unique_slices=512.000000 val_main_batches_evaluated=64.000000 val_hop0_batches_evaluated=64.000000 val_main_window_start_batch=1536.000000 val_hop0_window_start_batch=1536.000000 val_select_score=0.001036
[val] step=33600 val_pair_total=0.000023 val_pair_velocity=0.000012 val_pair_endpoint=0.000012 val_rollout_total=0.000989 val_hop0_img_total=0.013418 val_hop0_img_l1=0.005323 val_hop0_img_ssim=0.029423 val_hop0_img_seam=0.007391 val_foc_total=0.000000 val_foc_gap=0.000000 val_chain_d20_mse=0.000313 val_chain_d10_mse=0.000319 val_chain_d4_mse=0.000311 val_chain_normal_mse=0.000438 val_chain_d20_raw_mse=nan val_chain_d10_raw_mse=nan val_chain_d4_raw_mse=nan val_chain_normal_raw_mse=nan val_rollout_step_0=0.000848 val_rollout_step_1=0.000886 val_rollout_step_2=0.000956 val_rollout_step_3=0.001330 val_chain_tail_mse=0.000356 val_chain_samples=512.000000 val_chain_unique_slices=512.000000 val_main_batches_evaluated=64.000000 val_hop0_batches_evaluated=64.000000 val_main_window_start_batch=1600.000000 val_hop0_window_start_batch=1600.000000 val_select_score=0.001238
[val] step=34000 val_pair_total=0.000020 val_pair_velocity=0.000010 val_pair_endpoint=0.000010 val_rollout_total=0.000926 val_hop0_img_total=0.009552 val_hop0_img_l1=0.003923 val_hop0_img_ssim=0.020101 val_hop0_img_seam=0.006037 val_foc_total=0.000000 val_foc_gap=0.000000 val_chain_d20_mse=0.000313 val_chain_d10_mse=0.000315 val_chain_d4_mse=0.000307 val_chain_normal_mse=0.000424 val_chain_d20_raw_mse=nan val_chain_d10_raw_mse=nan val_chain_d4_raw_mse=nan val_chain_normal_raw_mse=nan val_rollout_step_0=0.000749 val_rollout_step_1=0.000845 val_rollout_step_2=0.000903 val_rollout_step_3=0.001276 val_chain_tail_mse=0.000349 val_chain_samples=512.000000 val_chain_unique_slices=512.000000 val_main_batches_evaluated=64.000000 val_hop0_batches_evaluated=64.000000 val_main_window_start_batch=1664.000000 val_hop0_window_start_batch=1664.000000 val_select_score=0.001211
[val] step=34400 val_pair_total=0.000019 val_pair_velocity=0.000009 val_pair_endpoint=0.000009 val_rollout_total=0.000908 val_hop0_img_total=0.007387 val_hop0_img_l1=0.003103 val_hop0_img_ssim=0.015177 val_hop0_img_seam=0.004896 val_foc_total=0.000000 val_foc_gap=0.000000 val_chain_d20_mse=0.000267 val_chain_d10_mse=0.000274 val_chain_d4_mse=0.000272 val_chain_normal_mse=0.000384 val_chain_d20_raw_mse=nan val_chain_d10_raw_mse=nan val_chain_d4_raw_mse=nan val_chain_normal_raw_mse=nan val_rollout_step_0=0.000740 val_rollout_step_1=0.000838 val_rollout_step_2=0.000880 val_rollout_step_3=0.001242 val_chain_tail_mse=0.000310 val_chain_samples=512.000000 val_chain_unique_slices=512.000000 val_main_batches_evaluated=64.000000 val_hop0_batches_evaluated=64.000000 val_main_window_start_batch=1728.000000 val_hop0_window_start_batch=1728.000000 val_select_score=0.001078
[val] step=34800 val_pair_total=0.000018 val_pair_velocity=0.000009 val_pair_endpoint=0.000009 val_rollout_total=0.000882 val_hop0_img_total=0.008006 val_hop0_img_l1=0.003361 val_hop0_img_ssim=0.016509 val_hop0_img_seam=0.005186 val_foc_total=0.000000 val_foc_gap=0.000000 val_chain_d20_mse=0.000229 val_chain_d10_mse=0.000241 val_chain_d4_mse=0.000246 val_chain_normal_mse=0.000362 val_chain_d20_raw_mse=nan val_chain_d10_raw_mse=nan val_chain_d4_raw_mse=nan val_chain_normal_raw_mse=nan val_rollout_step_0=0.000687 val_rollout_step_1=0.000805 val_rollout_step_2=0.000871 val_rollout_step_3=0.001241 val_chain_tail_mse=0.000283 val_chain_samples=512.000000 val_chain_unique_slices=512.000000 val_main_batches_evaluated=64.000000 val_hop0_batches_evaluated=64.000000 val_main_window_start_batch=1792.000000 val_hop0_window_start_batch=1792.000000 val_select_score=0.000987
[val] step=35200 val_pair_total=0.000002 val_pair_velocity=0.000001 val_pair_endpoint=0.000001 val_rollout_total=0.001190 val_hop0_img_total=0.008003 val_hop0_img_l1=0.003368 val_hop0_img_ssim=0.016407 val_hop0_img_seam=0.005328 val_foc_total=0.000000 val_foc_gap=0.000000 val_chain_d20_mse=0.000247 val_chain_d10_mse=0.000242 val_chain_d4_mse=0.000235 val_chain_normal_mse=0.000328 val_chain_d20_raw_mse=nan val_chain_d10_raw_mse=nan val_chain_d4_raw_mse=nan val_chain_normal_raw_mse=nan val_rollout_step_0=0.000974 val_rollout_step_1=0.001108 val_rollout_step_2=0.001176 val_rollout_step_3=0.001584 val_chain_tail_mse=0.000268 val_chain_samples=512.000000 val_chain_unique_slices=512.000000 val_main_batches_evaluated=64.000000 val_hop0_batches_evaluated=64.000000 val_main_window_start_batch=1856.000000 val_hop0_window_start_batch=1856.000000 val_select_score=0.000935
[val] step=35600 val_pair_total=0.000002 val_pair_velocity=0.000001 val_pair_endpoint=0.000001 val_rollout_total=0.001257 val_hop0_img_total=0.008561 val_hop0_img_l1=0.003647 val_hop0_img_ssim=0.017245 val_hop0_img_seam=0.006029 val_foc_total=0.000000 val_foc_gap=0.000000 val_chain_d20_mse=0.000429 val_chain_d10_mse=0.000405 val_chain_d4_mse=0.000387 val_chain_normal_mse=0.000511 val_chain_d20_raw_mse=nan val_chain_d10_raw_mse=nan val_chain_d4_raw_mse=nan val_chain_normal_raw_mse=nan val_rollout_step_0=0.001109 val_rollout_step_1=0.001182 val_rollout_step_2=0.001240 val_rollout_step_3=0.001559 val_chain_tail_mse=0.000434 val_chain_samples=512.000000 val_chain_unique_slices=512.000000 val_main_batches_evaluated=64.000000 val_hop0_batches_evaluated=64.000000 val_main_window_start_batch=1920.000000 val_hop0_window_start_batch=1920.000000 val_select_score=0.001512
[val] step=36000 val_pair_total=0.000002 val_pair_velocity=0.000001 val_pair_endpoint=0.000001 val_rollout_total=0.001232 val_hop0_img_total=0.007765 val_hop0_img_l1=0.003226 val_hop0_img_ssim=0.016205 val_hop0_img_seam=0.004878 val_foc_total=0.000000 val_foc_gap=0.000000 val_chain_d20_mse=0.000416 val_chain_d10_mse=0.000402 val_chain_d4_mse=0.000391 val_chain_normal_mse=0.000522 val_chain_d20_raw_mse=nan val_chain_d10_raw_mse=nan val_chain_d4_raw_mse=nan val_chain_normal_raw_mse=nan val_rollout_step_0=0.001031 val_rollout_step_1=0.001169 val_rollout_step_2=0.001240 val_rollout_step_3=0.001560 val_chain_tail_mse=0.000438 val_chain_samples=512.000000 val_chain_unique_slices=512.000000 val_main_batches_evaluated=64.000000 val_hop0_batches_evaluated=64.000000 val_main_window_start_batch=1984.000000 val_hop0_window_start_batch=1984.000000 val_select_score=0.001524
[val] step=36400 val_pair_total=0.000002 val_pair_velocity=0.000001 val_pair_endpoint=0.000001 val_rollout_total=0.001231 val_hop0_img_total=0.005969 val_hop0_img_l1=0.002497 val_hop0_img_ssim=0.012359 val_hop0_img_seam=0.003830 val_foc_total=0.000000 val_foc_gap=0.000000 val_chain_d20_mse=0.000302 val_chain_d10_mse=0.000303 val_chain_d4_mse=0.000297 val_chain_normal_mse=0.000408 val_chain_d20_raw_mse=nan val_chain_d10_raw_mse=nan val_chain_d4_raw_mse=nan val_chain_normal_raw_mse=nan val_rollout_step_0=0.001028 val_rollout_step_1=0.001183 val_rollout_step_2=0.001234 val_rollout_step_3=0.001546 val_chain_tail_mse=0.000336 val_chain_samples=512.000000 val_chain_unique_slices=512.000000 val_main_batches_evaluated=64.000000 val_hop0_batches_evaluated=64.000000 val_main_window_start_batch=2048.000000 val_hop0_window_start_batch=2048.000000 val_select_score=0.001167
[val] step=36800 val_pair_total=0.000002 val_pair_velocity=0.000001 val_pair_endpoint=0.000001 val_rollout_total=0.000980 val_hop0_img_total=0.006468 val_hop0_img_l1=0.002702 val_hop0_img_ssim=0.013417 val_hop0_img_seam=0.004119 val_foc_total=0.000000 val_foc_gap=0.000000 val_chain_d20_mse=0.000253 val_chain_d10_mse=0.000264 val_chain_d4_mse=0.000262 val_chain_normal_mse=0.000360 val_chain_d20_raw_mse=nan val_chain_d10_raw_mse=nan val_chain_d4_raw_mse=nan val_chain_normal_raw_mse=nan val_rollout_step_0=0.000755 val_rollout_step_1=0.000816 val_rollout_step_2=0.000965 val_rollout_step_3=0.001484 val_chain_tail_mse=0.000295 val_chain_samples=512.000000 val_chain_unique_slices=512.000000 val_main_batches_evaluated=64.000000 val_hop0_batches_evaluated=64.000000 val_main_window_start_batch=2112.000000 val_hop0_window_start_batch=2112.000000 val_select_score=0.001021
[val] step=37200 val_pair_total=0.000004 val_pair_velocity=0.000002 val_pair_endpoint=0.000002 val_rollout_total=0.001793 val_hop0_img_total=0.006825 val_hop0_img_l1=0.002874 val_hop0_img_ssim=0.014025 val_hop0_img_seam=0.004451 val_foc_total=0.000000 val_foc_gap=0.000000 val_chain_d20_mse=0.000640 val_chain_d10_mse=0.000577 val_chain_d4_mse=0.000527 val_chain_normal_mse=0.000643 val_chain_d20_raw_mse=nan val_chain_d10_raw_mse=nan val_chain_d4_raw_mse=nan val_chain_normal_raw_mse=nan val_rollout_step_0=0.001629 val_rollout_step_1=0.001695 val_rollout_step_2=0.001795 val_rollout_step_3=0.002121 val_chain_tail_mse=0.000582 val_chain_samples=512.000000 val_chain_unique_slices=512.000000 val_main_batches_evaluated=64.000000 val_hop0_batches_evaluated=64.000000 val_main_window_start_batch=2176.000000 val_hop0_window_start_batch=2176.000000 val_select_score=0.002018
[val] step=37600 val_pair_total=0.000003 val_pair_velocity=0.000001 val_pair_endpoint=0.000001 val_rollout_total=0.001434 val_hop0_img_total=0.006634 val_hop0_img_l1=0.002760 val_hop0_img_ssim=0.013860 val_hop0_img_seam=0.004093 val_foc_total=0.000000 val_foc_gap=0.000000 val_chain_d20_mse=0.000545 val_chain_d10_mse=0.000507 val_chain_d4_mse=0.000478 val_chain_normal_mse=0.000607 val_chain_d20_raw_mse=nan val_chain_d10_raw_mse=nan val_chain_d4_raw_mse=nan val_chain_normal_raw_mse=nan val_rollout_step_0=0.001290 val_rollout_step_1=0.001344 val_rollout_step_2=0.001426 val_rollout_step_3=0.001739 val_chain_tail_mse=0.000531 val_chain_samples=512.000000 val_chain_unique_slices=512.000000 val_main_batches_evaluated=64.000000 val_hop0_batches_evaluated=64.000000 val_main_window_start_batch=2240.000000 val_hop0_window_start_batch=2240.000000 val_select_score=0.001841
[val] step=38000 val_pair_total=0.000002 val_pair_velocity=0.000001 val_pair_endpoint=0.000001 val_rollout_total=0.000992 val_hop0_img_total=0.007177 val_hop0_img_l1=0.002984 val_hop0_img_ssim=0.014983 val_hop0_img_seam=0.004469 val_foc_total=0.000000 val_foc_gap=0.000000 val_chain_d20_mse=0.000373 val_chain_d10_mse=0.000388 val_chain_d4_mse=0.000399 val_chain_normal_mse=0.000554 val_chain_d20_raw_mse=nan val_chain_d10_raw_mse=nan val_chain_d4_raw_mse=nan val_chain_normal_raw_mse=nan val_rollout_step_0=0.000848 val_rollout_step_1=0.000910 val_rollout_step_2=0.000965 val_rollout_step_3=0.001306 val_chain_tail_mse=0.000447 val_chain_samples=512.000000 val_chain_unique_slices=512.000000 val_main_batches_evaluated=64.000000 val_hop0_batches_evaluated=64.000000 val_main_window_start_batch=2304.000000 val_hop0_window_start_batch=2304.000000 val_select_score=0.001551
[val] step=38400 val_pair_total=0.000001 val_pair_velocity=0.000001 val_pair_endpoint=0.000001 val_rollout_total=0.000801 val_hop0_img_total=0.005738 val_hop0_img_l1=0.002344 val_hop0_img_ssim=0.012160 val_hop0_img_seam=0.003532 val_foc_total=0.000000 val_foc_gap=0.000000 val_chain_d20_mse=0.000287 val_chain_d10_mse=0.000296 val_chain_d4_mse=0.000300 val_chain_normal_mse=0.000403 val_chain_d20_raw_mse=nan val_chain_d10_raw_mse=nan val_chain_d4_raw_mse=nan val_chain_normal_raw_mse=nan val_rollout_step_0=0.000660 val_rollout_step_1=0.000698 val_rollout_step_2=0.000761 val_rollout_step_3=0.001154 val_chain_tail_mse=0.000333 val_chain_samples=512.000000 val_chain_unique_slices=512.000000 val_main_batches_evaluated=64.000000 val_hop0_batches_evaluated=64.000000 val_main_window_start_batch=2368.000000 val_hop0_window_start_batch=2368.000000 val_select_score=0.001151
[val] step=38800 val_pair_total=0.000001 val_pair_velocity=0.000001 val_pair_endpoint=0.000001 val_rollout_total=0.000740 val_hop0_img_total=0.005442 val_hop0_img_l1=0.002251 val_hop0_img_ssim=0.011371 val_hop0_img_seam=0.003482 val_foc_total=0.000000 val_foc_gap=0.000000 val_chain_d20_mse=0.000242 val_chain_d10_mse=0.000244 val_chain_d4_mse=0.000242 val_chain_normal_mse=0.000335 val_chain_d20_raw_mse=nan val_chain_d10_raw_mse=nan val_chain_d4_raw_mse=nan val_chain_normal_raw_mse=nan val_rollout_step_0=0.000607 val_rollout_step_1=0.000662 val_rollout_step_2=0.000722 val_rollout_step_3=0.001029 val_chain_tail_mse=0.000273 val_chain_samples=512.000000 val_chain_unique_slices=512.000000 val_main_batches_evaluated=64.000000 val_hop0_batches_evaluated=64.000000 val_main_window_start_batch=2432.000000 val_hop0_window_start_batch=2432.000000 val_select_score=0.000951
[val] step=39200 val_pair_total=0.000001 val_pair_velocity=0.000001 val_pair_endpoint=0.000001 val_rollout_total=0.000811 val_hop0_img_total=0.005436 val_hop0_img_l1=0.002226 val_hop0_img_ssim=0.011495 val_hop0_img_seam=0.003363 val_foc_total=0.000000 val_foc_gap=0.000000 val_chain_d20_mse=0.000271 val_chain_d10_mse=0.000269 val_chain_d4_mse=0.000262 val_chain_normal_mse=0.000345 val_chain_d20_raw_mse=nan val_chain_d10_raw_mse=nan val_chain_d4_raw_mse=nan val_chain_normal_raw_mse=nan val_rollout_step_0=0.000724 val_rollout_step_1=0.000736 val_rollout_step_2=0.000768 val_rollout_step_3=0.001063 val_chain_tail_mse=0.000292 val_chain_samples=512.000000 val_chain_unique_slices=512.000000 val_main_batches_evaluated=64.000000 val_hop0_batches_evaluated=64.000000 val_main_window_start_batch=2496.000000 val_hop0_window_start_batch=2496.000000 val_select_score=0.001010
[val] step=39600 val_pair_total=0.000002 val_pair_velocity=0.000001 val_pair_endpoint=0.000001 val_rollout_total=0.000873 val_hop0_img_total=0.005583 val_hop0_img_l1=0.002285 val_hop0_img_ssim=0.011851 val_hop0_img_seam=0.003353 val_foc_total=0.000000 val_foc_gap=0.000000 val_chain_d20_mse=0.000321 val_chain_d10_mse=0.000319 val_chain_d4_mse=0.000312 val_chain_normal_mse=0.000402 val_chain_d20_raw_mse=nan val_chain_d10_raw_mse=nan val_chain_d4_raw_mse=nan val_chain_normal_raw_mse=nan val_rollout_step_0=0.000759 val_rollout_step_1=0.000798 val_rollout_step_2=0.000846 val_rollout_step_3=0.001139 val_chain_tail_mse=0.000344 val_chain_samples=512.000000 val_chain_unique_slices=512.000000 val_main_batches_evaluated=64.000000 val_hop0_batches_evaluated=64.000000 val_main_window_start_batch=2560.000000 val_hop0_window_start_batch=2560.000000 val_select_score=0.001187
[val] step=40000 val_pair_total=0.000001 val_pair_velocity=0.000001 val_pair_endpoint=0.000001 val_rollout_total=0.000851 val_hop0_img_total=0.005985 val_hop0_img_l1=0.002435 val_hop0_img_ssim=0.012756 val_hop0_img_seam=0.003613 val_foc_total=0.000000 val_foc_gap=0.000000 val_chain_d20_mse=0.000283 val_chain_d10_mse=0.000272 val_chain_d4_mse=0.000259 val_chain_normal_mse=0.000321 val_chain_d20_raw_mse=nan val_chain_d10_raw_mse=nan val_chain_d4_raw_mse=nan val_chain_normal_raw_mse=nan val_rollout_step_0=0.000720 val_rollout_step_1=0.000786 val_rollout_step_2=0.000827 val_rollout_step_3=0.001125 val_chain_tail_mse=0.000284 val_chain_samples=512.000000 val_chain_unique_slices=512.000000 val_main_batches_evaluated=64.000000 val_hop0_batches_evaluated=64.000000 val_main_window_start_batch=2624.000000 val_hop0_window_start_batch=2624.000000 val_select_score=0.000979
[val] step=40400 val_pair_total=0.000001 val_pair_velocity=0.000001 val_pair_endpoint=0.000001 val_rollout_total=0.000800 val_hop0_img_total=0.007046 val_hop0_img_l1=0.002899 val_hop0_img_ssim=0.014967 val_hop0_img_seam=0.004054 val_foc_total=0.000000 val_foc_gap=0.000000 val_chain_d20_mse=0.000213 val_chain_d10_mse=0.000219 val_chain_d4_mse=0.000222 val_chain_normal_mse=0.000301 val_chain_d20_raw_mse=nan val_chain_d10_raw_mse=nan val_chain_d4_raw_mse=nan val_chain_normal_raw_mse=nan val_rollout_step_0=0.000662 val_rollout_step_1=0.000745 val_rollout_step_2=0.000772 val_rollout_step_3=0.001076 val_chain_tail_mse=0.000247 val_chain_samples=512.000000 val_chain_unique_slices=512.000000 val_main_batches_evaluated=64.000000 val_hop0_batches_evaluated=64.000000 val_main_window_start_batch=2688.000000 val_hop0_window_start_batch=2688.000000 val_select_score=0.000856
[val] step=40800 val_pair_total=0.000001 val_pair_velocity=0.000000 val_pair_endpoint=0.000000 val_rollout_total=0.001022 val_hop0_img_total=0.007200 val_hop0_img_l1=0.002979 val_hop0_img_ssim=0.015172 val_hop0_img_seam=0.004278 val_foc_total=0.000000 val_foc_gap=0.000000 val_chain_d20_mse=0.000237 val_chain_d10_mse=0.000233 val_chain_d4_mse=0.000227 val_chain_normal_mse=0.000295 val_chain_d20_raw_mse=nan val_chain_d10_raw_mse=nan val_chain_d4_raw_mse=nan val_chain_normal_raw_mse=nan val_rollout_step_0=0.000871 val_rollout_step_1=0.000942 val_rollout_step_2=0.001009 val_rollout_step_3=0.001329 val_chain_tail_mse=0.000252 val_chain_samples=512.000000 val_chain_unique_slices=512.000000 val_main_batches_evaluated=64.000000 val_hop0_batches_evaluated=64.000000 val_main_window_start_batch=2752.000000 val_hop0_window_start_batch=2752.000000 val_select_score=0.000870
[val] step=41200 val_pair_total=0.000000 val_pair_velocity=0.000000 val_pair_endpoint=0.000000 val_rollout_total=0.001099 val_hop0_img_total=0.006477 val_hop0_img_l1=0.002680 val_hop0_img_ssim=0.013661 val_hop0_img_seam=0.003828 val_foc_total=0.000000 val_foc_gap=0.000000 val_chain_d20_mse=0.000319 val_chain_d10_mse=0.000299 val_chain_d4_mse=0.000283 val_chain_normal_mse=0.000347 val_chain_d20_raw_mse=nan val_chain_d10_raw_mse=nan val_chain_d4_raw_mse=nan val_chain_normal_raw_mse=nan val_rollout_step_0=0.000951 val_rollout_step_1=0.001038 val_rollout_step_2=0.001075 val_rollout_step_3=0.001389 val_chain_tail_mse=0.000309 val_chain_samples=512.000000 val_chain_unique_slices=512.000000 val_main_batches_evaluated=64.000000 val_hop0_batches_evaluated=64.000000 val_main_window_start_batch=2816.000000 val_hop0_window_start_batch=2816.000000 val_select_score=0.001068
[val] step=41600 val_pair_total=0.000000 val_pair_velocity=0.000000 val_pair_endpoint=0.000000 val_rollout_total=0.001136 val_hop0_img_total=0.007241 val_hop0_img_l1=0.002991 val_hop0_img_ssim=0.015288 val_hop0_img_seam=0.004276 val_foc_total=0.000000 val_foc_gap=0.000000 val_chain_d20_mse=0.000491 val_chain_d10_mse=0.000453 val_chain_d4_mse=0.000425 val_chain_normal_mse=0.000503 val_chain_d20_raw_mse=nan val_chain_d10_raw_mse=nan val_chain_d4_raw_mse=nan val_chain_normal_raw_mse=nan val_rollout_step_0=0.001035 val_rollout_step_1=0.001074 val_rollout_step_2=0.001120 val_rollout_step_3=0.001361 val_chain_tail_mse=0.000460 val_chain_samples=512.000000 val_chain_unique_slices=512.000000 val_main_batches_evaluated=64.000000 val_hop0_batches_evaluated=64.000000 val_main_window_start_batch=2880.000000 val_hop0_window_start_batch=2880.000000 val_select_score=0.001586
[val] step=42000 val_pair_total=0.000000 val_pair_velocity=0.000000 val_pair_endpoint=0.000000 val_rollout_total=0.001192 val_hop0_img_total=0.007539 val_hop0_img_l1=0.003140 val_hop0_img_ssim=0.015794 val_hop0_img_seam=0.004500 val_foc_total=0.000000 val_foc_gap=0.000000 val_chain_d20_mse=0.000282 val_chain_d10_mse=0.000273 val_chain_d4_mse=0.000264 val_chain_normal_mse=0.000337 val_chain_d20_raw_mse=nan val_chain_d10_raw_mse=nan val_chain_d4_raw_mse=nan val_chain_normal_raw_mse=nan val_rollout_step_0=0.001013 val_rollout_step_1=0.001154 val_rollout_step_2=0.001191 val_rollout_step_3=0.001470 val_chain_tail_mse=0.000291 val_chain_samples=512.000000 val_chain_unique_slices=512.000000 val_main_batches_evaluated=64.000000 val_hop0_batches_evaluated=64.000000 val_main_window_start_batch=2944.000000 val_hop0_window_start_batch=2944.000000 val_select_score=0.001007
