slice_idx,hop_idx_in_batch,psnr_ceil,psnr_transport,attackable_gap_dB,psnr_transport_vs_ceil,latent_l2_rel
0,0,50.58320203332866,38.48919832403162,12.094003709297041,38.81001057302296,0.008784622850596174
1,0,42.94905641520485,30.633596415998824,12.315459999206027,30.804748903685695,0.015050409059324433
2,0,43.04693178858297,29.74673191117626,13.300199877406708,29.863659019008,0.023919548574781752
3,0,45.2530140883068,31.97806224372648,13.274951844580318,32.17808934279391,0.017930892629502444
4,0,43.320764647110536,30.197125336920127,13.12363931019041,30.429476446544093,0.018123141839842587
5,0,44.72910261297329,31.762439688922512,12.96666292405078,32.00989580859729,0.02302096256758838
6,0,39.22856088627394,30.775287532628752,8.453273353645187,31.224603381741126,0.02348803621447519
7,0,48.008780905810355,36.922646429248616,11.086134476561739,37.46115921966357,0.03765011534469129
8,0,44.30969780617386,31.47000820534384,12.839689600830017,31.71682956888558,0.03976955269533493
9,0,41.19164252776386,30.106529315426364,11.085113212337497,30.72738297501507,0.07325916683678041
10,0,51.889629106572116,40.07388374520151,11.815745361370602,40.47842190633224,0.012996736337016531
11,0,41.41311339819798,28.969755188822504,12.443358209375475,29.18548429773729,0.041537983015788434
12,0,43.82266511601556,30.559738838296735,13.262926277718822,30.778798759511535,0.018807672775803478
13,0,45.85314097744113,32.942744162438004,12.910396815003125,33.141749722528274,0.025844542487164383
14,0,43.91161802900241,30.436973879302368,13.474644149700044,30.647449129191422,0.03162670143571414
15,0,41.64571909951826,33.78239206984932,7.8633270296689375,34.11801174443407,0.022499213496354382
16,0,43.710590087372594,30.781542318499238,12.929047768873357,31.01011195206419,0.018431259546960135
17,0,41.07701560568687,28.01325640639919,13.063759199287677,28.128411365719654,0.01792502848000075
18,0,50.1790708163451,37.67435028364801,12.504720532697092,37.84175221318419,0.016846706774509834
19,0,38.94493866290169,31.236998849742275,7.707939813159417,31.82922030910624,0.05818368055350035
20,0,43.76309954031508,30.76017863769461,13.00292090262047,30.986743565366496,0.04029962969113926
21,0,44.99425166334689,32.7379380500621,12.256313613284789,33.01261746610899,0.027450953553575477
22,0,51.33126587707248,41.048131025127375,10.283134851945107,41.57212988655199,0.013043469760543623
23,0,42.53400248282716,29.559977730134328,12.974024752692834,29.603695073006183,0.021912531204633226
24,0,50.5446048898431,38.47372255234258,12.070882337500521,38.76418752104314,0.015239445881597804
25,0,41.763159871032386,32.45328708598649,9.309872785045897,32.691587464592715,0.026698346738709553
26,0,39.380380498565316,30.460167658979163,8.920212839586153,30.872542675815485,0.04543411405104679
27,0,52.33921692970763,40.3745907727166,11.96462615699103,40.79660801824424,0.01116212951049775
28,0,43.5784080105735,30.051417818114547,13.52699019245895,30.13287671659426,0.029865568184962256
29,0,47.75531912620869,34.993393883952805,12.761925242255884,35.21799509191315,0.02081421059369235
30,0,46.0751081963017,33.238405977405364,12.836702218896335,33.416157310557466,0.03854726892072084
31,0,43.366900601128634,29.983944200082053,13.382956401046581,30.158541646265316,0.031458250972126074
32,0,48.39435512966077,35.29519876462567,13.0991563650351,35.53734504380118,0.028023678938853616
33,0,43.76908971361782,31.090583128280766,12.67850658533705,31.342830919995894,0.029345582767713728
34,0,50.573195011169716,38.357688270159926,12.21550674100979,38.6198784224163,0.015579785934045604
35,0,44.275247005535704,31.046075392860324,13.22917161267538,31.253750211117108,0.02252528761497131
36,0,49.86810725860329,37.663744942497736,12.204362316105552,37.87813982539376,0.019852407626858855
37,0,72.06678323784207,74.56016024554707,-2.493377007704993,78.13354392232759,0.0018064982859005078
38,0,44.60295399616108,33.64759773439093,10.955356261770149,34.026455636366165,0.028992639041662428
39,0,50.89352680616244,39.39259971099992,11.500927095162524,39.720242453966534,0.011205956312036743
40,0,40.820154449782834,31.31631854978291,9.503835899999924,31.755305525123347,0.02977224723035778
41,0,51.16016495122227,39.06706270540686,12.093102245815409,39.39797930913882,0.01564770059267033
42,0,52.811043264133545,41.822193268955104,10.988849995178441,42.199810924997436,0.008883246596543555
43,0,44.17468474970855,30.767872661268356,13.40681208844019,30.95038421808416,0.01887991376368647
44,0,43.91962856347031,31.012570705989884,12.907057857480428,31.203560357305335,0.021890459718725216
45,0,66.00806863167779,65.98754028909251,0.020528342585279802,77.71014290764103,0.004662979834295686
46,0,44.233071408907136,31.220981519935513,13.012089888971623,31.456220358986116,0.03100477251651021
47,0,43.74511556087512,31.11294403916051,12.63217152171461,31.270347261178753,0.018361582309748707
48,0,52.623865727946196,42.2764969853086,10.347368742637599,42.79677933410217,0.009002605106206726
49,0,41.93094452628996,28.923625581902723,13.00731894438724,29.071125615462236,0.029008350617715936
50,0,44.43058662583928,31.629072969221784,12.801513656617498,31.793958303272234,0.018162115194789302
51,0,44.624435778409776,32.5644620793468,12.05997369906298,32.8871298810155,0.033781200675756545
52,0,44.57094212425761,31.748490576700153,12.82245154755746,31.94382460923097,0.017289225841244024
53,0,51.20075899784574,40.45568905713385,10.745069940711886,40.81882338302357,0.021534354964460566
54,0,41.86443793279662,28.77389677297259,13.090541159824028,28.82879612140654,0.05030539088284836
55,0,50.92388787842292,38.941656982523824,11.982230895899093,39.255304515421614,0.017736893917296777
56,0,42.14043386965837,30.97410922958746,11.166324640070908,31.56592971341174,0.044227211216027205
57,0,44.40976707276634,31.66865238059596,12.741114692170381,31.858963509418793,0.031023589844216184
58,0,43.45192240692593,30.70888047453257,12.74304193239336,30.8864705409189,0.01900204250058536
59,0,51.33162987699218,40.884970641211225,10.446659235780956,41.3874093207116,0.017057883906693515
60,0,39.30999202892163,31.23981311544087,8.070178913480756,31.530243798323912,0.037677873537784595
61,0,40.71280465946381,27.519436454835215,13.193368204628598,27.618820285150456,0.036536884044275734
62,0,35.90595575693635,26.166777955666223,9.739177801270127,26.05054349991632,0.18146626441361274
63,0,43.59917831754835,33.11998762188309,10.47919069566526,33.65762388943534,0.030013506492380257
64,0,51.10216673190297,39.959908243816585,11.142258488086384,40.32053457253436,0.022830705167709214
65,0,43.44359984712838,30.28082782618909,13.162772020939293,30.411166476369612,0.01748555816878413
66,0,51.082934261019375,39.31167975342743,11.771254507591948,39.67998340396025,0.013202550274634479
67,0,42.49646926315877,34.62687582061089,7.869593442547881,35.16672643901478,0.041109716208974655
68,0,43.27098471488263,34.78154446004267,8.489440254839963,35.111480921094596,0.025999651553591612
69,0,42.39011257052782,29.431441573007227,12.958670997520592,29.586617399703616,0.01853488067099928
70,0,44.41192580021702,31.200016719493135,13.211909080723885,31.354665188364915,0.016176929062361015
71,0,51.2801939949217,40.11751199073405,11.162682004187651,40.53703515826032,0.02619611185358554
72,0,51.091370546751975,38.81109218324489,12.280278363507087,39.091563274204304,0.011140910817334726
73,0,51.632879522570676,40.83087177177286,10.802007750797813,41.30578988045055,0.015180041928851754
74,0,49.19404045882028,36.95132462237105,12.242715836449236,37.24366818350063,0.024975697708399205
75,0,42.20201252846233,31.587457670296796,10.614554858165537,32.184013697900255,0.061832228981959045
76,0,50.01031487911979,38.33998278387499,11.670332095244802,38.65286573353423,0.010721652626030885
77,0,53.07942376279054,43.065835431653014,10.013588331137527,43.6552789497819,0.00822747484943558
78,0,43.15866593643554,30.93167112687398,12.22699480956156,31.095088614016962,0.03438383891758378
79,0,51.40088982846348,39.48872184494677,11.91216798351671,39.82402229322008,0.010708231649360947
80,0,47.05199099595578,35.56811346392304,11.483877532032736,36.07472941123517,0.025631458672958605
81,0,42.30741671502847,29.34574405158876,12.961672663439707,29.511475001994498,0.025650972859068595
82,0,72.06678323784207,74.56016024554707,-2.493377007704993,78.13354392232759,0.0018064982859005078
83,0,51.50830431815068,39.940044455846305,11.568259862304373,40.30901860440373,0.021780135202918972
84,0,45.74196942152636,32.956213539366814,12.785755882159549,33.139534708230144,0.018313301206497625
85,0,41.096762889096354,32.12955897187537,8.967203917220985,32.251422943301705,0.05171809062999716
86,0,51.86074426609078,40.08645014034346,11.774294125747318,40.53917928389214,0.01234130211279209
87,0,42.101837254272695,28.45050886788774,13.651328386384954,28.52867669135262,0.03489858284121938
88,0,44.31789427389754,30.702029925446322,13.615864348451215,30.89419605354233,0.024713360630452787
89,0,51.651687316711616,41.42461231277756,10.227075003934054,42.05994391592806,0.01402146106223658
90,0,44.44252016391654,30.742137281321245,13.700382882595296,30.870184426326794,0.020890647069333593
91,0,51.148437955793156,39.766102044883596,11.38233591090956,40.150056974151624,0.00897607555621001
92,0,48.04041449946726,35.53049010486282,12.50992439460444,35.788731639761124,0.021690724398248144
93,0,45.137130932027304,31.53650202427321,13.600628907754093,31.64938488882068,0.017466312832367045
94,0,41.93286796410953,29.40371070045495,12.529157263654582,29.540268697706594,0.045267947734449664
95,0,48.80438622972672,36.29273910686037,12.51164712286635,36.533709724908476,0.02571851865591465
96,0,49.763304674814634,37.415026603840275,12.34827807097436,37.6991607705448,0.01641414912659725
97,0,41.97659544209499,27.851338279127944,14.125257162967046,27.90098133115022,0.03237684584886438
98,0,40.96602866650041,30.773208900123326,10.192819766377081,31.405112085980438,0.06690080247111135
99,0,51.794170302087394,41.4752147282764,10.318955573810996,42.00125740857463,0.01940093586535085
100,0,48.733258225586994,38.0123583566144,10.720899868972595,38.566983990297175,0.04647073394297145
101,0,49.301395526724846,37.480903281730065,11.820492244994782,37.80132225555254,0.032682725823074084
102,0,45.14978812857771,31.376311365131567,13.773476763446144,31.53618835460047,0.015798855417814273
103,0,44.79737539884515,32.1106507642795,12.68672463456565,32.38892171496994,0.019606657499566055
104,0,44.140112565660715,31.150720490087398,12.989392075573317,31.34360272299801,0.015527780724848367
105,0,48.82428619824543,36.57481893849459,12.249467259750844,36.86968473419536,0.020009934189724708
106,0,53.67684357456511,44.76833903921802,8.908504535347092,45.71292602347948,0.02094361691122898
107,0,45.26376762698601,34.103929483797955,11.159838143188054,34.652140239843035,0.024552433656671046
108,0,44.74592970937479,32.0320776063143,12.71385210306049,32.2466802497022,0.018573456503265463
109,0,38.78012065944926,29.965652306487787,8.814468352961473,29.91004877830805,0.14577610204457223
110,0,52.94115377861168,42.13432839200463,10.806825386607045,42.55074946673838,0.013440604848317498
111,0,51.92262492515631,39.99852289317076,11.924102031985555,40.36984936299166,0.019283265731759137
112,0,44.63872563836193,31.595212623599654,13.04351301476228,31.771751998316365,0.016487828998036684
113,0,43.54001383854951,30.860124013909235,12.679889824640277,31.01544049223195,0.020201036853038378
114,0,51.103035678948274,39.508853170550196,11.594182508398077,39.82577964941909,0.011708857944399164
115,0,50.66366157859936,38.11913776584733,12.544523812752033,38.377626666908185,0.011222175476310462
116,0,45.032357838431025,31.770212802446142,13.262145035984883,31.94906243393751,0.030015523940475835
117,0,39.745513648406586,30.871799388312127,8.87371426009446,30.966785521707617,0.06561496566914168
118,0,52.19441438789828,41.346313845633006,10.848100542265271,41.806235312489804,0.019324956791337673
119,0,52.51876038274658,41.487979659239755,11.030780723506822,41.91358453275383,0.016614353965113994
120,0,43.57885398111195,31.00582373920844,12.573030241903506,31.205248735952498,0.01772523444381477
121,0,42.76343840192936,30.22280349302803,12.540634908901332,30.366575750857905,0.020292643622000877
122,0,44.187010937328665,30.942466908093703,13.244544029234962,31.140851827528408,0.02744983970191942
123,0,43.988917904393915,31.190589702021096,12.798328202372819,31.359361108643352,0.022122075448738957
124,0,50.6541521095737,38.53826206683475,12.115890042738954,38.90159387214783,0.01982272955804727
125,0,40.57127470007145,27.60227968052379,12.968995019547659,27.73042681856835,0.0208283298613152
126,0,51.07702685365544,40.46727331516333,10.609753538492107,40.969518245559186,0.013586848327271412
127,0,43.09399944052946,30.33672454936672,12.757274891162737,30.521650034264535,0.015376823755997542
128,0,43.65027089260866,30.766150322350914,12.884120570257746,30.97697396475016,0.030316880787452063
129,0,50.724985507405535,38.75954561063278,11.965439896772757,39.05148270928606,0.01079427107888272
130,0,43.40112669244634,30.14721158649026,13.253915105956079,30.30215671521081,0.03299701326488039
131,0,40.731746216649185,27.713607524320775,13.01813869232841,27.892225617694532,0.03668265219697259
132,0,53.454461785506126,44.42192997059959,9.032531814906534,45.28526433082584,0.025884540869076378
133,0,40.79422709522687,31.594831099967436,9.199395995259437,32.10586255901532,0.027865330771326243
134,0,43.54557965319874,32.540958537515436,11.004621115683307,33.04924884957256,0.03772310911171442
135,0,40.55738015527106,31.26101884419782,9.296361311073241,31.91260572036562,0.03653102957336298
136,0,47.0198427794479,36.392776247264585,10.627066532183314,36.935626775074525,0.043521513034108415
137,0,44.66083651267937,32.7589867193858,11.901849793293565,33.053605588828354,0.02071211724318254
138,0,39.31812319753007,29.694336099084776,9.623787098445295,30.1032876580185,0.02424457925031663
139,0,49.776817617802095,38.60078488972721,11.176032728074887,38.92878106363436,0.012717886330040123
140,0,45.693802143968085,33.814650505891464,11.879151638076621,34.021408119148916,0.02774484954534549
141,0,50.145703714907114,40.64092566216989,9.504778052737223,41.18889017022258,0.027464927546685385
142,0,53.35659200573072,43.5490264188373,9.807565586893418,44.39185699150232,0.0250288568204784
143,0,52.09043062196865,42.2958483645851,9.794582257383553,42.93214655551486,0.013967115785312276
144,0,45.49600148527962,33.104181593719645,12.391819891559976,33.415766529674606,0.028876448493419558
145,0,49.70722885411213,37.22211190984686,12.485116944265272,37.50069549324738,0.019075090037547076
146,0,72.06678323784207,74.56016024554707,-2.493377007704993,78.13354392232759,0.0018064982859005078
147,0,43.874205306542706,30.789982050364262,13.084223256178444,30.996811643566648,0.03621476769941197
148,0,51.98118998491587,39.79886343946886,12.182326545447012,40.1887647962496,0.014387061156431187
149,0,44.84322507451658,33.59303947989497,11.250185594621612,34.157011066463824,0.01577050252920026
150,0,43.02301133501986,29.92896555259216,13.094045782427699,30.090324981075458,0.023195091136690653
151,0,50.35165526389518,38.44149678724118,11.910158476654004,38.68713220904243,0.013451063101371596
152,0,48.54479546375747,36.075324196510195,12.469471267247272,36.28120700613346,0.025467081819917473
153,0,49.91131385408575,37.7753981786827,12.135915675403048,38.03638252326135,0.01984140844822263
154,0,48.41710669111539,37.74815564399833,10.668951047117062,38.213818022198836,0.032628459050260114
155,0,72.06678323784207,74.56016024554707,-2.493377007704993,78.13354392232759,0.0018064982859005078
156,0,50.623176582193054,38.64948292875994,11.973693653433116,38.94323959594445,0.009514094873159382
157,0,45.88289085368032,36.12459131313423,9.75829954054609,36.47210892451038,0.034212835457311866
158,0,48.3728425168091,35.82063615974087,12.55220635706823,36.0748454494033,0.01731209419612273
159,0,41.19794959957963,28.08291133346309,13.115038266116539,28.216497425844487,0.021247064333417255
160,0,52.40245600290889,41.31665743174448,11.08579857116441,41.878016830396305,0.013622969896611678
161,0,68.35870443447386,68.53639273721177,-0.1776883027379057,77.27903519844679,0.010047923207241545
162,0,63.34129613329324,63.06471052186971,0.27658561142352767,76.68431231918119,0.008380214840929767
163,0,50.486698330350364,39.31909029909288,11.167608031257487,39.74118742405905,0.020120519596208926
164,0,51.426490801820705,40.1380937663429,11.288397035477807,40.50129675801384,0.010516347171140302
165,0,43.207282155117454,30.19397514825424,13.013307006863215,30.385284139732747,0.022067412929177025
166,0,70.58036636585733,71.9292430417119,-1.3488766758545694,78.04342589872815,0.002661843793865513
167,0,50.70095089731906,37.860685834269376,12.840265063049685,38.066716368916175,0.01519760534159001
168,0,50.25786304685367,38.146132370563386,12.111730676290286,38.40429305332299,0.012480992111631692
169,0,42.88572118310154,30.07742100921418,12.808300173887357,30.24197514069581,0.023810784893816675
170,0,44.15781858745616,31.487851230562605,12.669967356893558,31.7185175131906,0.020072754684368223
171,0,50.834248766316676,38.587047270806565,12.247201495510112,38.767676548250144,0.011463572389375707
172,0,47.99710325949002,37.03820790806867,10.958895351421347,37.53472158858702,0.03749807546635829
173,0,42.607744880002656,34.14854428835226,8.459200591650394,34.203314068141836,0.03200244361572399
174,0,52.22282340820476,42.06220126752197,10.16062214068279,42.479301500964056,0.009309304534280409
175,0,50.366379517704644,37.700546070940234,12.66583344676441,37.93244444883339,0.012781214412903849
176,0,40.208415202571196,31.646203764375638,8.562211438195558,32.24204514862087,0.056632486650946
177,0,38.855915626798804,30.331868437847287,8.524047188951517,30.63512547891222,0.020833270243272063
178,0,45.06303362928823,31.85252381486212,13.210509814426107,32.05085830210368,0.02958589567881717
179,0,40.11534497255347,31.03435716473385,9.080987807819621,31.533126144614048,0.03198698368298304
180,0,50.99425092318826,39.080979531046225,11.913271392142036,39.373591689655285,0.01562916394404375
181,0,39.676950395277984,30.55669246857504,9.120257926702944,30.652517134797,0.04373946195235705
182,0,51.23116435889949,39.896192822977795,11.334971535921696,40.11254252238721,0.009895694750278296
183,0,43.34592940463685,30.22467156164865,13.1212578429882,30.401272333994612,0.020474536570234313
184,0,44.517275489556454,31.786554541037535,12.730720948518918,31.956227265223607,0.02543013757051691
185,0,51.033736581216985,38.942855558839184,12.0908810223778,39.212007024110505,0.012017171546029064
186,0,52.40826563363761,42.50356396626415,9.904701667373459,43.14357356931956,0.009629189426693042
187,0,52.89154692543188,42.63027987888181,10.261267046550074,43.17690272876888,0.007766568108526828
188,0,40.170024779394744,30.562561230227416,9.607463549167328,30.93575486549398,0.025274028383232065
189,0,46.75063114416035,34.26562496627828,12.48500617788207,34.476222636014874,0.019815708568378224
190,0,44.19474275404255,31.1838528143854,13.010889939657151,31.285207771922504,0.016101473740343177
191,0,44.86176182758756,31.84464162550705,13.017120202080505,32.05442593127212,0.02537081212188119
192,0,44.128362214410956,31.64466641587217,12.483695798538786,31.819839780158603,0.014335604400607481
193,0,48.760885368928896,36.58189367848742,12.178991690441478,36.81696863327913,0.019963552240704324
194,0,44.53103192798895,34.149827099838376,10.381204828150572,34.60967713009784,0.03397845229503519
195,0,43.63883051899465,30.86544433981291,12.773386179181742,31.09576209286398,0.025017893776472448
196,0,47.791757840998386,36.89691399975342,10.894843841244963,37.407926347545285,0.04777234069541582
197,0,51.65866259054144,39.64234221839871,12.01632037214273,39.89946032870978,0.011306774946877022
198,0,42.30438744222346,33.50406322621309,8.800324216010367,33.97059225265566,0.043936707293454266
199,0,46.63731190728012,35.484335886383235,11.152976020896887,36.00181548196761,0.0592379800012306
200,0,44.152848037155835,31.895054612322653,12.257793424833181,32.180399681947236,0.02431140668078324
201,0,41.746935663286564,31.062454488511808,10.684481174774756,31.74461848182417,0.029826032224522066
202,0,47.50787456724815,36.34835570449724,11.159518862750915,36.9214216409535,0.032924049609022864
203,0,50.59197738417427,41.41290806605252,9.179069318121748,41.92194256431449,0.03908446071831545
204,0,50.73758149018869,39.305889773689856,11.431691716498833,39.68821930430385,0.014023413986405858
205,0,51.07681359713126,39.39708542470959,11.679728172421676,39.70173602041015,0.014664033336260712
206,0,50.852177086607625,42.919331394402434,7.932845692205191,43.71843963535703,0.031963327060804736
207,0,41.604360971950214,32.09042288355849,9.513938088391726,32.659883273138405,0.06692448335946753
208,0,43.72730049633712,30.500362906235477,13.226937590101645,30.687661633167465,0.020883715048851666
209,0,71.7285684128689,73.96020059588828,-2.2316321830193857,78.13359568026615,0.001832675901557549
210,0,45.34360307290255,32.84109864872045,12.502504424182106,33.040819094376786,0.019078028026991167
211,0,39.38102688649295,30.793790588101313,8.587236298391634,31.38555094116027,0.04275454723337234
212,0,43.294815681308876,30.151423331941547,13.143392349367328,30.32515406433767,0.027217899845651886
213,0,43.40621013471876,33.64009165523612,9.766118479482643,34.02199863696273,0.02498389654863411
214,0,42.13439313266696,29.25094124873633,12.88345188393063,29.37166507431127,0.02744928479615326
215,0,50.18703198095767,37.940997909011635,12.246034071946035,38.22728613121077,0.017648200403606623
216,0,48.65289065623706,36.05617593723099,12.596714719006073,36.19787604776423,0.018603916970542814
217,0,44.603384456747335,31.263145664099945,13.34023879264739,31.422691801671263,0.025090502979663296
218,0,45.70268794859405,33.75347088709918,11.949217061494863,34.08651470985943,0.031101123944853138
219,0,44.369287954755166,31.388896906506506,12.98039104824866,31.650601536881343,0.02659310789440485
220,0,44.819330732581236,32.30874104956885,12.510589683012384,32.598497310613254,0.029512413561161424
221,0,41.3059260883189,30.36814960411467,10.937776484204228,31.018454219200535,0.03071930361098604
222,0,39.87666463722468,31.289243420390644,8.587421216834034,31.59477011120146,0.03693690227615635
223,0,43.053281734072016,30.226430116143472,12.826851617928543,30.285514379751096,0.019902534114402057
224,0,50.21151429658934,38.20098066215279,12.010533634436555,38.4323245063614,0.008612142867810813
225,0,41.85298073457747,28.967202468573607,12.885778266003864,29.18619668126424,0.030251606232811687
226,0,67.12481664325192,67.62877241764883,-0.5039557743969141,78.08886232449356,0.0021000919534775266
227,0,49.035416045239245,36.593634688480236,12.441781356759009,36.813855313952544,0.014316880632594639
228,0,47.758696286224705,35.78332338959338,11.975372896631328,36.059834040498714,0.016222005477272643
229,0,43.87603673191485,31.23260074913361,12.643435982781241,31.434252013592562,0.01602992957807065
230,0,51.30219216302163,39.586513513126036,11.715678649895594,39.97654342426592,0.022844823002783166
231,0,45.99177357838339,34.80869203219763,11.183081546185761,35.25855876908301,0.022392555446184154
232,0,39.128827828552744,28.498536963490867,10.630290865061877,29.084445310668418,0.10720083404143324
233,0,42.46477889299496,30.121617026013197,12.34316186698176,30.40760939231303,0.017055920327020357
234,0,40.198305894607884,31.082503465919267,9.115802428688617,31.687654746829686,0.027817423906847685
235,0,42.89324331556929,30.197340729487678,12.695902586081615,30.410115295029247,0.02225137064305199
236,0,44.22717350349838,31.552758682618435,12.674414820879942,31.815528104364873,0.05695992837052687
237,0,42.96520141430619,30.48149920248885,12.483702211817345,30.67431849288588,0.018738657984235376
238,0,50.09397529227421,40.56575090163963,9.528224390634577,41.273503846713936,0.04237870396587796
239,0,48.93260800139596,35.8401766867979,13.092431314598059,36.04696410636805,0.02519134527327655
240,0,40.394136401511645,31.966220823142752,8.427915578368893,32.102592643484556,0.037369509392412424
241,0,43.52606005198855,30.67895659321532,12.84710345877323,30.837357458960955,0.015185175882587514
242,0,44.17143177635111,30.881943350687916,13.289488425663198,31.060252446185235,0.01944852871338809
243,0,66.6723913679779,66.56034674179975,0.1120446261781467,77.03435958794536,0.010066386727480893
244,0,43.89246974751215,31.040077564196423,12.852392183315729,31.246955132982595,0.025697457664214437
245,0,39.67202171151183,31.171135001834582,8.50088670967725,31.307882033892753,0.05139214156391131
246,0,43.67282430463844,31.32416792111182,12.34865638352662,31.51482675299864,0.01648836132042864
247,0,40.59072964131065,27.583009344195588,13.007720297115064,27.675627692917992,0.026256824566636663
248,0,49.21803126081811,36.726189104969365,12.491842155848744,36.99848708600054,0.016872852944844467
249,0,49.87384058876269,37.914182909035446,11.959657679727243,38.25806192063504,0.012654630298894097
250,0,43.81245108716128,30.79984841282978,13.0126026743315,30.90466317252428,0.01800033451786652
251,0,48.28246644374546,35.329105217379634,12.953361226365828,35.53059809612836,0.02097511319045247
252,0,49.79172589370651,38.75406737041348,11.037658523293032,39.25365274511687,0.011930256741907185
253,0,53.556819291716806,42.390796866123736,11.16602242559307,42.77068453142043,0.010119518572016342
254,0,52.090568688432356,40.812208025946305,11.278360662486051,41.20355390927739,0.01594166945008546
255,0,51.810102975367656,40.31554911802395,11.494553857343703,40.6636280349511,0.015018537465929646
256,0,49.15153922334066,37.913417754261594,11.238121469079069,38.21183765211457,0.024161784298888867
257,0,42.797248655627726,34.37580198078525,8.421446674842478,34.5202256989712,0.026017789229273915
258,0,43.174167938053415,30.761199721861427,12.412968216191988,30.936340521710765,0.014525231616806477
259,0,51.78113202264497,40.321537431982485,11.459594590662483,40.74133501977941,0.012142387752801301
260,0,50.202820165082116,38.93704585740153,11.265774307680587,39.2972543725061,0.009405437656672696
261,0,51.61726434984226,39.800928025596995,11.816336324245263,40.181565592514836,0.01596427755846143
262,0,50.994857925161014,39.72349983114813,11.271358094012882,40.06352519635212,0.01908150801741616
263,0,50.09918576477108,37.73389886815569,12.365286896615387,37.96883034582849,0.011237290206045716
264,0,43.56451687571261,30.584731513406158,12.979785362306455,30.714356308444188,0.024372325870398514
265,0,48.7693389125095,36.92976943195468,11.839569480554815,37.21640436172379,0.02747244028250399
266,0,52.82916072343701,42.40613581633521,10.423024907101805,42.85411181394788,0.01672130774994642
267,0,40.23649235169765,30.428117777521663,9.808374574175986,30.928653277968333,0.050685406697576665
268,0,43.925046370816744,31.02251435532,12.902532015496746,31.273996985687933,0.01978830095528447
269,0,52.13088377868665,41.63891152637838,10.491972252308273,42.25608053538714,0.010256809356196437
270,0,43.77647179060912,31.155485562084376,12.620986228524746,31.355173232983162,0.01572423027085458
271,0,40.67761117067638,27.869139986561752,12.808471184114627,28.007205502517646,0.042004146875314445
272,0,49.92221593735698,38.22920854315879,11.69300739419819,38.48849660295062,0.013988817332523761
273,0,44.04006612569907,30.936375089324628,13.103691036374443,31.070766601159093,0.01667208567277016
274,0,46.238486711833076,34.733562109967934,11.504924601865142,35.20674442860507,0.027799905660857837
275,0,50.71706091962092,39.09590171793566,11.62115920168526,39.460390704061496,0.016475870563696163
276,0,51.120189480947275,40.478624804705674,10.6415646762416,40.851560740032724,0.01593233606414649
277,0,41.53026625180944,28.310229756646653,13.220036495162784,28.530298496282334,0.027203487351314507
278,0,50.7437298653286,38.29458817613644,12.44914168919216,38.50127663695031,0.009553605024029055
279,0,42.79734680505979,30.407094071594646,12.390252733465143,30.542575042834454,0.02381301957246412
280,0,48.43495836356318,36.82782468005489,11.607133683508295,37.2631872398366,0.020370577770980874
281,0,51.53252517823999,39.680756340769705,11.851768837470289,39.95342841844494,0.01197415021817002
282,0,43.68736255727315,30.775321916310503,12.912040640962644,31.004068411886358,0.016244014588532814
283,0,50.75921259023693,42.03200091927238,8.72721167096455,42.69723246591575,0.041704557983918776
284,0,51.043929002472126,39.3548635704948,11.689065431977326,39.599548857133655,0.008625689666137032
285,0,46.26976934171229,35.05358465047951,11.216184691232783,35.539072738893424,0.015437106326620872
286,0,39.70658462115956,28.82172894179557,10.884855679363987,29.235378861112512,0.06888428977636799
287,0,42.97844365690814,30.167942231048386,12.810501425859755,30.321247619312285,0.02508379894372096
288,0,50.847242531162635,38.1230518057711,12.724190725391537,38.38287160574683,0.019563703921829625
289,0,42.9302729655962,30.196524833704434,12.733748131891769,30.339971294327444,0.015402119302984674
290,0,48.554977956515415,36.074823151632316,12.4801548048831,36.34240842320787,0.03168377499932207
291,0,52.44153129395852,42.71237689977383,9.72915439418469,43.22156190069573,0.008342497379812401
292,0,50.95476582531009,39.483872156660766,11.470893668649325,39.849940117092174,0.010591545505645276
293,0,51.06778679879922,39.8257302697091,11.24205652909012,40.24183265456853,0.01880875548324288
294,0,48.19296092951669,35.81084545400255,12.382115475514134,36.010605962249755,0.01735256682889301
295,0,45.69299017697432,34.63290193941134,11.06008823756298,34.995362833090795,0.03538717091593142
296,0,53.01455450839234,43.196365228605686,9.818189279786651,43.83818767897601,0.012937004206753517
297,0,44.02070021340754,31.528695187490516,12.49200502591702,31.758312263494705,0.018700555742034494
298,0,49.10265852672126,36.93535353953242,12.167304987188835,37.228877158366615,0.01912958909649572
299,0,43.91960986321074,30.75501344757588,13.164596415634858,30.925522677575014,0.023040724095415847
300,0,51.67633820488746,39.58236569926373,12.093972505623725,39.810120188996635,0.012225685990854189
301,0,49.610294199078936,37.86228605406966,11.748008145009273,38.133584988096345,0.013003190699552235
302,0,39.23613613269215,31.67536292468674,7.560773208005411,31.80480437729071,0.026617820878689927
303,0,44.47986798058342,31.208487966439694,13.271380014143727,31.3405184753258,0.02807675632062617
304,0,43.46212437327678,30.011308549790947,13.450815823485833,30.176625477925125,0.03652928742735294
305,0,50.7582187130817,39.55042555660518,11.207793156476527,39.91039649261768,0.020405410683578474
306,0,50.78306601509932,39.010628304462976,11.772437710636346,39.316160844995906,0.015620890901293602
307,0,51.27503308381917,39.83366034030912,11.441372743510044,40.17693013923389,0.009204139137605205
308,0,40.44811829194454,31.39041099948393,9.05770729246061,31.519059305897606,0.020596411513023095
309,0,53.156103519696316,42.64009899836606,10.51600452133026,43.08736413631904,0.018976584354790032
310,0,41.47298284479916,30.29826078369626,11.174722061102901,30.505189096998652,0.020038817249933137
311,0,40.55418500795291,27.578708553669014,12.975476454283896,27.71461560127034,0.03181066345118419
312,0,50.83134726033241,38.33307757919691,12.498269681135497,38.650829969972605,0.011093291084328195
313,0,50.581934889824865,43.60408107425263,6.977853815572232,44.670374281307545,0.048830739563263524
314,0,45.84370523202608,33.35806936394346,12.485635868082625,33.65294569721527,0.02187078271617718
315,0,51.951355023730045,40.613784774088835,11.33757024964121,41.07632746539025,0.01070443871789341
316,0,50.80115624613245,39.65864375498091,11.142512491151543,40.08471240961897,0.03580245550877408
317,0,43.82295095088209,30.75135255162827,13.07159839925382,30.919648949567566,0.017544395518480926
318,0,48.39419599552207,35.46478025992193,12.929415735600138,35.6349354481326,0.01824955801970805
319,0,44.70156154246568,31.607597235107544,13.093964307358139,31.736219653228126,0.023887863025374455
320,0,47.11380527840606,36.0223144852243,11.091490793181762,36.521829271905005,0.02575446923685023
321,0,44.93003984593902,31.642023606196023,13.288016239742998,31.827581891002815,0.016843433260648993
322,0,50.88791225609479,38.67475053492424,12.21316172117055,38.94039183506329,0.015369395993762755
323,0,44.3334423143415,31.109180545803625,13.224261768537872,31.346050070844495,0.018384094707634004
324,0,43.477806930292985,29.61612841804384,13.861678512249146,29.762713689493186,0.024903065275363342
325,0,45.18193058555788,32.65047935438396,12.531451231173918,32.80086239138748,0.02407534374562528
326,0,42.21226499842379,31.96395522972676,10.24830976869703,32.319137175793614,0.029183636315896478
327,0,39.36580850564849,28.849701039025643,10.516107466622845,29.586029048364715,0.061198358834794936
328,0,49.28587467697622,36.864052575949515,12.421822101026706,37.110515563768956,0.03181268089927977
329,0,49.90621046008573,38.09578384212619,11.810426617959543,38.452260412151404,0.009536230881474607
330,0,44.45821980195866,33.769650177278365,10.688569624680298,34.306773878793415,0.020084605578831582
331,0,52.83827858414499,41.06095159917176,11.777326984973229,41.43388530860709,0.01311097576763513
332,0,43.47021586594229,30.000473890075614,13.469741975866679,30.148544670244927,0.017760887139290603
333,0,50.75552338623419,39.20155836688463,11.553965019349555,39.475328887580915,0.013891363620439913
334,0,50.53041084528935,40.04543142916331,10.484979416126045,40.62303692673588,0.016634681152695337
335,0,41.517898870737085,31.459555200145143,10.058343670591942,32.00301115569491,0.05100951468096549
336,0,43.508214480803204,30.935349328816084,12.57286515198712,31.159868732585814,0.017123413330842767
337,0,38.91733784519822,30.781290533746237,8.136047311451982,31.156564370236563,0.024361455739614884
338,0,44.01865406823556,31.176567422588054,12.842086645647509,31.303704953609863,0.02618832346730887
339,0,51.169867697108884,40.242878097063624,10.92698960004526,40.629776631889186,0.027750839516503464
340,0,50.30017663418289,39.10016550150249,11.200011132680402,39.394414159034866,0.009811646959281583
341,0,51.725728621595195,41.78495620103837,9.940772420556826,42.320819179237944,0.01718253660450942
342,0,43.28615577032336,29.867018174898273,13.419137595425088,30.013308237587204,0.016575809587781213
343,0,42.58206832293445,29.950873296999024,12.631195025935423,30.094950396401888,0.01896966224357159
344,0,49.8895332595492,37.48816333579124,12.401369923757954,37.762807051618424,0.01691708732251791
345,0,40.07272395785362,30.909011336665973,9.163712621187646,31.496391655073218,0.02263655912587183
346,0,44.70359281617914,31.65964095991094,13.043951856268198,31.787752579961474,0.014191518171589458
347,0,50.32099302839664,38.467872531688016,11.853120496708627,38.76789142729059,0.010343446707435235
348,0,43.404658117502535,32.360864373269,11.043793744233533,32.900757574403684,0.024021401743240335
349,0,44.08138716959293,34.27837604647557,9.803011123117358,34.72021973547716,0.01641038738169409
350,0,39.78591117853286,31.673836034336173,8.112075144196684,32.24506344929121,0.049131175868891236
351,0,42.225634466369414,28.91968698110299,13.305947485266422,28.989470421684658,0.037510928632476806
352,0,41.27526176234433,28.135931013479407,13.139330748864921,28.34573724214123,0.04166197936156479
353,0,39.30938248110299,31.71655498123644,7.592827499866555,32.02701970144622,0.05705826713579978
354,0,50.14866055557077,39.72093698403183,10.427723571538941,40.23498766385937,0.02024591969617111
355,0,42.87431562651038,29.783024486042446,13.091291140467934,29.904743247825976,0.015837208454211032
356,0,49.69108328833728,38.3853149835709,11.305768304766382,38.92146353711907,0.010892739967406986
357,0,50.0581712726038,38.01040022684832,12.047771045755482,38.328753296902335,0.010060603925711384
358,0,48.88078761844926,37.78440166728522,11.096385951164038,38.33842107618543,0.030808340176884344
359,0,43.50542382928582,31.13338144371747,12.372042385568346,31.381940970092597,0.015969178150663746
360,0,43.423161492435256,29.851170607284967,13.571990885150289,30.025012939992855,0.016327921502290444
361,0,50.52087845750391,39.165276780121104,11.355601677382808,39.483034228964954,0.016863765825224197
362,0,48.854442615279126,36.29390242627157,12.560540189007554,36.55888034138908,0.02009246889464974
363,0,45.41190593735591,34.0303595862478,11.381546351108113,34.37246168484033,0.028596958968426567
364,0,41.19282084825309,31.51776198501627,9.67505886323682,31.95646771869986,0.0673642781365958
365,0,52.466067625791254,41.38727091978813,11.078796706003125,41.933589527771986,0.011306375973932747
366,0,41.28437159878264,28.466150432305948,12.818221166476693,28.634761575417862,0.023071355754026947
367,0,72.06678323784207,74.56016024554707,-2.493377007704993,78.13354392232759,0.0018064982859005078
368,0,51.23747581592693,38.70289715130356,12.534578664623368,38.98452948161939,0.009738545652381287
369,0,44.342711654018814,30.81827323294812,13.524438421070695,30.949092041948163,0.02805807449316542
370,0,51.21168194338307,39.72329558050987,11.4883863628732,40.10394145758061,0.019044439021758088
371,0,53.213062363908534,42.670347080468275,10.542715283440259,43.18531191099633,0.018093240205061513
372,0,71.18009795781546,72.92270109584744,-1.7426031380319813,78.07903769621174,0.002382279548499762
373,0,50.28972597720421,38.22577114104379,12.06395483616042,38.580235233683716,0.008736992901301312
374,0,39.293554166406466,31.769454553790695,7.524099612615771,32.13852613467935,0.058598522082049104
375,0,51.150168105912385,39.201415805963464,11.948752299948922,39.49618237416075,0.014155485860347235
376,0,40.652511063432556,27.55559691365901,13.096914149773546,27.70409052133286,0.025276947015498267
377,0,47.91734172844701,35.49097270217648,12.426369026270535,35.72938284180912,0.020045740667224886
378,0,50.21118660237923,38.18468838718309,12.026498215196142,38.42943193423208,0.009104194801966262
379,0,51.63387626188782,40.02490457314937,11.60897168873845,40.33049692080289,0.01702217959207664
380,0,46.2423002368655,35.19636247421249,11.045937762653011,35.60142103477261,0.03595747209090695
381,0,51.69832671851299,40.68492516070654,11.013401557806446,41.0375554684106,0.014658939172279502
382,0,53.300633623428624,42.42222870171362,10.878404921715003,43.00199727356669,0.014518662081854875
383,0,72.06678323784207,74.56016024554707,-2.493377007704993,78.13354392232759,0.0018064982859005078
384,0,50.492169459320806,40.6990193783234,9.793150080997407,41.31916506707368,0.02188492636082165
385,0,41.0854624798078,28.129610467875242,12.95585201193256,28.259035273648035,0.04586841599576696
386,0,43.93290978722979,30.880364241489364,13.052545545740426,31.16241377519909,0.021780102940955823
387,0,41.04392435883827,27.881041010376418,13.16288334846185,27.992100164267878,0.02013253180048803
388,0,49.507858805229986,37.903929161026696,11.60392964420329,38.33380362385677,0.015178841783822616
389,0,40.03339481116454,30.405297837614146,9.628096973550395,30.603319761707617,0.028411469886700805
390,0,48.104073750612656,37.70195464805846,10.402119102554195,38.26816909430123,0.036134534347858224
391,0,53.066731898564214,42.687870188439575,10.378861710124639,43.083304120449654,0.017407869210724063
392,0,72.06678323784207,74.56016024554707,-2.493377007704993,78.13354392232759,0.0018064982859005078
393,0,40.49758283965449,30.91224149720063,9.585341342453862,31.446372248975365,0.0411569262150492
394,0,41.306490694618304,30.10962175643782,11.196868938180483,30.354707094257027,0.021287109347174055
395,0,50.75554385923033,38.28023098768067,12.475312871549662,38.50706788852672,0.01033704916014281
396,0,43.375546287500455,29.92116210563738,13.454384181863077,30.063280998569116,0.023004947729081276
397,0,44.82377677145138,32.05952453896249,12.764252232488886,32.29771940967149,0.028662117201887223
398,0,44.45554779660726,33.23928941431767,11.216258382289595,33.83240608613505,0.037364867971314074
399,0,51.82717758079235,41.75181338229436,10.075364198497994,42.409204639741844,0.03018968262074371
400,0,44.29631792720647,30.696088199774596,13.600229727431877,30.80683538489524,0.025637584144361805
401,0,43.96922545785837,30.63402309521904,13.335202362639333,30.836052981443732,0.026093058540097816
402,0,40.951709440452824,27.66835135650062,13.283358083952205,27.79901518879239,0.021108537916048557
403,0,50.77777421840746,38.92167827324586,11.856095945161599,39.27240272772097,0.013987453726881335
404,0,42.94123940801701,30.074773392007685,12.866466016009326,30.268698912824046,0.022170426903402617
405,0,50.78234412221032,38.93385978618805,11.848484336022267,39.245510958421015,0.018609250948450097
406,0,48.93274173126217,38.513774412197264,10.418967319064905,39.0788687821667,0.027705575982205573
407,0,42.93905683440981,30.330155897297995,12.608900937111816,30.508712852285505,0.017200410807492676
408,0,53.62988404800467,42.54032538749698,11.089558660507691,43.00566965365208,0.013292980717843256
409,0,39.9525512247274,31.262158747839695,8.690392476887705,31.335028446017876,0.05949507343476655
410,0,44.145006180804444,31.342082821426242,12.802923359378202,31.588799630797244,0.03339896291295485
411,0,50.584313296411,38.219518858532645,12.364794437878352,38.468836261210356,0.009914938328895808
412,0,50.06796493244437,37.92063022369193,12.147334708752439,38.28377156681732,0.009974624718520824
413,0,51.49355974482771,41.76369652355157,9.729863221276133,42.50693556329759,0.03545774503571838
414,0,49.6510772384859,37.30751813915976,12.343559099326136,37.59530101996294,0.022614388704795915
415,0,44.57696319322899,31.30091266083439,13.276050532394603,31.503843859451525,0.01966344715789827
416,0,40.40606904157845,31.377572661145372,9.028496380433076,31.918187628698767,0.049215512942157515
417,0,50.893611342794415,39.7597567927065,11.133854550087918,40.111637785537056,0.020434759720469275
418,0,43.42733138726169,30.788014104982082,12.639317282279606,30.99128822330275,0.021603520311856698
419,0,48.54315634773323,36.47072141278473,12.072434934948504,36.72875347827632,0.01814991802192148
420,0,40.70872823140419,27.840398830927196,12.868329400476991,27.997017417257716,0.02166051214515798
421,0,51.00602466790639,39.569457553637164,11.436567114269224,39.78536925286778,0.011174246334783143
422,0,43.509406927312256,30.332135249507818,13.177271677804438,30.53186423684657,0.022975060246420143
423,0,40.72405999167059,27.53187333576326,13.192186655907332,27.6305437334147,0.032185151716226316
424,0,38.98945795771465,30.81151623236467,8.177941725349978,31.072550826050023,0.05367887811509472
425,0,38.76263966623461,29.8345049752482,8.928134690986411,29.907356929329733,0.031774641893929687
426,0,49.648316050296515,37.84809418378596,11.800221866510554,38.142379144876756,0.012388490610891199
427,0,42.91363207246036,29.746185049499186,13.167447022961174,29.919230416170556,0.017020063207294073
428,0,43.401123619149786,30.629303096336425,12.77182052281336,30.89169468060427,0.017317703476115547
429,0,45.141693534040996,31.86192629441774,13.279767239623258,32.086311862894405,0.04631545066194322
430,0,49.54224698893252,38.10595826726764,11.43628872166488,38.42576086882765,0.010570146145488618
431,0,42.24643656048889,30.30599008080068,11.940446479688209,30.5351362148046,0.0370751727486174
432,0,39.45955282995254,31.035366368063197,8.424186461889345,31.556906177512626,0.04369678152590861
433,0,49.496291863495216,37.75147325985528,11.744818603639935,38.024937360622516,0.009968812188160165
434,0,47.24241933248189,35.63360206252494,11.608817269956944,36.114100406321526,0.037487648399868574
435,0,50.251584044807615,38.82663351272715,11.424950532080466,39.144755186714264,0.012736332645169888
436,0,41.98462502832321,30.34551770013282,11.639107328190388,30.785007186049427,0.04961435683857951
437,0,44.16886188495745,31.269063147990714,12.899798736966737,31.465816551663725,0.0197805064649877
438,0,49.823472422418774,39.798329011879304,10.02514341053947,40.37988361358704,0.028368531364547176
439,0,58.440468334048916,52.33123928439976,6.109229049649159,54.345921999407295,0.028012856125615937
440,0,53.25820050157934,43.05168607513316,10.206514426446176,43.63971454867779,0.008029192314783983
441,0,47.0802015720632,36.374340095405444,10.70586147665776,36.85886648798505,0.0643997005332739
442,0,51.36705673446916,39.48023084054927,11.886825893919891,39.812945801721014,0.011972290853693873
443,0,44.421426940381,30.789612268367314,13.631814672013682,30.951684052467147,0.03608430925635189
444,0,51.05446317625908,39.55988747395157,11.494575702307507,39.96981447991164,0.011043008663963108
445,0,43.9722378536848,30.88142251424844,13.09081533943636,31.050212671168563,0.015977736174088375
446,0,44.64223542158989,31.669765519012284,12.972469902577604,31.88846507063754,0.019363406599018522
447,0,50.342995453500365,38.39947877367365,11.943516679826715,38.70862787818947,0.009123821904947274
448,0,53.36512085886312,42.663210038562326,10.701910820300796,43.128392618401975,0.009938594558076145
449,0,44.60233553709037,33.821286938042505,10.781048599047864,34.08526600292802,0.05465784372807477
450,0,48.688509307245795,36.42379995995758,12.264709347288218,36.64138481689082,0.014606266140445084
451,0,43.41951468846102,30.76139973683585,12.658114951625173,31.02580873872955,0.018276787116605714
452,0,50.960901613673784,39.0845124668804,11.876389146793386,39.42008755662887,0.029135385323811002
453,0,43.319216321619095,30.527161562941306,12.79205475867779,30.684010492867788,0.018074487401281834
454,0,44.75538857643298,34.11996990872983,10.63541866770315,34.62582805773657,0.031363286808198554
455,0,43.841941787501966,30.855240021669534,12.986701765832432,30.998993623213774,0.01624116908338308
456,0,72.06678323784207,74.56016024554707,-2.493377007704993,78.13354392232759,0.0018064982859005078
457,0,53.10678313482764,42.5451532308921,10.56162990393554,42.99230789838276,0.00888142372205641
458,0,40.40638794952233,30.068876596616132,10.337511352906201,30.528644972495893,0.05249249388863783
459,0,67.90631153992656,68.08511591623557,-0.17880437630900303,77.33852716629167,0.009257110054899365
460,0,43.830448978206846,31.329744945124627,12.500704033082219,31.541145063634506,0.016665140747502975
461,0,43.01572469685398,29.86354839840553,13.152176298448449,30.071885218966653,0.019057834188857505
462,0,41.14402238220889,30.102455189841628,11.04156719236726,30.725559235354684,0.040326830204823375
463,0,49.438854015819146,37.13057566350447,12.308278352314673,37.3473524748435,0.012622939372492944
464,0,50.658449059576725,38.2621183079181,12.396330751658624,38.43060751871396,0.008465989722353717
465,0,42.27117809404692,29.11287824838207,13.158299845664846,29.288362001624154,0.020155034831566387
466,0,59.5401881702672,58.28259328329031,1.2575948869768894,70.01287771680151,0.03763585726826706
467,0,45.58914284489096,32.84252569703165,12.746617147859311,33.07498202992238,0.027608172813863994
468,0,45.58215067635325,32.06555135282282,13.516599323530428,32.21970395468696,0.017467447378071117
469,0,41.66940742231017,31.401619870406098,10.267787551904075,31.898726790821158,0.053881646704283026
470,0,42.782700830815386,30.23875000528602,12.543950825529368,30.453607324159318,0.018829550688413514
471,0,44.536342043080225,31.759034204035093,12.777307839045132,31.975076198202938,0.016265606445069594
472,0,48.7578660469927,36.48914514577875,12.268720901213953,36.736351298708115,0.01279893268306522
473,0,56.02960719582532,47.61881106470608,8.410796131119241,48.46394708031963,0.029292559290601636
474,0,41.934681307024476,30.414870855446512,11.519810451577964,30.893328427576964,0.0525560628608264
475,0,41.04973242285705,33.14455078799607,7.9051816348609805,33.289647077683654,0.05882413214114683
476,0,49.96281508296387,38.52143641205588,11.441378670907994,38.772145513185194,0.01724862416062115
477,0,51.05900812259746,42.809426209511585,8.249581913085876,43.518661479339656,0.035008628397520246
478,0,49.454196291324024,39.274288365017625,10.179907926306399,39.83199355912175,0.027004874102979772
479,0,43.563315264769145,30.48399385890175,13.079321405867393,30.686172386701198,0.02328242857252978
480,0,45.282983255195276,33.57440893689029,11.708574318304983,33.88619147562157,0.02664862675190203
481,0,43.76583387183139,30.026052223799223,13.739781648032167,30.135226647289688,0.0196186567990599
482,0,42.4209449401977,29.581178188686735,12.839766751510965,29.662482385141406,0.03627803125834939
483,0,44.77049489038468,32.301814554658584,12.468680335726098,32.504027793135265,0.0330562290228414
484,0,50.062736191732625,37.79310751988798,12.269628671844643,38.06953016905422,0.011162619124064532
485,0,44.99826252825146,31.933702463773503,13.064560064477956,32.0439681775689,0.015750629168547036
486,0,42.45323144609601,31.509081507596548,10.944149938499464,32.11312068463495,0.03322723033231577
487,0,45.349755753320025,32.89727603380827,12.452479719511757,33.08012089098649,0.042669349841088756
488,0,43.91614650945529,30.255654647696826,13.660491861758462,30.3512855922629,0.022176099181430545
489,0,52.86072736227479,42.24909187034014,10.61163549193465,42.739450400380434,0.013186281809863316
490,0,52.49651798597226,41.75784288124048,10.738675104731783,42.215484683303174,0.01181713877131578
491,0,72.06678323784207,74.56016024554707,-2.493377007704993,78.13354392232759,0.0018064982859005078
492,0,48.66716745222551,36.547985249314735,12.119182202910778,36.82604474031553,0.01307798038252399
493,0,49.96899769485094,37.94850364908564,12.020494045765304,38.161683615480435,0.013813797257839811
494,0,51.64807379248775,39.88726567932679,11.760808113160962,40.23932758681596,0.010507100892501831
495,0,51.03017527807481,39.17650458129902,11.853670696775787,39.49611634423452,0.029275716260318493
496,0,50.60674665238686,38.68065938321266,11.926087269174204,39.02943567922938,0.011533684087690873
497,0,50.20059980131485,38.17869584236692,12.02190395894793,38.47720177407403,0.012858823791454817
498,0,72.06678323784207,74.56016024554707,-2.493377007704993,78.13354392232759,0.0018064982859005078
499,0,43.49977024500423,30.34260623043038,13.157164014573848,30.53003647835129,0.020872490036473398
500,0,43.722145871412096,31.111835373581474,12.610310497830621,31.342036911226533,0.03922298928648169
501,0,41.861735088773926,29.210902332101814,12.650832756672113,29.401031932108914,0.048296686952531656
502,0,44.19348482046476,31.550502897751553,12.642981922713208,31.777443244732417,0.015412447432787404
503,0,39.92643262195186,31.629422850339168,8.297009771612693,31.945023228701142,0.04134105599272762
504,0,49.64581743340622,38.37754779164247,11.268269641763752,38.844503685218655,0.01770853457629013
505,0,51.063934608552,39.721926163394485,11.342008445157518,40.20182212982316,0.009618782792779983
506,0,51.676617637453845,40.111298017481786,11.565319619972058,40.59702100933089,0.013030728435897355
507,0,39.84127669471565,30.374586914812937,9.466689779902715,30.86647374512237,0.022100849227784533
508,0,43.362995452498296,29.619763755727885,13.743231696770412,29.720337000447852,0.021664269588466054
509,0,42.30924906043326,32.08980367362933,10.219445386803926,32.54407248997968,0.0529465788691609
510,0,49.91114391949111,39.76306629489645,10.148077624594663,40.38284258355385,0.02372401957012405
511,0,50.469028563648806,39.204022839607376,11.26500572404143,39.51616898282795,0.016472593823639005
512,0,43.58951807808562,30.642905768537943,12.946612309547675,30.82044710851102,0.028240700863361105
513,0,44.905680918998456,31.783681340721028,13.121999578277428,31.989998929328618,0.022321873786520025
514,0,47.99699345541079,35.34289528739269,12.654098168018095,35.557942296311126,0.020326720858276276
515,0,50.93993430775615,43.08457141412161,7.855362893634535,43.96439988960073,0.027155393367449685
516,0,43.225504786837405,30.282242373430112,12.943262413407293,30.47279395474841,0.01665134553206051
517,0,48.90713179802887,36.41971383028607,12.4874179677428,36.68866194790989,0.014499779078679546
518,0,48.803009692407,36.53328034755553,12.26972934485147,36.82811450674362,0.026364319277051216
519,0,43.25030191114354,30.93697114516613,12.313330765977408,31.12065068027355,0.01587697130918668
520,0,45.39929889007483,34.231411255169824,11.167887634905007,34.559518900491014,0.023622837450498965
521,0,44.35705384552378,31.640225800924973,12.716828044598806,31.821178615863946,0.01970061724104088
522,0,50.07213389923395,37.884339155408526,12.187794743825421,38.114789407246676,0.0202403555829267
523,0,50.714142688765335,39.63437764841714,11.079765040348192,39.97622048713775,0.011761407305374847
524,0,51.14533209440148,39.860525006870105,11.284807087531377,40.19487299655391,0.016263316921084795
525,0,43.657113555844504,30.766673064738008,12.890440491106496,30.92893351191696,0.02990243285485372
526,0,43.258465847140926,30.506386762136792,12.752079085004134,30.70988877355581,0.028594134971252266
527,0,39.6976313143969,30.985225130818215,8.712406183578686,31.262890498905485,0.0633826873117536
528,0,40.212235163424836,31.384809357420668,8.827425806004168,31.748498642968,0.0488235688042543
529,0,49.48490657192386,37.16231034269751,12.322596229226349,37.46464498611702,0.020127292457672648
530,0,45.677734072867125,34.536470807821395,11.14126326504573,35.02471025480084,0.02221335529647488
531,0,38.87609427028052,30.517324919106606,8.358769351173912,30.869497542422625,0.0481991406583051
532,0,50.36267449664214,37.895589503401396,12.467084993240746,38.14270586136287,0.011140681757396369
533,0,50.825837525686524,40.685018887554456,10.140818638132068,41.238973456332594,0.022357091557552413
534,0,42.971002262153874,29.79622631716465,13.174775944989225,29.965440523932983,0.020643354820202273
535,0,44.086817081614214,30.689959148434298,13.396857933179916,30.900609381367207,0.02522269099667201
536,0,40.398014362263105,30.590675899945108,9.807338462317997,30.927558952534397,0.01944235807523648
537,0,44.53588465177377,31.505812044502086,13.030072607271684,31.684761428641224,0.025774284534616276
538,0,43.93820229956408,30.687677428549694,13.250524871014388,30.875085538073623,0.03491863687751273
539,0,50.99043603751262,40.121337998629556,10.869098038883067,40.47416416857797,0.02202175794972626
540,0,44.49882447107689,31.322629514449485,13.176194956627402,31.465703183679707,0.02328475518725946
541,0,42.09104218178618,29.34472210854984,12.74632007323634,29.536935982908428,0.04309461843612723
542,0,39.268502418762665,31.954975500393463,7.313526918369202,32.511048333220735,0.039416189539442294
543,0,43.06983073304376,30.303742574959774,12.766088158083985,30.535555108389662,0.020814304510535606
544,0,51.266917053119684,41.28273943707799,9.984177616041691,41.9623054430144,0.03772810496854846
545,0,43.29456227491987,30.166550411838593,13.128011863081277,30.33575434916663,0.0196723084437765
546,0,48.53528125334191,37.6845207630414,10.850760490300509,38.24658729232316,0.02995189259515851
547,0,48.51186191976264,36.33781937932028,12.174042540442358,36.663296980786754,0.027788822601117424
548,0,48.71850931706567,36.61228304341101,12.106226273654656,36.86107711982577,0.01869826600637297
549,0,39.07293291689186,30.886648849476327,8.186284067415531,31.61897813135612,0.029491305753662173
550,0,51.371253490692794,40.50933922792886,10.861914262763932,40.91505189768778,0.01287212324806356
551,0,50.38752949425813,38.66040261177272,11.727126882485415,38.93345021126625,0.011409379033820515
552,0,49.99905733051679,38.29360242393981,11.705454906576982,38.585606697664105,0.021062293618070937
553,0,44.22474800150478,31.49325500431662,12.731492997188159,31.710816637096396,0.034832531848665894
554,0,51.86316351299445,41.116002537496854,10.747160975497593,41.56248081841082,0.01671280887345423
555,0,41.8195934492763,31.21697428261029,10.602619166666006,31.891564765572486,0.037736216071943045
556,0,41.72684811661938,28.077444429137458,13.649403687481922,28.176835231230683,0.032375942513896215
557,0,53.22323110565185,41.94138180705016,11.281849298601685,42.44890498444039,0.009827591896868534
558,0,42.53968315569955,29.842187925997088,12.697495229702461,29.906352259200663,0.018915102962291735
559,0,49.742902968573404,37.88872731542715,11.854175653146257,38.146131270832605,0.020016085470698428
560,0,42.040357003693714,29.167130097907403,12.87322690578631,29.26042355068824,0.01743022567578747
561,0,42.97228063629261,30.267051718890922,12.705228917401687,30.490113766983953,0.019651387636073218
562,0,42.259408962510335,31.82292881419679,10.436480148313546,32.398888295942626,0.036146768084284284
563,0,43.84705267017246,30.785248955308724,13.061803714863736,30.944442439071302,0.02048829522211854
564,0,49.91666710044255,37.479233524611374,12.437433575831179,37.714323534886326,0.020027121212892893
565,0,52.09301910396435,40.6166194060326,11.476399697931754,40.96988905965322,0.013183537392387003
566,0,46.29120737186226,34.76925431347142,11.521953058390835,35.244918092055855,0.030420140634619442
567,0,58.094713677591145,49.61607899998256,8.478634677608582,51.654669621492616,0.013352598514442416
568,0,44.29889900236742,31.65387467433525,12.645024328032171,31.832904385037253,0.019681264364746633
569,0,45.26809162551464,32.08584289197191,13.182248733542735,32.23799353624601,0.02354061676201525
570,0,45.55850570411596,32.64984234072966,12.908663363386296,32.871844606616435,0.027043201315200653
571,0,50.71125784932829,38.40883772538349,12.302420123944799,38.631803097389025,0.016164119950486923
572,0,43.84004205665906,30.84312277429697,12.99691928236209,31.082311454564685,0.022817183103554742
573,0,40.93317658994033,27.799763833947168,13.133412755993163,27.93007652005969,0.02571807306008544
574,0,50.276658537143305,38.36285098451849,11.913807552624817,38.67678221874697,0.012124082314910623
575,0,47.91034902116411,36.854531639761476,11.055817381402633,37.37377876014075,0.04629155099964252
576,0,46.91132353700705,34.56553611675371,12.345787420253338,34.7577588467535,0.028442045624575776
577,0,42.82525299000166,29.713570250135948,13.11168273986571,29.799762863577875,0.017416020733413015
578,0,50.08011154127753,38.38299509693327,11.69711644434426,38.68014490860956,0.016083138158493337
579,0,45.67324239941314,32.75918140462629,12.914060994786851,33.037330211335075,0.03634322623348067
580,0,42.0500597089699,28.909393871565676,13.140665837404221,29.075489539065785,0.026168488810999806
581,0,40.66900847433045,27.51838613021319,13.150622344117256,27.647101042502594,0.02664873429177919
582,0,44.83060792356508,34.49153058551107,10.339077338054011,34.8990569507625,0.061529861260137486
583,0,41.24646183628532,27.710153376889107,13.536308459396214,27.791159088579835,0.01932091247093068
584,0,49.10510475385563,38.615335866883385,10.489768886972243,39.1735187765518,0.05749283147782022
585,0,41.6717174175252,28.3262236091442,13.345493808381,28.53701574807913,0.034840176030230374
586,0,43.5761081316753,32.195253395990434,11.380854735684863,32.7204397031491,0.03680064925179088
587,0,50.428248079585316,37.6734809130369,12.754767166548419,37.850739664153224,0.008854991569217758
588,0,44.166352893246696,31.113710313078524,13.052642580168172,31.30796554360918,0.02924319405066687
589,0,50.95142383417054,42.322909413027276,8.628514421143265,42.93399169917906,0.03539297806929822
590,0,42.34012830484292,29.30485399706624,13.035274307776682,29.44608827761739,0.018512744662684055
591,0,48.006860776161574,35.55537687686518,12.451483899296392,35.7466647377243,0.021471117215093656
592,0,47.20778375904449,34.78011318438577,12.42767057465872,35.00582824149663,0.019224899538827712
593,0,39.47200064727673,31.976122674423287,7.495877972853442,32.31820205282741,0.03330379227246317
594,0,44.34498930641345,31.135955956658346,13.209033349755106,31.35348540343729,0.02764405672007573
595,0,42.94197454959861,30.360036530341574,12.581938019257038,30.521396152231688,0.01759640919876494
596,0,42.37191388648314,33.89387504185282,8.47803884463032,34.16845003663079,0.023019074167345402
597,0,70.23104438222572,71.41547094116414,-1.1844265589384264,77.95277373620577,0.004871986594990851
598,0,49.6441816003624,37.38456943188602,12.25961216847638,37.69355990495303,0.011683616184431474
599,0,52.09898966041979,40.798616524195076,11.300373136224714,41.231769495396804,0.01325556222015975
600,0,39.58449450063082,30.98828171538744,8.596212785243377,31.373127050531814,0.024302489474168888
601,0,39.9660279115286,31.955506337165673,8.010521574362926,32.25044456271341,0.03770647484351485
602,0,51.81210247254447,40.738728143413496,11.07337432913097,41.09670539907262,0.01201986781887464
603,0,44.007454220317385,31.26226091512091,12.745193305196477,31.488061719477393,0.016314839276233572
604,0,52.14025541494175,41.808043385114914,10.332212029826835,42.46211567505678,0.02487849026263406
605,0,52.581068927494385,41.235315107273294,11.345753820221091,41.73604697273986,0.010178284813290814
606,0,39.740763505912824,30.454953531388224,9.2858099745246,30.91577314594181,0.04711244159638319
607,0,43.25142114143404,30.653821956942423,12.597599184491614,30.813182954563462,0.01767057730124669
608,0,45.95067001782422,32.32174815436878,13.628921863455446,32.45129714306813,0.022212675644451212
609,0,44.768577355768755,30.70278064294271,14.065796712826046,30.813752040666635,0.01816607911466153
610,0,42.2125239813675,31.240078886873402,10.972445094494095,31.90576647641586,0.03753776198262651
611,0,48.528069311051496,37.49996001861814,11.028109292433356,37.925386550276016,0.02538499448088144
612,0,44.35843400924257,31.476079472323864,12.882354536918708,31.617269730341622,0.014773329281001064
613,0,43.035610213089385,30.276756502462177,12.758853710627207,30.410725324645682,0.020464262210370163
614,0,48.25487881108289,35.21947060259193,13.035408208490956,35.36875328521812,0.019959431312611436
615,0,52.5725247083131,41.71187339843718,10.86065130987592,42.162354705158734,0.0277109766348367
616,0,49.44828348194929,37.2947321886696,12.15355129327969,37.607048552133385,0.024859576149038637
617,0,45.00436824429673,31.572925785244994,13.431442459051734,31.717814623927254,0.024401185271833967
618,0,40.55952828079465,27.49952359479447,13.06000468600018,27.710663219518025,0.065913741559066
619,0,45.37594191461562,34.0476688859586,11.328273028657023,34.35576800274799,0.035285162890049716
620,0,45.07619271545158,33.22915750210256,11.847035213349024,33.58629509160802,0.055313062691653266
621,0,43.93414761620555,30.860767774501053,13.073379841704497,31.065090373526814,0.018628422289064042
622,0,50.25577785078656,38.379174303806465,11.876603546980093,38.73593777701386,0.018674244614145227
623,0,51.26274708777004,42.70613910377702,8.556607983993018,43.55712359465396,0.05807938407903262
624,0,53.05957840721014,42.14755274757576,10.91202565963438,42.534777804071126,0.013273905133929648
625,0,49.01194344590424,36.79209348248713,12.219849963417104,37.04376919131758,0.015206146158634292
626,0,51.12864023990723,39.09564489271479,12.03299534719244,39.449794011667684,0.012300508164598977
627,0,51.39026733834855,40.66099116965401,10.72927616869454,41.09321981630275,0.015586170576552769
628,0,39.689177786970845,31.4172012944606,8.271976492510245,32.01346529906807,0.051819414702260105
629,0,50.48945032463361,39.12635189769546,11.363098426938151,39.4960283058945,0.03149551999195567
630,0,44.03745393524635,30.71817356789261,13.319280367353738,30.842378775640675,0.025517597601816003
631,0,49.340374811188056,36.82671263948504,12.513662171703018,37.075079274345185,0.021057209132678674
632,0,51.28657905013753,39.94437742256328,11.342201627574255,40.27971071945295,0.014490823157709415
633,0,48.15577184613856,36.44234025858552,11.713431587553046,36.753361082318875,0.024136802785423912
634,0,49.19313095211167,37.14235947556689,12.050771476544782,37.38558160639073,0.02749219320714128
635,0,44.554837643536175,31.679530322662924,12.875307320873251,31.831689716228563,0.04329583414948931
636,0,54.02724990861324,43.60106757129236,10.426182337320881,44.0409096659359,0.007334016405078084
637,0,46.630628956632506,35.878403834021526,10.75222512261098,36.306184365872305,0.029245534118393937
638,0,45.23435449863874,32.4632346517233,12.77111984691544,32.71836429643335,0.03263031518853995
639,0,46.46847655710607,35.20535518213277,11.263121374973302,35.69938999761587,0.01797444950594976
640,0,43.14192297010675,30.13503053935831,13.006892430748437,30.275382046738006,0.026281877056420547
641,0,44.202204880681734,31.122212563281227,13.079992317400507,31.34447694560219,0.02742665625520063
642,0,43.480460007747396,30.313242864324405,13.167217143422992,30.477319208109552,0.02170367004866102
643,0,45.09412550713489,31.3235754115502,13.770550095584692,31.472778920699415,0.015432028293621237
644,0,49.49353546081316,37.69159704827588,11.801938412537282,37.9500703367963,0.01694388733530569
645,0,42.70162555457367,29.415109221957653,13.286516332616014,29.490893457210678,0.030938663452423052
646,0,50.458767732385596,37.809514903456446,12.64925282892915,38.03620381226915,0.013821964911510339
647,0,40.97297056939217,28.068438637435666,12.904531931956502,28.198474132340618,0.03818834382670174
648,0,42.506896041142255,32.50985549424897,9.997040546893288,32.93501132070297,0.03522873886729985
649,0,43.89759740667449,31.504297536922532,12.39329986975196,31.751432060605044,0.028543163220274566
650,0,40.5929503525428,30.236397500045214,10.356552852497586,30.40314087141126,0.030613994110875436
651,0,42.861186072656935,30.48694791401738,12.374238158639553,30.644877328634994,0.01554317183206793
652,0,41.577653915068254,28.626514585463564,12.95113932960469,28.79618569877584,0.05015586313604589
653,0,49.588063514755234,37.08807492738134,12.499988587373892,37.3566591788842,0.018875532589090853
654,0,43.40185973579568,31.321006062523086,12.080853673272596,31.52607537491335,0.02014070268035487
655,0,50.29680845419827,38.901847326724194,11.394961127474076,39.25376486204014,0.02181215197514793
656,0,43.63326069482805,35.107850653516294,8.525410041311758,35.38389710622595,0.04595895166755291
657,0,50.016480241469736,40.826730964543835,9.189749276925902,41.372807237058566,0.03469570886295146
658,0,50.74762175366928,38.320836547993444,12.426785205675834,38.47322924892967,0.016964935040064025
659,0,39.78247923364907,30.94823434550274,8.83424488814633,31.509157526532938,0.028231856783863224
660,0,55.510181824273744,48.25998991620065,7.250191908073091,49.64378502953464,0.034920910270515956
661,0,52.482163744330435,40.79384906078474,11.688314683545698,41.19546473144182,0.014337717559193735
662,0,47.40301335870346,35.698106775317164,11.704906583386297,36.065184406292204,0.06341963371195171
663,0,43.83083982708777,31.259136284846218,12.571703542241554,31.41630483860771,0.026726588861250088
664,0,72.06728654178501,74.56013398634583,-2.492847444560823,78.13440113112235,0.0018061023946360417
665,0,40.32844639476916,32.07155468143557,8.256891713333587,32.339695904320195,0.022541622922312366
666,0,50.855238756211904,42.79912457621997,8.056114179991937,43.55407977344149,0.03277426591731274
667,0,49.63324132069309,37.96410778219065,11.669133538502436,38.206910376459945,0.01586476230693237
668,0,47.8295152406544,35.16252482970613,12.666990410948273,35.34585331466436,0.01934491619253912
669,0,52.61270551825541,41.54323433680787,11.06947118144754,41.94132339413909,0.02281970813987053
670,0,43.57387598812973,30.53541225300337,13.03846373512636,30.696774048595298,0.02322009415813104
671,0,45.15630368873481,33.45689957644863,11.699404112286182,33.7485056473987,0.044361743602358075
672,0,49.49422822565559,37.057575103784664,12.436653121870926,37.335286723021035,0.019308036467064853
673,0,48.42075785155795,35.66017249136179,12.76058536019616,35.88726941679621,0.01722691508561826
674,0,39.36595559552335,26.016031473325416,13.349924122197937,26.15882278132074,0.02607038662670473
675,0,41.444758529275234,27.143522942450414,14.30123558682482,27.27460205378949,0.04000503923295878
676,0,42.42415333785587,28.36456174084912,14.05959159700675,28.512016790437173,0.028840298051673374
677,0,39.01439634230021,26.14034009465379,12.874056247646418,26.266677427628103,0.024236304649446472
678,0,37.586686891877335,28.00828324175512,9.578403650122215,28.380608119571924,0.020777535905760786
679,0,39.98704217304115,30.435175679316654,9.551866493724493,30.608568374333277,0.030945537401371306
680,0,45.026621514146115,34.253448800336415,10.7731727138097,34.67213452917821,0.04812159249168674
681,0,42.4716646630725,29.200876827750562,13.27078783532194,29.338929331993025,0.01922678926236449
682,0,40.635860166659725,29.453778327470285,11.18208183918944,29.908538285846614,0.044308558680708356
683,0,51.29089863535299,39.37995092544236,11.91094770991063,39.7623070240455,0.01601681939164571
684,0,39.02268544011861,25.568036444555393,13.454648995563215,25.692668037203667,0.03948640176319974
685,0,39.98338969614075,26.46494001864155,13.518449677499198,26.48157926612239,0.02298188630876521
686,0,42.43962012406109,29.25579415819874,13.183825965862354,29.412278570877433,0.03499577738219927
687,0,42.128994506755674,28.652256510618535,13.476737996137139,28.870428140530368,0.018774110872278888
688,0,47.29315786119635,36.306198764541435,10.986959096654914,36.66112302192832,0.023154161459442428
689,0,40.59657661746955,27.169206937757036,13.427369679712516,27.27438803283795,0.028015269320459474
690,0,38.773443051325515,26.144495027874154,12.628948023451361,26.211887009256696,0.03115098803509606
691,0,48.563362511823996,35.36199387095077,13.201368640873227,35.531536809905525,0.022203401405444675
692,0,38.629866919166034,31.140753937820733,7.489112981345301,31.34769088145761,0.02898187645075596
693,0,42.174028352753254,28.76369458161057,13.410333771142685,28.93350180151744,0.028596634197997534
694,0,42.72661120492691,29.869334935357603,12.857276269569308,30.13532493639278,0.045686187523116775
695,0,49.15796325147895,37.3503036564193,11.807659595059647,37.760003613965814,0.021756534501476788
696,0,42.61614929467602,28.30635785545843,14.309791439217591,28.452794691546988,0.032981510435360684
697,0,48.5653377921394,35.958736275065775,12.606601517073628,36.22712121102211,0.015534153537969045
698,0,46.46250750989633,35.27625397859718,11.186253531299144,35.684539109200415,0.015154152778823543
699,0,38.245505855275184,29.443975523282802,8.801530331992382,29.58970182804546,0.036949914601293064
700,0,48.175381486628666,36.05049680026339,12.124884686365277,36.33400459273018,0.023677684938649617
701,0,35.56343323239997,28.077518615351373,7.4859146170486,28.836682339137322,0.02170347862767967
702,0,44.666529926186456,30.9175661391253,13.748963787061157,31.101595566338982,0.040519576077460095
703,0,42.606625212081454,29.531286679449256,13.075338532632198,29.65994255669472,0.026941720234717054
704,0,41.67962642100834,28.473328774705543,13.206297646302794,28.669812281493847,0.026103274828428297
705,0,45.38735415299628,32.348194284968336,13.039159868027944,32.54247589177773,0.03340794679429304
706,0,42.341175545277,29.007223325578792,13.333952219698205,29.261820156152627,0.03112944778940325
707,0,47.42651770276859,35.026602657449516,12.399915045319077,35.20120201547701,0.011834972109145714
708,0,41.05741073656204,27.79168096323763,13.26572977332441,27.975491599561508,0.02195702045487754
709,0,46.849061031371036,34.03415838939861,12.814902641972424,34.26454234343352,0.019136699633173736
710,0,42.30828308769631,31.84109658980731,10.467186497889,32.59547726252379,0.06465257410202999
711,0,41.20673164941777,28.701837318192158,12.50489433122561,28.91665920508012,0.03644509230672451
712,0,49.053004397396236,36.66173920504738,12.391265192348854,36.94168564573478,0.04196117824199521
713,0,41.40338595967819,28.97850208611714,12.42488387356105,29.172018333492456,0.02710250066881205
714,0,48.412423181405686,37.001500486391535,11.41092269501415,37.264081154285336,0.02932699557534488
715,0,50.29320398148876,38.759771487409566,11.533432494079193,39.223461678305966,0.012750730083924465
716,0,40.36842831578992,26.68396242258125,13.684465893208671,26.701760571693303,0.03295662128701798
717,0,42.37271027742122,29.32943676922494,13.043273508196279,29.45945263321347,0.03627643106497721
718,0,43.26836531855355,32.063234081005874,11.205131237547675,32.58607875237382,0.026145191721748878
719,0,42.026771009945975,28.60245575907044,13.424315250875534,28.811563955606463,0.019415079509995326
720,0,40.98013970547889,28.39270249532213,12.58743721015676,28.51514385890378,0.024825033898292253
721,0,51.02264062927557,39.382338467945544,11.640302161330027,39.835954392746316,0.016272335215183682
722,0,38.17011099444974,25.27093061842292,12.899180376026823,25.304370950701355,0.033755391103461076
723,0,41.11205474730063,28.155721826070966,12.956332921229667,28.334014991876206,0.01991127847681953
724,0,43.135783038576875,30.019272655904683,13.116510382672192,30.259468160022323,0.023785011373074063
725,0,42.426420614794,28.29475159215604,14.131669022637958,28.429232852098313,0.04094112379274874
726,0,48.55831915495574,36.48420396829023,12.074115186665509,36.727843425745036,0.03218022208825717
727,0,38.98310554508498,26.026778656396445,12.956326888688537,26.170599864875282,0.06303021894845195
728,0,48.01751653104647,35.4676416794331,12.549874851613367,35.68727605729297,0.023139693044368925
729,0,43.76095618363826,32.628690791525955,11.132265392112302,33.16325364500065,0.024138239518182808
730,0,41.89778175760763,28.339562466397712,13.55821929120992,28.479658838983823,0.020141565150169717
731,0,41.39817014667354,27.714744647765446,13.683425498908097,27.90637888996404,0.03605813371752657
732,0,50.25126261360174,38.964927973837945,11.286334639763794,39.32940085779869,0.016387445899698917
733,0,38.42421452168885,30.934188950592922,7.490025571095931,31.15991627882835,0.03338617427076263
734,0,39.130907818899594,25.70091500040247,13.429992818497123,25.76466540117173,0.027653261886013504
735,0,43.69168733954787,34.24192040720315,9.449766932344716,34.265705971357605,0.13329947175035828
736,0,45.561661957296366,34.45095600861512,11.110705948681243,34.868202100704934,0.023339760231842897
737,0,48.69433107079331,36.9301755788761,11.764155491917208,37.21794318638436,0.011405894451658124
738,0,38.755376810876356,25.702431684427694,13.052945126448662,25.77283674757393,0.030765044622338533
739,0,48.22322015400924,36.646007068570334,11.577213085438906,36.86770348533558,0.013960749424584229
740,0,49.370907250128795,37.52389738938983,11.847009860738964,37.83212137654322,0.029960958206803348
741,0,49.731113434800335,37.89396589882512,11.837147535975213,38.27473842303684,0.02553472655345052
742,0,39.25643144852749,26.121074295673775,13.135357152853718,26.14003409497276,0.027070985030241593
743,0,41.53906039812088,28.434225493652693,13.104834904468188,28.67147045689813,0.01928013847213124
744,0,48.86058310192239,37.423291052032155,11.437292049890232,37.74865237217881,0.016306150054158804
745,0,47.93089919336161,35.694913927925924,12.235985265435687,35.946233614444296,0.020885528171180636
746,0,50.522283917317125,39.10129718864114,11.420986728675985,39.39337933245719,0.012577250190044457
747,0,45.68850534302062,32.676790892416506,13.011714450604117,32.868283508410485,0.05803422593381435
748,0,44.74970374117393,33.212779884083744,11.536923857090187,33.55965026776424,0.02964539964364898
749,0,47.952228873691354,35.6323993652349,12.31982950845645,35.863890910776036,0.01682774534336846
750,0,50.626196929617734,39.6960965849006,10.930100344717133,40.074675206467376,0.011857414606110853
751,0,41.1086898894128,27.757666026429728,13.351023862983073,27.829332011761437,0.0301492110633722
752,0,47.39406144454226,35.35911899619147,12.03494244835079,35.65901741054809,0.015321909610203906
753,0,48.84016542177312,38.61622218490638,10.223943236866745,39.22650976596496,0.01569714097579723
754,0,42.46904383834028,28.348255513058806,14.120788325281477,28.536665360562015,0.03130855976471032
755,0,39.91156601625413,29.364852688471675,10.546713327782452,29.996168417427544,0.0202859826020094
756,0,47.722746826885654,35.27074812248793,12.451998704397724,35.49456883088499,0.030134886751734095
757,0,43.13310348247769,29.26426681443319,13.868836668044505,29.414670112590102,0.017805032258866
758,0,46.235948483788334,34.5717020377342,11.664246446054136,34.887137035653694,0.026396770510383912
759,0,50.512779208801646,38.943991913828995,11.568787294972651,39.39352393929177,0.021163811262112777
760,0,38.45141912025541,25.441623368550665,13.009795751704743,25.524585987230985,0.03579578189686316
761,0,40.602975217253935,26.318814486873276,14.284160730380659,26.35003374865133,0.03955022725156342
762,0,48.037782173995126,36.708773082769355,11.329009091225771,37.141440526227,0.022507728503828144
763,0,34.801435821867,28.096795935936118,6.7046398859308844,28.815820340822203,0.022406840434831415
764,0,48.27436065605903,35.77622947841044,12.498131177648588,36.040214749885635,0.014969819750777281
765,0,42.5242623535577,29.03999086626056,13.484271487297143,29.20706030516727,0.022939518317017786
766,0,42.4017324510412,28.127056968382682,14.274675482658516,28.257146699840895,0.031086889955485714
767,0,39.26522408284116,25.722673247737593,13.542550835103565,25.88925137606055,0.04163185959069597
768,0,45.85560668627457,33.222718817568236,12.632887868706334,33.39100209148812,0.029468849276513002
769,0,46.80861368149951,33.457232308772255,13.351381372727253,33.62237403790547,0.02336207260555667
770,0,38.69471345228321,25.492496514543916,13.202216937739294,25.65415265345678,0.031209685450849147
771,0,41.25389604346344,30.356567896498174,10.897328146965268,30.93708099787362,0.05389086932414852
772,0,51.37330064589844,39.4288463234698,11.94445432242864,39.84410341867947,0.026163710088596342
773,0,49.58234171727615,38.84334743851349,10.73899427876266,39.21335758494146,0.029945179956025997
774,0,46.825705622653814,34.145301563543384,12.68040405911043,34.3568172353516,0.041089197600411964
775,0,38.53625885662369,28.066320170994825,10.469938685628865,28.243510236340516,0.030855846993019853
776,0,41.47975973567959,28.37599887894038,13.103760856739214,28.608895768489415,0.020281974911306264
777,0,41.095166106480264,27.693246065694204,13.40192004078606,27.82591810619225,0.021546547167888102
778,0,45.40016805765882,32.00221293835344,13.39795511930538,32.18222024121782,0.02866454760327838
779,0,46.210967621870154,34.435598282972514,11.77536933889764,34.760617253243694,0.01554778421739945
780,0,45.02028187911459,33.7922310099667,11.228050869147893,34.08838642757438,0.031229317930824018
781,0,42.41611547155405,28.587223612582836,13.828891858971215,28.749934490673898,0.02368955036834389
782,0,50.77132210691977,39.005503741724084,11.765818365195685,40.09787297240521,0.09012597306375755
783,0,51.39331440987675,41.099177434007814,10.294136975868938,41.55075000370307,0.016587664718399692
784,0,49.36838074791939,36.21659014797454,13.151790599944846,36.452379974773834,0.015749916170514956
785,0,40.412035943214974,27.027883113691953,13.384152829523021,27.17563497121408,0.03313913796653896
786,0,39.205896793357724,26.243015225209167,12.962881568148557,26.429877409314734,0.024390927646270932
787,0,47.57205044806096,35.64610417187413,11.925946276186835,35.86330054846955,0.014427747793557023
788,0,47.98538539366092,34.92237168194577,13.06301371171515,35.1370807879249,0.034048714549178384
789,0,42.760031186995946,28.81528832106809,13.944742865927857,28.982442504748427,0.02729115816077284
790,0,39.80236955275967,31.651643006011202,8.15072654674847,31.768497221765518,0.025537430105962395
791,0,49.96970332563794,38.386234219821205,11.583469105816732,38.7991091372174,0.0257232740692828
792,0,51.30298453127959,40.08414248453737,11.218842046742225,40.56597967977716,0.013890367801177384
793,0,40.032041765294366,26.508559040062178,13.523482725232189,26.652931774554173,0.028377231340609658
794,0,41.153791210197795,28.360988988675338,12.792802221522457,28.48755935344525,0.029106282734710703
795,0,40.94221678480487,26.925904681193327,14.016312103611543,26.982698689051116,0.03465809164848353
796,0,39.62350804498404,26.069036156168483,13.55447188881556,26.150742114508784,0.026595432906709134
797,0,47.96028323551516,35.607519691206235,12.352763544308928,35.85029351631556,0.02755117022657499
798,0,38.81549060064273,25.837914061252103,12.977576539390629,25.92694293622367,0.037155172069665475
799,0,49.94546286561565,38.576362466558805,11.369100399056848,38.92654686679179,0.014444947721510467
800,0,38.82886021068158,24.949862214741653,13.87899799593993,24.926083572381646,0.03161276214180357
801,0,36.59996567640435,27.316402359232985,9.283563317171367,27.75046067496341,0.023919853483531737
802,0,47.63995174500573,35.93385230407782,11.706099440927915,36.16514702383721,0.02403435814764093
803,0,41.16009414161055,27.515226535219526,13.644867606391024,27.65359139473426,0.030729053140395195
804,0,38.1242100376911,24.783241725761382,13.340968311929718,24.906152036142622,0.02670506367943715
805,0,44.629420158856874,33.39669265159321,11.232727507263661,33.84778139949641,0.03095088428406385
806,0,41.42094815629466,29.160145640528345,12.260802515766319,29.45559294992633,0.044398797542433345
807,0,44.82301860689326,33.90052810016573,10.922490506727527,34.36868737328534,0.045484490031105
808,0,40.326215460617604,28.99534992363248,11.330865536985122,29.125795421129965,0.031923563115824956
809,0,45.33752389668075,33.81734666955067,11.520177227130077,34.176992199427275,0.025513908984029315
810,0,43.24921264565353,30.044885536309604,13.204327109343925,30.306314623789415,0.03514503412851129
811,0,40.283141209923755,29.44862517777489,10.834516032148866,29.562425616316656,0.03730719648598912
812,0,49.54704776528078,36.35854164686059,13.188506118420193,36.57780839213356,0.02242558739485353
813,0,43.18076699069171,29.793108703751884,13.387658286939825,29.963449826921742,0.026177582383638577
814,0,49.123880878472406,38.67601101117934,10.447869867293065,39.060286804035,0.05127240666467807
815,0,45.94082358837211,35.113565423717354,10.827258164654758,35.57369796948663,0.04114150069506894
816,0,52.35491710401888,40.66053070033621,11.694386403682671,41.088240620401066,0.021506248342165253
817,0,42.5342703054266,29.75506671519108,12.779203590235522,29.96045302186088,0.03905904958280375
818,0,46.10069807893322,33.58626430292188,12.514433776011337,33.812592247455854,0.04051411305170022
819,0,42.38304603959601,31.27989156875766,11.103154470838351,31.747078202540237,0.06062865571033267
820,0,42.0814730179883,28.651034862235143,13.430438155753158,28.897959974436883,0.019302341155170304
821,0,49.61115704606853,36.07990271888838,13.53125432718015,36.291998018121404,0.0162035204477871
822,0,46.10192222643899,34.54866526160669,11.553256964832293,34.87747289855647,0.031202220032576496
823,0,38.60427986641746,25.46065188997933,13.143627976438125,25.554773867881373,0.02381684584129358
824,0,48.874434274359174,36.23791457314302,12.636519701216152,36.508284392462386,0.014435393878823309
825,0,44.934683860011305,31.531780811616738,13.402903048394567,31.690901546516006,0.03702531726156465
826,0,49.30677633539078,35.36534482353299,13.941431511857786,35.45224966217229,0.02851103245577582
827,0,49.480376125574224,37.86070128090188,11.619674844672346,38.20178817538485,0.024654486849301153
828,0,52.62082397470013,46.936661689179815,5.6841622855203155,49.32288948128321,0.08597213536823788
829,0,46.7198505797994,34.48057421519541,12.239276364603988,34.786553752843744,0.016605935743529678
830,0,50.16949531608812,38.585712564129985,11.583782751958132,38.91359486922549,0.02224870580489589
831,0,45.241100613818844,31.883198893199026,13.357901720619818,32.05972023113799,0.0313640847540871
832,0,38.3018830173383,25.341151337898967,12.96073167943933,25.423506574717496,0.027090404868882565
833,0,51.941011743793126,40.309287032046555,11.631724711746571,40.68477750391631,0.020189798935874848
834,0,43.3747492462314,32.091049819015495,11.283699427215907,32.59171647851031,0.025952951286534822
835,0,43.8335057980664,32.767128954062024,11.066376844004374,33.0714719861532,0.035557223723689205
836,0,48.71985984888438,36.49365093811589,12.226208910768491,36.656579353245206,0.013047337969925174
837,0,48.05308429748061,36.295726751840704,11.757357545639906,36.598162480747845,0.010917890318479088
838,0,40.86977528904792,27.35443904923786,13.515336239810061,27.46302419051639,0.025871431387867422
839,0,44.11339683049542,33.0761681886094,11.037228641886017,33.551519177058594,0.017872747968717975
840,0,47.56030810834589,35.021161052260425,12.539147056085469,35.26340851043852,0.01983921248393096
841,0,48.57289351518878,36.773048432329645,11.799845082859136,37.22229622571934,0.025150699921091545
842,0,40.54894041156281,27.822079272542823,12.726861139019988,27.89689616222049,0.04087084003063011
843,0,40.95994563440422,27.557560192055554,13.402385442348667,27.69588272979119,0.03188678877943031
844,0,48.771154305352354,36.156895805896056,12.614258499456298,36.4152840594148,0.01987241219480871
845,0,45.555942273838355,34.39907218209977,11.156870091738583,34.672351315624624,0.034772457922485116
846,0,49.23501445297076,37.37956279269021,11.85545166028055,37.74905180291461,0.026163434786510804
847,0,51.76058039595722,40.65348063078284,11.107099765174382,41.03121371211837,0.008944645951710363
848,0,46.989216187414414,34.45302731952887,12.536188867885542,34.672279821026166,0.01766874052014475
849,0,40.86589311461944,28.96536159972363,11.90053151489581,29.226278194122845,0.04211478679951186
850,0,37.983040931565796,30.743450913887976,7.23959001767782,31.34831366319217,0.021394000369180096
851,0,41.59873104947681,28.16289709270687,13.43583395676994,28.280595011101358,0.023533772924232598
852,0,39.069276083483516,30.534470338508942,8.534805744974573,30.729801022335227,0.05061850317144583
853,0,47.086471857722984,35.507253452770115,11.579218404952869,35.73136861388154,0.019448967476086917
854,0,44.38160631160933,31.632793943551874,12.748812368057457,31.852953450585286,0.024092724340572354
855,0,47.94083147182478,36.095709370386984,11.845122101437795,36.35688837988482,0.011647164467668317
856,0,41.140614412275056,27.550282492085586,13.59033192018947,27.59089591518257,0.04287628237432081
857,0,41.22120171423512,27.842493564026444,13.378708150208677,27.98708047373601,0.025591114012642146
858,0,48.48852208744441,35.51139224823599,12.977129839208416,35.80009589845774,0.027682177455732457
859,0,50.57431173109947,39.226351340532574,11.347960390566897,39.701811021113215,0.011341415692108755
860,0,51.68664882022901,41.36621508045117,10.32043373977784,41.752953342791,0.019771176305245042
861,0,40.974762447354124,29.945660153483654,11.02910229387047,30.110175329302297,0.035244869848874295
862,0,42.50846870014345,29.06644671396116,13.442021986182294,29.19970263649918,0.025548504562512637
863,0,39.90997334024904,26.65963797884552,13.250335361403518,26.788443773914274,0.035122126250379145
864,0,41.8915080609103,28.450830981353743,13.440677079556554,28.66017986370317,0.0319219543192626
865,0,40.67400291025572,27.916561309138707,12.757441601117016,28.156780030377075,0.020528400405988013
866,0,45.85057754100143,32.762602332405734,13.087975208595694,32.915634146757725,0.0322211969322538
867,0,41.968569183352656,29.15073318591095,12.817835997441705,29.422746531689917,0.023317690898251517
868,0,42.08000633609501,28.802650563639787,13.277355772455223,28.98856669853984,0.024458484669183937
869,0,48.53308365243339,37.32964515434823,11.203438498085163,37.55680139034091,0.015823426128948468
870,0,48.054800628956656,35.58605296945692,12.468747659499734,35.877647551451545,0.020403089226644782
871,0,48.823092640221006,37.101203532324476,11.72188910789653,37.447981589724066,0.029886684715241977
872,0,48.63763169725772,38.31629111512939,10.321340582128329,38.93904653457315,0.023585549073491478
873,0,41.305083868569824,28.157562679527214,13.14752118904261,28.391036934502342,0.019583501210262463
874,0,41.98556954001502,31.11944205377847,10.86612748623655,31.6720666233782,0.053915138923626656
875,0,47.529046046849686,36.906801213882275,10.62224483296741,37.48643535989507,0.029944293827438174
876,0,48.46883112812287,37.155221881540996,11.313609246581876,37.46275626738299,0.01313299025588916
877,0,48.1499778153904,36.65501254264683,11.49496527274357,36.903793856783,0.03618008393822937
878,0,47.9969788445934,35.140307691190515,12.856671153402885,35.39357530033305,0.027765763900656142
879,0,48.820883134090636,38.42709814467227,10.393784989418364,38.80833700031698,0.01676908556657238
880,0,40.95483756441932,29.04987162771273,11.904965936706592,29.31521445168207,0.0317844044007592
881,0,41.48256371049807,27.69792290816771,13.784640802330362,27.87561200501465,0.02654947896323705
882,0,42.5058785945333,32.297209122704814,10.208669471828486,32.639346320689384,0.06616221459604855
883,0,42.52986943693678,28.52853385547157,14.00133558146521,28.7020682961021,0.02377832290649626
884,0,38.772914503357214,30.52307579927926,8.249838704077955,30.64104370733868,0.04568611754037116
885,0,41.151422278006706,27.649892683029396,13.50152959497731,27.701094954700995,0.033966216407811584
886,0,41.16942269552163,29.32303363457579,11.846389060945842,29.56225414622855,0.034638512937099734
887,0,38.93466059037619,26.120470176939694,12.814190413436496,26.14071412354592,0.03912211527270772
888,0,48.72878689429962,36.015373471793346,12.713413422506271,36.19068912935454,0.03172208930675769
889,0,44.75950613680544,31.51568612168462,13.243820015120821,31.64711448318145,0.03314248890911135
890,0,41.822189423182564,27.598613276917085,14.22357614626548,27.727483875827517,0.03404930171690769
891,0,42.61041389463267,30.099534760196207,12.510879134436465,30.31144736260384,0.034871736586284424
892,0,41.97561480980039,28.59118080958635,13.38443400021404,28.793342515797647,0.030685200526267505
893,0,42.982678608300134,29.96100883602492,13.021669772275214,30.175958071113982,0.01920047508192646
894,0,42.30472169532523,31.380244868921437,10.92447682640379,31.91730666199251,0.04414168690251705
895,0,41.798620376958425,31.407631949817578,10.390988427140847,31.64914705309047,0.03467791746567361
896,0,39.10578208016001,25.937450476576547,13.168331603583464,26.008481896046266,0.02628398483801294
897,0,47.68322022342035,35.0548225544959,12.62839766892445,35.2669180827543,0.01762000774940958
898,0,37.78629591416774,24.7805543061563,13.005741608011437,24.824389830199877,0.033526713991327846
899,0,43.18841454029814,32.277762662859004,10.910651877439136,32.72881907573496,0.023488137301959724
900,0,45.1013530487577,32.106857446086394,12.994495602671307,32.28593747287112,0.019610083720052466
901,0,44.30669005973708,30.93212171536577,13.374568344371308,31.166133175965673,0.04152151506594208
902,0,41.03641781153706,28.141600398775953,12.89481741276111,28.291661840115463,0.025348279960629046
903,0,47.276596260635614,35.419062720390286,11.857533540245328,35.680606882615386,0.030228388373332204
904,0,48.075355016508794,36.964946836046636,11.110408180462159,37.48883978336732,0.02374472529807301
905,0,44.03688393983586,32.22753216665622,11.809351773179642,32.60175957234933,0.0698318064276705
906,0,38.097204130739115,25.197790121066966,12.89941400967215,25.29188088518177,0.028532804792293854
907,0,39.65814240208174,29.205994863725984,10.452147538355753,29.546873383841994,0.031465615302914196
908,0,38.76198739144495,25.248293191931023,13.513694199513925,25.272508889083806,0.026012668180323415
909,0,41.46239673871403,28.091848746453074,13.370547992260953,28.248489519326867,0.028741946208997105
910,0,39.30679620908799,25.616200543684606,13.690595665403386,25.71557952262757,0.03194220842736908
911,0,49.56974175900625,37.73130993048181,11.838431828524442,38.04173868656004,0.016055216504786748
912,0,45.66939753091275,32.462282245458226,13.20711528545452,32.672338700033414,0.031404672454525946
913,0,45.39058372647911,34.102487357401095,11.288096369078012,34.389663991394094,0.014426305683804267
914,0,39.441265587791776,25.97063461718377,13.470630970608006,26.090134145442118,0.034684968016433886
915,0,40.300133368326655,26.305313335188224,13.994820033138431,26.368772473092243,0.023213019631861898
916,0,44.73944449741052,33.37482097090111,11.364623526509405,33.79852501459785,0.04537701037627326
917,0,41.88045828016675,28.939548872160206,12.940909408006544,29.04593596257846,0.03603277151289646
918,0,37.75912128804632,31.153774504482424,6.605346783563899,31.452162217581712,0.04522520278407493
919,0,40.16635498569407,26.908107392020025,13.258247593674046,27.02945616608978,0.03779785622939493
920,0,39.06626203324176,25.119969939425236,13.946292093816528,25.259424111661154,0.02579518991130661
921,0,46.22470890279118,33.400282047997536,12.824426854793643,33.60076064034334,0.034109960660020235
922,0,48.77123711784766,37.40746184158942,11.363775276258245,37.788774357427556,0.02399884417860663
923,0,41.628084870781876,27.608464695044546,14.01962017573733,27.748982284606733,0.03054702902936606
924,0,42.8327017635896,30.062665890781155,12.770035872808442,30.227818528046484,0.020020829357225333
925,0,46.61311208516712,35.52018308515634,11.092929000010777,35.98528523782379,0.017582034343384567
926,0,52.22490948164028,41.105214241692416,11.119695239947866,41.46085750176358,0.01464087569911244
927,0,49.7658515351429,38.32870206629417,11.43714946884873,38.651932368011224,0.016939912661445747
928,0,48.329974216985946,35.82273624537936,12.507237971606585,36.01495110691944,0.04022492111562866
929,0,45.844955871428965,33.192572542198334,12.65238332923063,33.418172956177344,0.03702605283432445
930,0,49.37583937733788,37.640458599987625,11.735380777350258,37.98372240263022,0.027873054285304087
931,0,39.80743317887196,26.438700084648897,13.368733094223064,26.527516338579463,0.022731703370516783
932,0,49.554176038603856,38.34168693141993,11.212489107183927,38.715104944506095,0.014208328805187572
933,0,47.96223865862777,35.08495597111498,12.877282687512789,35.337940655657036,0.02491512694798594
934,0,48.95788430024358,35.96665153461781,12.991232765625767,36.23549620487972,0.023656815750087375
935,0,48.1273545206931,36.50179937128709,11.625555149406011,36.78169922949015,0.011816790342113772
936,0,48.736019028395475,36.106083473261165,12.62993555513431,36.34345780742716,0.020022843276579348
937,0,41.46279795805084,27.825444944144476,13.637353013906367,27.96689406100633,0.047717330880024514
938,0,44.98025312419408,32.39924473834772,12.58100838584636,32.59779921545088,0.02695926644107496
939,0,51.58961851785509,40.5811995058683,11.008419011986788,41.053393394053145,0.02081348290587408
940,0,40.594245835755615,29.771548243809878,10.822697591945737,29.942789579850988,0.031012207823617258
941,0,39.54992919776839,26.483258300846554,13.066670896921838,26.593400449163443,0.03850241188715863
942,0,49.710033020441955,39.09273693929633,10.617296081145625,39.50145650430514,0.032175247293539606
943,0,41.22790515856708,28.3994758980543,12.828429260512785,28.521671740895783,0.020332228299363233
944,0,39.155097044169196,25.635778368879265,13.51931867528993,25.740402297581372,0.024279539984636767
945,0,47.50503038856755,34.87718863914494,12.627841749422608,35.11167667665464,0.01939202080953404
946,0,39.92174342421357,26.893481423178432,13.028262001035134,27.050682015078333,0.03686592595722879
947,0,48.293860124007935,37.94192182130107,10.351938302706863,38.39388579774627,0.024265347351394344
948,0,48.20374251462721,35.903283976777246,12.300458537849963,36.09783747185308,0.014933532570026182
949,0,48.25808947352411,36.15285019637595,12.105239277148158,36.37902843350426,0.031456080817404926
950,0,37.635438337086626,24.18700361567703,13.448434721409598,24.278338193650857,0.03013070767507166
951,0,48.09040444028295,35.310692678345916,12.779711761937037,35.55338197002154,0.016217835080836265
952,0,38.80119345883767,25.500687736309246,13.300505722528428,25.600656805604178,0.02649234980240881
953,0,45.72670019195543,34.278135936374234,11.448564255581196,34.63551041175262,0.03591689729525337
954,0,48.552447830650166,36.490602655748376,12.06184517490179,36.69599431506097,0.021268542197684242
955,0,41.25726579679882,27.26839493232179,13.988870864477029,27.38559360622679,0.038143340538906584
956,0,48.840028329863515,37.14471256958008,11.695315760283435,37.37215980071491,0.024974813730608926
957,0,47.278568493398,35.176502244232566,12.102066249165432,35.48752741538843,0.024234227461740924
958,0,49.07109118803564,38.69347997043931,10.377611217596325,39.379087524333016,0.022414704359284637
959,0,41.70280370365883,31.005346745613412,10.697456958045418,31.489826429308405,0.0667078805359636
960,0,41.069968409366666,27.576223843445423,13.493744565921244,27.671457965572397,0.04461557212522336
961,0,48.85035700888919,35.610639910900844,13.239717097988347,35.81679149700044,0.031534584927733894
962,0,40.82758389066066,27.42678027778477,13.400803612875894,27.55832956400359,0.022769131551940595
963,0,45.52862336436111,32.77888757481206,12.74973578954905,32.99333800368207,0.041535135359841165
964,0,51.97936559608016,40.43263237864966,11.5467332174305,40.79865298356677,0.012251001953337122
965,0,47.781165985438776,35.80421525575203,11.976950729686749,36.05744300561146,0.023619665549284404
966,0,48.380385205657944,37.25661866605347,11.123766539604475,37.573379158061485,0.01400585487526269
967,0,44.9409680231625,31.783926998408777,13.15704102475372,31.92329488435662,0.02592110872890687
968,0,49.24723143289252,38.34137557265254,10.905855860239981,38.82905668838262,0.01638509185178782
969,0,50.7776112764375,39.99045556935815,10.78715570707935,40.47228299170136,0.015714632336817785
970,0,40.45772035402787,27.54319563691269,12.914524717115182,27.695311704420387,0.02247677577256137
971,0,45.997024328508715,32.9490548642986,13.047969464210112,33.09815333632308,0.03126224664121132
972,0,39.49325101238717,26.475812555115326,13.017438457271844,26.575486828543028,0.04141240940065837
973,0,47.55854831180483,35.54916226262351,12.009386049181316,35.79896492357173,0.01080041483206504
974,0,46.68787639711347,33.93009636773389,12.757780029379582,34.10982405819865,0.023717922059088913
975,0,40.024422661596645,31.763907324298795,8.26051533729785,32.09604307662046,0.0458638390985949
976,0,40.297264788124174,26.35368310739091,13.943581680733264,26.468938390752644,0.02295380176350257
977,0,41.539690577554744,27.539063104702592,14.000627472852152,27.580508785447375,0.02426593236832611
978,0,48.51787276719125,37.40539845236654,11.11247431482471,37.69114014434493,0.03528098819201825
979,0,48.657762597698564,35.44994608943321,13.207816508265353,35.66863010517973,0.023259954889000265
980,0,48.33775641898272,36.10970451445458,12.228051904528144,36.373408494168906,0.01449969627297413
981,0,45.40340279159943,32.541265919301935,12.862136872297498,32.69320934626,0.01764536672784338
982,0,50.74250041019663,40.85782567694197,9.884674733254656,41.294878684726264,0.02100255306550937
983,0,42.19993584847977,28.20517431121144,13.994761537268328,28.34233978364843,0.025393298307105416
984,0,38.55815289046744,24.824641786492528,13.733511103974912,24.963262885011126,0.03768264229866796
985,0,48.611526963208334,36.398834628098015,12.212692335110319,36.706240211665985,0.02302281655507067
986,0,48.908277410943924,37.888758063381005,11.01951934756292,38.257386412328955,0.01289295049607371
987,0,43.25143806569719,29.137124944008974,14.114313121688213,29.27093831212586,0.0365958288017463
988,0,48.62298150716116,38.210617866046604,10.412363641114553,38.756797188295494,0.03589458061994451
989,0,48.636960065548095,36.97863152361394,11.658328541934154,37.34060947876566,0.015914295174353627
990,0,39.98259958878445,26.911304820137442,13.071294768647011,27.029166362399,0.04152013999936956
991,0,44.970246308523684,31.60718371509325,13.363062593430435,31.805443846937564,0.025881562014478963
992,0,42.10893737212791,28.346277999016312,13.7626593731116,28.47313683982634,0.022040325784917218
993,0,49.10916675086787,37.88224125657926,11.226925494288608,38.33437359845813,0.02847573571729339
994,0,42.46170670348994,28.13288200496185,14.328824698528088,28.2799692181982,0.03908648945974921
995,0,48.95113540306433,35.98153169710049,12.969603705963834,36.17687355438848,0.019029693153801503
996,0,41.312946384872646,27.701244511910414,13.611701872962232,27.88612820756061,0.024232265934381474
997,0,41.43259403766274,27.641010905981602,13.791583131681136,27.704324152754,0.024594445185083528
998,0,42.31433004717155,28.46187434517198,13.85245570199957,28.598045683873107,0.019059212850082736
999,0,40.43007561870951,29.163282474931354,11.266793143778155,29.480902531682613,0.044407740558618215
1000,0,42.96704619717988,32.31976466420174,10.647281532978141,32.79513446173682,0.06400943391356685
1001,0,45.62402845732812,32.615168813104376,13.008859644223747,32.793962331659735,0.047845282843297914
1002,0,49.265825566289095,37.345450661709364,11.920374904579731,37.60647937530443,0.02003771819238853
1003,0,45.646367832992325,34.47585734084603,11.170510492146299,34.8655868510255,0.02141477707344798
1004,0,50.69120349035646,38.758533320346956,11.932670170009501,39.07417009704856,0.01784039674747104
1005,0,41.14780325227521,27.536879793058947,13.610923459216263,27.69354068156382,0.024820712945730454
1006,0,48.409773640114935,35.78453627503286,12.625237365082072,36.05080587803907,0.031625630338537596
1007,0,46.99689789011889,35.520686540203826,11.476211349915062,35.934817594089125,0.015361458475429357
1008,0,44.47258656319616,33.25767531535033,11.214911247845826,33.63075979412937,0.026135326013417948
1009,0,39.85103891715761,26.827109207564902,13.023929709592707,26.907966701020417,0.02797014536226419
1010,0,37.784107568052434,30.94900844543775,6.835099122614682,31.10991743222065,0.03370169196876367
1011,0,39.39638873320193,26.30512677017549,13.09126196302644,26.425598681001585,0.03299688003566263
1012,0,48.84479171860666,37.336019774225846,11.508771944380811,37.61821210242586,0.01900121659432875
1013,0,48.162972716291875,35.689545811743244,12.473426904548631,35.934353205979576,0.02627529346514063
1014,0,50.64669298484864,39.568996149040345,11.077696835808297,40.08895884375798,0.026959526982871736
1015,0,38.819274066242244,25.630147525974632,13.189126540267612,25.708860418051817,0.03283903288373291
1016,0,39.07146745515396,26.27782476743246,12.793642687721498,26.283404602009096,0.02452128319274458
1017,0,48.22485902234345,34.55757138005704,13.66728764228641,34.70841926201203,0.02337080269278476
1018,0,40.41032163351396,29.58934201509034,10.820979618423618,29.792390593857526,0.023719309323504315
1019,0,40.84981418796228,27.35896068717439,13.490853500787892,27.500948515203984,0.0201162674694659
1020,0,48.65073413592309,36.4493758902923,12.201358245630786,36.73125981917548,0.0171415424033349
1021,0,44.6999207945631,34.02664247330351,10.673278321259588,34.53332917597247,0.02952558731570418
1022,0,41.49086733958278,29.28129234576734,12.209574993815437,29.52619270515753,0.02875599754196533
1023,0,38.20818192418288,30.161427410585688,8.046754513597193,30.42555338796181,0.03314656897205092
1024,0,42.62718457715155,27.998772641109515,14.628411936042038,28.130012482185975,0.023267456870831153
1025,0,38.146337291926415,24.850080938026117,13.296256353900297,24.962965557011326,0.02779081185076451
1026,0,40.504967789792715,31.479542698670972,9.025425091121743,31.665164656815275,0.022493776280165023
1027,0,47.64244376689496,37.06533148170459,10.577112285190367,37.569113630626696,0.015385340931349708
1028,0,39.10830120699822,25.36384132684145,13.744459880156771,25.412410805448854,0.03556668938367709
1029,0,46.02296339960782,34.39811909366017,11.624844305947647,34.89544902959058,0.014447897540341047
1030,0,48.165557313536,35.01809600750546,13.147461306030536,35.17827688112362,0.02426588505078016
1031,0,49.42725375922055,38.73673859986346,10.69051515935709,39.19398621550312,0.030911627927304283
1032,0,39.57560802034013,26.544760580654263,13.030847439685864,26.70532981292767,0.02637589668476388
1033,0,40.71393311860309,27.582337579981207,13.13159553862188,27.724656831745698,0.04537489399149069
1034,0,47.553857271750516,35.446517039089954,12.107340232660562,35.75150748503937,0.014047986848337595
1035,0,45.254381371063616,32.11793666379902,13.136444707264594,32.31493568510052,0.02257477746644171
1036,0,41.614209954607915,29.03819235709231,12.576017597515605,29.31831323951447,0.03419592158543167
1037,0,41.17641341042537,29.030150866493603,12.146262543931766,29.306813544772847,0.029794146650943248
1038,0,48.60649668208549,37.91166174388937,10.694834938196124,38.39691517661561,0.0330835097388801
1039,0,39.62683489025633,25.661167521526952,13.965667368729381,25.782633770581057,0.031415675946159995
1040,0,37.68734613366255,27.80274642835438,9.884599705308172,28.183525747377967,0.061034893919912146
1041,0,47.695384780243,36.13371483166023,11.561669948582775,36.46098392008966,0.011196828327263151
1042,0,39.76279714412207,26.09874693236337,13.664050211758699,26.16850398268627,0.023279441114742193
1043,0,48.551119689419366,36.583986882649,11.967132806770366,36.802087623375904,0.019013494188889566
1044,0,51.648653684036276,41.426645867582025,10.222007816454251,41.97987142921076,0.01429491991427919
1045,0,43.89671889416827,32.96041969434398,10.93629919982429,33.52007195887984,0.023034942751619568
1046,0,48.30997776420915,35.96099909249155,12.348978671717603,36.222071850798066,0.023147347732825382
1047,0,37.96965601157895,31.738741687936447,6.2309143236425015,31.91393087014279,0.049810066510230844
1048,0,47.55063883889838,35.31104494417937,12.239593894719007,35.63363577244206,0.025341709680323347
1049,0,38.44949447666647,24.83678521286252,13.612709263803954,24.96011900262831,0.03650526732038982
1050,0,43.654708095310184,30.7078480771041,12.946860018206085,30.898662528117097,0.048284746702121906
1051,0,47.966366687866994,35.12514299847126,12.841223689395733,35.36282692489477,0.01469515967830676
1052,0,48.58944184560184,37.75515253567488,10.834289309926959,38.19383653725165,0.012852474637107114
1053,0,46.08274611955909,34.55870968122355,11.524036438335543,34.86496273172551,0.031634973403065515
1054,0,48.54914181380599,37.40586057377543,11.14328124003056,37.70828912782275,0.013235985497843215
1055,0,51.718901755678445,40.88592429261161,10.832977463066833,41.33460226918075,0.013336868814091612
1056,0,37.85011914801853,28.542306440486215,9.307812707532314,28.896734855002812,0.08382555338816342
1057,0,48.50247621055888,37.194395510575205,11.308080699983677,37.594244908431946,0.043293575812068885
1058,0,37.50901363099966,24.463577824395145,13.045435806604516,24.479375717406487,0.0476828664978193
1059,0,41.37494079984708,27.769812009681626,13.605128790165455,27.97331708662224,0.024437047670070274
1060,0,38.79194416549346,24.67113461822254,14.120809547270923,24.76588017399761,0.02833194414753879
1061,0,45.497099865056285,33.65401300535764,11.843086859698644,34.079900765548494,0.01583347142887426
1062,0,38.49925899738787,28.148824833093627,10.350434164294242,28.397939501550862,0.03246481131758615
1063,0,48.867754476569075,38.02379781599274,10.843956660576339,38.46170948522155,0.014489185403553255
1064,0,52.11813677843867,41.56324685077834,10.554889927660327,41.95662893928137,0.013707493145838861
1065,0,39.400723725189934,29.79541937235059,9.605304352839344,29.954069823924033,0.0873424859117599
1066,0,39.96520696204347,28.56813236765554,11.397074594387927,28.65662305475743,0.032910080178979395
1067,0,36.59430547865465,27.778910492499016,8.815394986155631,28.355318696674324,0.026742115468714876
1068,0,48.383434990231294,35.569287955774925,12.814147034456369,35.78957699459323,0.019536270499165353
1069,0,41.100917563122124,27.07704441482088,14.023873148301245,27.182485944440074,0.05098875948467304
1070,0,42.91864462759533,29.970074901666656,12.948569725928671,30.244497069267787,0.02596117557233415
1071,0,45.24087574652937,33.297543450009016,11.943332296520353,33.61766541579286,0.024798762348502982
1072,0,49.03247625237178,37.45997308727692,11.572503165094858,37.60573903902896,0.011055644599529757
1073,0,40.442835617881876,27.04364616182645,13.399189456055424,27.144179039401227,0.026159694199240125
1074,0,41.92055456090371,28.931670942415845,12.988883618487865,29.15273606342696,0.020631955593223
1075,0,39.12317817241133,25.60839817850494,13.514779993906387,25.698037429515953,0.038238834280039914
1076,0,47.91339204295457,35.58805114623139,12.325340896723176,35.75533957583976,0.014496008730586213
1077,0,39.20434415167106,26.171358769299292,13.032985382371766,26.248605806743942,0.02453913312466353
1078,0,47.534222546205484,36.12482607253156,11.409396473673922,36.445252257039016,0.02521088526895706
1079,0,48.924098130074896,37.32702397446345,11.597074155611445,37.72374393976217,0.05485227152439032
1080,0,39.74427385316829,26.259827980365497,13.484445872802791,26.3101875938639,0.024223303561018712
1081,0,51.68499656508891,41.51575046969679,10.169246095392118,41.91784846506424,0.013162214217508194
1082,0,40.46320210618653,32.163474942929625,8.299727163256904,32.25295000456238,0.03537444679766549
1083,0,41.10841760846034,28.134033503571438,12.974384104888905,28.236930368923193,0.0196119110969667
1084,0,49.62835758124977,36.85939334988127,12.7689642313685,37.00354599212723,0.017664652929413785
1085,0,49.21239898089877,36.50363431254026,12.708764668358512,36.722293616420885,0.021053813725115705
1086,0,46.040644883991405,34.83273919118779,11.207905692803614,35.356141124514814,0.01690422662860799
1087,0,46.0038035407472,33.06278204711526,12.941021493631936,33.2850691459374,0.03862752378025002
1088,0,42.01274337971702,28.43164405021008,13.581099329506944,28.628454840425142,0.023913111237734777
1089,0,40.780366909982064,29.007108188719297,11.773258721262767,29.178845229562462,0.027767635094518777
1090,0,47.96877351229416,36.894303921426726,11.074469590867437,37.26951171784492,0.012246034686410966
1091,0,39.903267012932965,26.94139102900716,12.961875983925804,27.07312246720236,0.03229451984319068
1092,0,44.61419765266294,31.21564847488636,13.398549177776577,31.412340108794254,0.0306630000328986
1093,0,38.500272273795986,24.317940337643446,14.18233193615254,24.461807686516362,0.031270699276980965
1094,0,48.4702454244384,36.64153958179958,11.828705842638826,36.90579219346468,0.024041270810944964
1095,0,39.82450890771621,26.897647390787778,12.92686151692843,27.032691579202304,0.03980985160254032
1096,0,38.48552556104606,24.291325468989626,14.194200092056434,24.41086892504765,0.05017235460315098
1097,0,39.9337886455416,31.475165100869663,8.458623544671934,31.608175773711174,0.022850544124248237
1098,0,38.13004783551524,30.983908456146697,7.146139379368545,31.127592251565414,0.026097899985367694
1099,0,47.61839632728464,34.5278356673875,13.090560659897143,34.705501038354654,0.02075335951134981
1100,0,38.25715738019099,25.03474750010722,13.22240988008377,25.061564511302304,0.03263853123515519
1101,0,39.31610709438996,26.07323074976713,13.242876344622832,26.220736636170436,0.028919531282369505
1102,0,42.109035515065614,28.516546313370913,13.5924892016947,28.700739591129675,0.03025599594218463
1103,0,49.364865222139215,36.79599785072777,12.568867371411443,37.04307531191485,0.026281636167095702
1104,0,35.7493592242123,28.098123235040138,7.651235989172161,28.851970649907514,0.0214432321249453
1105,0,39.24181209810061,30.888148915449438,8.353663182651172,31.154449818285745,0.03481120023863185
1106,0,48.400716049531326,35.51311724471306,12.887598804818268,35.7547282769235,0.017852844488252653
1107,0,49.24972947081143,38.55641041852893,10.693319052282504,38.91716009795422,0.014329397198897635
1108,0,47.51333838323869,35.57057053964634,11.94276784359235,35.85205911350971,0.025212162842697755
1109,0,43.5827707559468,32.503475085934134,11.079295670012662,32.94251054320485,0.020504140147619733
1110,0,40.37729888667579,26.847545717867295,13.529753168808494,26.90431518113316,0.024867658846206207
1111,0,49.21390458315645,38.146429308063325,11.067475275093123,38.58272130929575,0.051730905081759905
1112,0,44.627225185427264,33.08472633728432,11.542498848142941,33.46611941259225,0.03705494664852059
1113,0,51.862784473305936,40.819218522090296,11.04356595121564,41.25478763919968,0.017009432795152206
1114,0,45.56087053125715,34.15644461842497,11.404425912832181,34.55342409573837,0.02912862106553745
1115,0,48.306260200724736,35.63716607339482,12.669094127329913,35.83065546765627,0.02911692717929475
1116,0,39.76875667241778,27.727736080372473,12.041020592045307,27.888865579286126,0.028078829471200405
1117,0,47.12245205680807,34.18092474841281,12.941527308395266,34.40500081193052,0.019845851995947003
1118,0,39.70426735425134,26.749488887432353,12.95477846681899,26.857152353252783,0.04092857455521676
1119,0,41.92825077916879,27.71690103500402,14.211349744164771,27.844432269912748,0.029531215834578673
1120,0,47.36851482650353,35.307294761443146,12.061220065060382,35.51499453144757,0.019380989368934665
1121,0,52.68262653540758,41.521371059289976,11.161255476117603,41.94339116243073,0.011143989684017901
1122,0,41.44205558182246,29.08204584010298,12.360009741719477,29.280711184527316,0.03046004002272894
1123,0,45.84816732437426,33.01295201788977,12.835215306484486,33.22034609581361,0.025375790813898323
1124,0,39.24143611123263,26.380692300209063,12.860743811023568,26.500105325231832,0.024115866431127363
1125,0,47.960046606925545,35.788663473153896,12.171383133771648,36.013121184097926,0.012348998741800643
1126,0,39.24463893864427,26.23168764459221,13.012951294052062,26.26320002875865,0.025782184037667386
1127,0,41.42723341224385,29.043086059761507,12.384147352482344,29.19535554746127,0.0222123121596664
1128,0,39.629921818140375,26.722775956957086,12.907145861183288,26.904752778372888,0.024092493712616125
1129,0,39.04670574265029,28.420433841277113,10.626271901373176,28.91890872904926,0.03034319794619138
1130,0,52.03865221764458,40.987168737577996,11.051483480066587,41.432079980352825,0.012176957759027413
1131,0,41.920468016643795,31.334351654867273,10.586116361776522,31.910501183170982,0.03571886046066022
1132,0,44.26031380654254,32.807510074593026,11.452803731949516,33.30765106937719,0.031706603564446226
1133,0,41.2030525488308,28.0722456029932,13.130806945837598,28.25402705619126,0.02317657221418531
1134,0,40.773792710076975,27.198214439277535,13.57557827079944,27.31723726831595,0.04667054624686491
1135,0,42.189395725918914,30.754140571034227,11.435255154884686,31.227564337351556,0.040240811207878265
1136,0,46.86366579869072,34.22104060920698,12.642625189483738,34.44780583998259,0.013879046002909668
1137,0,48.54528621409314,35.49099338851316,13.054292825579978,35.69904860260176,0.02113438835172099
1138,0,41.14818375225556,27.223159651185966,13.925024101069596,27.325134924582674,0.03440077021269772
1139,0,65.32051725169546,65.19333986748178,0.12717738421368097,77.57927854970808,0.005204627509421353
1140,0,43.24174562626149,29.732703179200723,13.509042447060768,29.90014552722868,0.03413168586600469
1141,0,42.63579988629557,28.10359156412601,14.532208322169563,28.230630764027126,0.024503836386181102
1142,0,40.220205774422865,28.47973452392906,11.740471250493805,28.742491729871553,0.02701045542260453
1143,0,41.40537000043197,27.41605055033937,13.989319450092601,27.535010930469905,0.029126519736337685
1144,0,41.05150115507735,28.52005283406626,12.531448321011087,28.700610974606636,0.019251228776530606
1145,0,45.33774758404094,32.30672144814626,13.031026135894678,32.47070901736102,0.02810231424783272
1146,0,46.35610130792729,34.801153101960765,11.554948205966525,35.217976413046564,0.019596146551972147
1147,0,43.11602714979291,32.466203347163855,10.649823802629058,32.92785132178181,0.03947806097032698
1148,0,45.866738303311195,34.63142155192804,11.235316751383152,35.00289096142616,0.022369318229526782
1149,0,49.82655171888105,36.895998809513834,12.930552909367215,37.02348944257909,0.028015138121809335
1150,0,48.853190053046916,37.25260469806865,11.600585354978264,37.44560529014435,0.015550310329114008
1151,0,46.62515123499409,35.33685012013028,11.288301114863813,35.78135838310929,0.015512192819653596
1152,0,39.188051308010856,26.061808792683426,13.12624251532743,26.174828938198353,0.02961414425375034
1153,0,41.989658729882834,29.609814045047283,12.37984468483555,29.86202743310216,0.035722561983232176
1154,0,41.146636715416534,27.876202276918935,13.270434438497599,27.963770185644673,0.02815764351463306
1155,0,41.94390748932642,28.077619649198343,13.866287840128077,28.212674508875153,0.032467306242736325
1156,0,42.16368073796281,28.50289707482312,13.660783663139686,28.645249550804383,0.03023485367074724
1157,0,48.879105919422585,36.69851307326681,12.180592846155776,37.02302805550437,0.027596627332651776
1158,0,42.3938806995684,28.301304221689144,14.092576477879255,28.407531988148012,0.03452063394293015
1159,0,43.28473402610143,32.50421657755676,10.780517448544671,32.94405850483517,0.03321433630104393
1160,0,43.3470553442515,29.566721078058773,13.780334266192728,29.730686235325443,0.035299102208927575
1161,0,34.37130968027364,27.41142256005235,6.959887120221289,28.127252304932824,0.026141346095741532
1162,0,51.3865739564732,40.58532858156639,10.801245374906813,40.978526462201074,0.022383410255030215
1163,0,51.81345170755297,41.3339816795545,10.479470027998474,41.82007262864373,0.01159059311528674
1164,0,41.28004039366756,29.847122934155006,11.432917459512556,30.35382745380751,0.02301629533691951
1165,0,45.59568525591703,32.48008203308085,13.115603222836185,32.6655832351762,0.024960037751486735
1166,0,47.88331613060619,35.47491604781406,12.408400082792127,35.74778934750704,0.031200753188651995
1167,0,50.638182243863,38.35724683988216,12.280935403980841,38.61026405349767,0.010615545180031735
1168,0,47.64955525356929,35.2160114715113,12.433543782057988,35.48073035802241,0.014666893896993247
1169,0,49.15020549567838,36.40509590828442,12.745109587393955,36.65677186232826,0.01376908755390931
1170,0,47.68735347232548,35.158158520490616,12.529194951834867,35.4079840606224,0.017879157345396888
1171,0,41.16538455946843,30.2098112493814,10.95557331008703,30.759357179219023,0.031171874430038653
1172,0,42.00119061485805,28.41867392812108,13.582516686736966,28.539657720016784,0.024311763235647658
1173,0,42.46663921070032,29.44476521400029,13.02187399670003,29.613501658340088,0.03336862390862503
1174,0,37.90295852957473,25.296871627841846,12.606086901732887,25.424848838187472,0.03280379432372486
1175,0,41.94130890083167,28.24750809519535,13.693800805636322,28.354101168628354,0.0349035750937765
1176,0,40.59348807768325,32.46151817363523,8.13196990404802,32.611925578355226,0.022718865846257274
1177,0,46.05023859237559,33.95985642188137,12.090382170494223,34.28489749203649,0.02340266245679306
1178,0,46.50580853360658,34.844871852234576,11.660936681372007,35.35069373109465,0.017509396533354843
1179,0,48.60279243713555,37.12161664387021,11.481175793265336,37.49475523142917,0.022051937940853274
1180,0,40.17528948007352,29.228590141259026,10.946699338814497,29.385650853344178,0.0238467779811725
1181,0,40.65086655847844,27.15720973516682,13.493656823311621,27.225424684089976,0.03925216700595355
1182,0,40.33597751729342,28.95245424258174,11.383523274711681,29.213837552250492,0.03135807543318958
1183,0,46.01152943512993,34.89075780372693,11.120771631403002,35.377431101577216,0.014880859538191763
1184,0,48.43502937517121,36.562517611951115,11.872511763220096,36.83372569236191,0.01764208138459605
1185,0,42.01207238095722,28.696038899978046,13.316033480979176,28.902711713702104,0.03360369302950261
1186,0,42.692014439401305,29.19407795126385,13.497936488137455,29.375515462485573,0.024964315255184746
1187,0,43.21249873211997,30.019766524274942,13.192732207845026,30.18741508829905,0.022420995442098673
1188,0,49.08693807768827,38.19041219374774,10.896525883940534,38.57533613868632,0.013664508249564644
1189,0,39.08952800220721,26.1026929696678,12.98683503253941,26.143233004640724,0.02202134651222861
1190,0,45.31307713695662,31.82431101211633,13.488766124840293,32.031564591290945,0.019673534398376158
1191,0,45.9505660948402,33.070686741207865,12.879879353632333,33.273252178057845,0.023891433349296266
1192,0,39.34341777989006,25.680331868084664,13.663085911805396,25.69911370764842,0.027926632802904215
1193,0,41.70179403389692,29.468944874206212,12.232849159690705,29.705215948281506,0.030630877828978616
1194,0,40.066408554803765,26.40039897944946,13.666009575354305,26.422850688713417,0.02413362986925972
1195,0,46.97188728900406,34.04674993231187,12.92513735669219,34.211428826431685,0.024252322121472367
1196,0,49.160508265175224,36.936671331319204,12.22383693385602,37.24070433875356,0.02216919512131668
1197,0,48.27869108803186,36.406466537224844,11.872224550807019,36.574509538010744,0.02120240517322902
1198,0,40.25263808939313,26.792637268363084,13.460000821030047,26.970989445151794,0.033736264059592444
1199,0,41.421415309470305,27.86802113065492,13.553394178815385,27.90801234791221,0.030807226033282786
1200,0,38.71651011947654,31.270772673529816,7.4457374459467225,31.35346760476609,0.024976718905470412
1201,0,40.751029852352545,31.80464333295196,8.946386519400583,31.95396863970974,0.021930009228125907
1202,0,46.44116682145781,33.66668202912684,12.774484792330973,33.87373364163585,0.02686141590684438
1203,0,48.78448440862326,38.42153434455855,10.362950064064705,38.97453045998919,0.0175822795343045
1204,0,37.97125323689146,30.19262053176885,7.778632705122607,30.48304293801893,0.03682291430795869
1205,0,48.88491174388399,36.034917583451964,12.849994160432026,36.255219639599176,0.020458491620561597
1206,0,47.32887331794204,36.148521842431904,11.180351475510136,36.589953854059864,0.02823545936974818
1207,0,42.63888792797391,28.649605100354716,13.989282827619196,28.78481698369485,0.029738961487578302
1208,0,41.899672290720446,28.766549537995434,13.133122752725011,28.985277068468857,0.01920498232457251
1209,0,37.41020165986027,28.027633964640327,9.382567695219944,28.31568744961596,0.03029035069975596
1210,0,41.630749548218176,28.131266970995384,13.499482577222793,28.337559790370776,0.020628636181592847
1211,0,40.891213987554664,27.69212934915247,13.199084638402194,27.892139870108988,0.03445248614318476
1212,0,48.16195531219755,37.07082632091773,11.091128991279817,37.34507295958087,0.0356077825215386
1213,0,42.00850349943369,28.756152286964056,13.25235121246963,28.962607244409657,0.023347163276986795
1214,0,37.96385820287309,25.605366236572177,12.358491966300914,25.726297533147314,0.028450366867584436
1215,0,38.43743446473974,31.410932784572104,7.026501680167634,31.633941464486256,0.03966958949155421
1216,0,41.940984790410226,28.149876074740146,13.791108715670081,28.30761868301057,0.027914609844637398
1217,0,46.79798333318334,35.97941307444263,10.818570258740706,36.43274073789299,0.02010878914640799
1218,0,41.737923701640995,28.07923679927069,13.658686902370306,28.235124717096475,0.029211080492548468
1219,0,45.68543421097367,35.56461981139035,10.120814399583317,36.124734008510345,0.02443057807106015
1220,0,45.2391997019201,32.190377006128855,13.048822695791245,32.379173427166464,0.04162576996831411
1221,0,45.799298622360055,32.65950271245649,13.139795909903569,32.822553843119096,0.040902762167767164
1222,0,38.99000907742196,31.219623244618976,7.770385832802983,31.40758534143202,0.030953142621484273
1223,0,48.9944138698815,37.686111765631,11.308302104250501,38.0041947752415,0.010293341019422905
1224,0,47.74242830951734,35.46918867520411,12.273239634313228,35.705814310563625,0.012722065329666677
1225,0,48.32408547799379,35.57519641549937,12.74888906249442,35.82147487018436,0.01872501332462094
1226,0,42.7261039401114,29.280890170855013,13.445213769256387,29.39878875600441,0.028294803972168884
1227,0,51.279895095087184,40.22523378378515,11.054661311302034,40.60962016423122,0.012901317098516989
1228,0,41.54045179929733,30.96502990373312,10.575421895564208,31.59978702776296,0.04220941178616325
1229,0,39.14614683145029,25.497883997327385,13.648262834122903,25.677538660810722,0.0373544434757634
1230,0,51.50502705864325,40.30053790209621,11.20448915654704,40.81542972035654,0.01667257390381248
1231,0,39.19586797958522,25.772942701119447,13.422925278465776,25.86321091750948,0.027547341552110593
1232,0,47.958606040910084,34.70989356589253,13.248712475017555,34.86934482857242,0.014871606807160662
1233,0,38.584229046456585,26.07612444091737,12.508104605539216,26.087226361605705,0.03204882992131935
1234,0,40.863250844665956,27.45596861388449,13.407282230781465,27.53903811431059,0.041192229405924256
1235,0,44.44614224312677,33.82470409905995,10.621438144066822,34.256174850341964,0.03935499663649677
1236,0,39.907662687251104,26.64799603865811,13.259666648592994,26.745033094298638,0.031844996632367235
1237,0,48.70433423072092,35.56808187852819,13.136252352192727,35.79579737012938,0.024813742653391785
1238,0,50.832958543444505,39.18757138640275,11.645387157041753,39.47298024260358,0.014724005099558181
1239,0,45.64896355387708,34.0878760885445,11.561087465332584,34.39504780446471,0.027042592639495912
1240,0,45.17933284731757,33.60340782033484,11.57592502698273,33.90585756339731,0.027923299066712166
1241,0,40.7386558912452,27.87146720559771,12.867188685647491,28.03307991697174,0.03262954529796738
1242,0,42.874970914745106,29.20247170914561,13.672499205599497,29.348832600190345,0.02096503885475984
1243,0,43.150218796268106,29.435195001794455,13.715023794473652,29.62901954406128,0.035099753387833055
1244,0,48.72334635016085,35.8720697423263,12.85127660783455,36.12963959551186,0.02921327860763768
1245,0,41.808212477966904,28.464339396803016,13.343873081163888,28.694010000324294,0.019518618096309347
1246,0,38.69531451693777,25.388924448665136,13.306390068272634,25.54436377542523,0.0262187357466637
1247,0,48.89536745212929,36.324073077733914,12.571294374395379,36.53056042682013,0.02163779972310116
1248,0,48.868502813195946,37.92401716651696,10.944485646678984,38.345591163355834,0.013748972219885977
1249,0,42.28760999429031,29.604821669254708,12.682788325035599,29.77479335442966,0.023901012495756047
1250,0,42.009138258535415,28.12438854082238,13.884749717713035,28.264072777219393,0.025500403730536227
1251,0,46.6676417109705,34.24756709458243,12.42007461638807,34.45376977453654,0.018594558850432093
1252,0,42.31956791747157,29.67676088951043,12.642807027961144,29.905655636690998,0.025711715683285324
1253,0,37.49530332497871,24.87386090697768,12.621442418001028,24.97046020191955,0.027974410394086015
1254,0,38.519899174775155,25.293037419035393,13.226861755739762,25.35874899479313,0.03813094166465409
1255,0,42.15005978667638,29.60882619955154,12.54123358712484,29.823012445424435,0.02611521570298427
1256,0,38.50790090658626,25.00138414928619,13.50651675730007,25.110914118165855,0.04017659976160214
1257,0,47.23507470671572,36.64672778523966,10.58834692147606,37.161539989540124,0.02301461986563331
1258,0,38.10949111311466,24.827130742503567,13.28236037061109,24.934834776476535,0.036063504590284054
1259,0,45.532449720960244,34.66733867391659,10.865111047043655,35.09770906785981,0.03631913730099617
1260,0,48.994230321911175,36.198126974467826,12.79610334744335,36.46426880445783,0.028169055646397597
1261,0,42.10799668187745,28.503133311517228,13.604863370360224,28.699559527450937,0.019820301885275695
1262,0,49.18314620175829,37.304409547376224,11.878736654382067,37.48896550647429,0.013281809314901125
1263,0,40.93792840693947,27.03901146223311,13.898916944706361,27.172460544082377,0.022014068848509108
1264,0,43.5789477912257,30.869154690186633,12.709793101039068,31.048698777864644,0.01917467841619261
1265,0,43.14440663615399,29.976204564388443,13.168202071765545,30.122255794695977,0.019458652517424214
1266,0,41.2845263915646,31.98759412219248,9.296932269372117,32.25872795320201,0.048857065325193016
1267,0,35.80824394315975,28.07651966145742,7.731724281702331,28.6101157351738,0.024535810142459195
1268,0,38.78864172854719,25.737580305012447,13.051061423534744,25.75278072651772,0.030783281202585666
1269,0,47.113764454092774,35.93157408369322,11.182190370399553,36.293250622753476,0.01682866050772312
1270,0,43.35074446153915,32.142906253490125,11.207838208049026,32.60990588206549,0.03570613849319185
1271,0,48.50164711665197,35.67208943684042,12.829557679811543,35.925985990563746,0.02862803584212912
1272,0,50.734489773792646,39.55875460874629,11.175735165046355,40.134078579732446,0.015180237651428192
1273,0,39.478615837646004,30.417037119717055,9.061578717928949,30.461686335677843,0.029441402949063472
1274,0,39.59411390198561,31.143960315492468,8.45015358649314,31.512955395632304,0.03824278911571181
1275,0,51.38489047646395,40.970457632522255,10.414432843941697,41.47044196871816,0.01257534975065202
1276,0,39.75424009521279,26.622922855847836,13.131317239364957,26.771407149164812,0.03718174732593904
1277,0,49.30223769808815,37.31980054050566,11.982437157582488,37.6859966901511,0.022568092787677258
1278,0,48.41582758386481,37.138884548485485,11.276943035379325,37.56966701671678,0.017127291218813262
1279,0,38.73567366803712,29.633757284800986,9.101916383236137,29.493056358419416,0.034463328093187556
1280,0,40.41425857473375,27.47888166825104,12.935376906482709,27.603028031975807,0.02382234707019715
1281,0,42.97331179446046,29.222595013522987,13.75071678093747,29.375308013978014,0.02385192914164314
1282,0,43.21497952431845,28.71268553141206,14.502293992906392,28.8308227269172,0.040461779845877635
1283,0,42.776567818308735,31.57238451953613,11.204183298772605,32.1139728205783,0.023325324078732543
1284,0,46.232944208838134,34.90798936145751,11.324954847380624,35.24125873207054,0.03330394928068383
1285,0,40.68233383905739,27.37388376637317,13.308450072684224,27.41289168517186,0.02048158903537866
1286,0,40.96247913730839,27.660493711509798,13.301985425798595,27.708204483561598,0.023852357150383707
1287,0,45.046194790406986,31.61120476016878,13.434990030238207,31.78269613888728,0.039337484842899555
1288,0,49.5660191188601,38.064873175149586,11.501145943710512,38.49402140919096,0.04641249894869016
1289,0,47.26162310788199,34.91280928629644,12.348813821585551,35.13490030871225,0.02285559634767735
1290,0,42.62366028713444,28.65635754111412,13.967302746020323,28.828318784727784,0.03423157341071709
1291,0,37.861671096165495,24.580641894611237,13.281029201554258,24.676959037532576,0.035912873153049925
1292,0,41.4855984511977,28.952440825122586,12.533157626075116,29.159388263830724,0.0392751848412615
1293,0,41.652752285881746,28.67668371855156,12.976068567330188,28.91491314205967,0.03655627384933528
1294,0,39.784382891800774,27.081056191563338,12.703326700237437,27.232339507888856,0.03601920030864119
1295,0,47.89180621401286,35.27736727378656,12.6144389402263,35.54688409116558,0.017945092035201497
1296,0,48.955541116987405,37.717361985792195,11.23817913119521,38.01730345311575,0.02431631312719403
1297,0,50.47417591674794,39.718100829709954,10.756075087037985,40.28942813150955,0.02021599134835666
1298,0,45.41864328794129,32.28750563902796,13.131137648913331,32.43099618331994,0.028463865273894967
1299,0,47.115938792449924,35.33810541176959,11.777833380680335,35.68472254479542,0.016948828792661328
1300,0,49.53557739646968,38.554787050973076,10.980790345496601,39.006260221114644,0.02158228400230015
1301,0,38.07848632748873,30.529823230723956,7.548663096764777,30.638182097459087,0.04981174413231459
1302,0,47.902890940106474,36.94663122245762,10.956259717648855,37.22825306764125,0.0346729942900971
1303,0,39.92304542536253,26.784902912459774,13.138142512902757,26.906823259544836,0.029742789907205303
1304,0,46.108559171875484,33.358242695460135,12.75031647641535,33.496734611386856,0.025695784725882402
1305,0,48.64744556131819,37.28421417065002,11.363231390668176,37.52727494849741,0.01961009232324264
1306,0,45.52328114007621,32.52110193580674,13.002179204269467,32.73814572363162,0.032714314586591936
1307,0,46.34733802325242,33.154053106495354,13.193284916757065,33.32789218919659,0.046488839356690605
1308,0,41.82409520706476,28.199170224907743,13.624924982157015,28.371005978848505,0.028352064659104073
1309,0,50.612845860318515,39.562885002606095,11.04996085771242,40.033330842590296,0.013472838851098325
1310,0,45.61968825571468,34.168322125882966,11.451366129831712,34.55675450312246,0.016004132912336797
1311,0,43.17853572933767,29.08045456595524,14.098081163382428,29.227862117565373,0.022881803815741966
1312,0,48.45044479799557,37.79997518372234,10.650469614273234,38.356198286110356,0.02008302689343483
1313,0,41.495617426636706,27.334445053006903,14.161172373629803,27.422287304269787,0.028612840457485994
1314,0,42.419293336131915,29.443418436797522,12.975874899334393,29.664136358300475,0.02330898607404952
1315,0,41.27489746468186,27.47163710076462,13.803260363917236,27.585665994288988,0.03756575934893255
1316,0,43.29265245631839,28.923992838439496,14.368659617878897,29.06467707430206,0.053452488844586664
1317,0,48.614386236955426,35.877474481722274,12.736911755233152,36.1116632530467,0.027387673049729055
1318,0,41.748438566437,27.71990540081911,14.028533165617894,27.88160718669203,0.023041879073696578
1319,0,48.07887324172411,36.087353869582266,11.991519372141845,36.40279122162137,0.025360456031710395
1320,0,39.29000689744482,25.95763277053848,13.332374126906338,26.05792799726895,0.02804579967105528
1321,0,40.43028805597595,28.731303799952055,11.698984256023895,28.964570517353614,0.02994935035246238
1322,0,43.02061300569382,29.842102552576556,13.178510453117262,30.02604182520885,0.030425336904368452
1323,0,40.07304329696723,27.721835882181864,12.351207414785364,27.909239857959907,0.028140428531096814
1324,0,39.37131053329586,25.81921346949722,13.55209706379864,25.91996488708595,0.027760397420611992
1325,0,38.66277688005869,25.465898101378915,13.196878778679778,25.494653954641485,0.04036830618464759
1326,0,46.51733365523205,34.213554376685465,12.303779278546585,34.42644881401529,0.031193145817741484
1327,0,39.50616493306363,26.432962714322134,13.073202218741496,26.537608835801908,0.022608848250324477
1328,0,49.69505285175653,36.01543092736239,13.67962192439414,36.16391177851875,0.026035718277594527
1329,0,49.60056181552207,38.797677837554104,10.802883977967966,39.05212936864355,0.02296269746214149
1330,0,49.227407423339116,37.34569973750219,11.881707685836929,37.57432608689801,0.012684137090390072
1331,0,48.48215511891897,34.994605876053356,13.487549242865612,35.19413308664021,0.015534933202078476
1332,0,38.786112706688,30.114461568734463,8.671651137953539,30.297005583969977,0.04239815009374381
1333,0,44.73010122051808,33.29266366693142,11.437437553586662,33.706801235462706,0.0181370368954349
1334,0,48.01367472665038,35.94954601271034,12.064128713940036,36.27761086634549,0.01452504987441407
1335,0,45.1130419251414,33.83017872948973,11.282863195651672,34.232561572594676,0.033228131516486396
1336,0,41.72075084255714,28.165432875283066,13.555317967274071,28.362611313542455,0.026374567491790662
1337,0,43.3141682662383,31.602216744539895,11.711951521698403,32.004361688637275,0.07092021264331623
1338,0,45.40751350161712,33.436293526567255,11.971219975049863,33.663733768995165,0.017739981387170124
1339,0,48.6071478230772,36.81253920606683,11.794608617010368,37.065893716299186,0.012709077738701705
1340,0,49.24145297569285,36.33008408432785,12.911368891365,36.58928527247839,0.038699971244697165
1341,0,43.29258741135391,29.93940678020149,13.353180631152416,30.027555760309877,0.025694885692509318
1342,0,51.44802373322713,41.101217967887806,10.346805765339326,41.674865825109606,0.02443746277399612
1343,0,41.25645209102983,27.56279327780333,13.693658813226499,27.630751824506632,0.037533357149257915
1344,0,42.949285179941754,30.277518147800336,12.671767032141418,30.50227154956554,0.04702522245440894
1345,0,46.42834209449795,33.59336687462636,12.834975219871588,33.801208217303795,0.03781163593859497
1346,0,46.68594964466061,35.01322130555945,11.672728339101162,35.300026040270076,0.02866873108244513
1347,0,40.00721599365494,27.27533201174214,12.731883981912798,27.380492419834983,0.03588573040711056
1348,0,42.58433147481004,29.713444454998058,12.870887019811985,29.949317447413204,0.023737259879800358
1349,0,43.702448339154955,30.534198934253684,13.168249404901271,30.72663118062781,0.02917129503959326
1350,0,41.06915204075519,27.84223570039893,13.226916340356262,27.95046777397688,0.023301888441668268
1351,0,40.32743012665675,30.28000520315435,10.047424923502401,30.514804977095377,0.029017394721385342
1352,0,40.998283447626484,32.490680518093995,8.507602929532489,32.59816909381723,0.05074428693112093
1353,0,48.47481875215391,36.37720586333208,12.097612888821828,36.71946594211195,0.024651275708569065
1354,0,45.60344068729434,32.8989765937922,12.70446409350214,33.0933252041023,0.018710456726848162
1355,0,72.06678323784207,74.56016024554707,-2.493377007704993,78.13354392232759,0.0018064982859005078
1356,0,47.785814852377314,37.28301258129855,10.502802271078764,37.70887048028213,0.011184992488382596
1357,0,40.728152171447164,28.51898252588188,12.209169645565282,28.525503383405283,0.034842055580187443
1358,0,43.829075518404,30.585189671850042,13.243885846553955,30.871770274687066,0.02617977654624449
1359,0,45.80305590415449,33.093822252922266,12.709233651232225,33.31559666726493,0.027483912636599734
1360,0,44.857036096159504,31.437841917641403,13.4191941785181,31.66592271977334,0.023849972425054856
1361,0,51.10107129176015,40.53363578641636,10.567435505343788,40.98410497360147,0.025831226899574067
1362,0,44.25609342412494,30.57476683575092,13.68132658837402,30.77475972355321,0.024605141101266156
1363,0,41.18177574695078,28.725155966255436,12.456619780695341,28.867062647750227,0.03552449288667589
1364,0,49.58326888333163,37.81565094805271,11.767617935278913,38.12589067960519,0.020931778921550882
1365,0,39.29960212939143,31.707066523085775,7.592535606305656,31.83632647193459,0.03158385109625979
1366,0,45.48890009267687,32.3384175369101,13.150482555766771,32.53207525133952,0.02448325110289457
1367,0,41.29365986464751,32.21052404290322,9.083135821744293,32.598098794067724,0.05218655154129937
1368,0,47.59248252321571,36.18771026854796,11.404772254667748,36.58382417813064,0.0353529237666501
1369,0,43.40411035248087,30.959208185830597,12.444902166650273,31.192420597397913,0.034401621711671444
1370,0,50.80824744942822,37.93274353213473,12.875503917293493,38.19559069254953,0.022499176932796145
1371,0,51.56736120174284,40.27352129827031,11.29383990347253,40.79575238191124,0.041140330661205406
1372,0,39.01899535990242,32.859532418913204,6.159462940989215,33.07252907803375,0.034754586945698177
1373,0,47.95754677044525,35.67035901198376,12.287187758461485,35.849399537797055,0.026508588323860417
1374,0,40.44215668741215,29.996046287648547,10.446110399763604,30.29007531137822,0.023806246711000397
1375,0,46.49516792384959,33.51263204773086,12.982535876118732,33.690723349397075,0.03426796254914314
1376,0,45.39218556088828,32.93374475161218,12.458440809276098,33.10602992784186,0.030439078294060225
1377,0,44.92398137030624,31.89627322684434,13.027708143461897,32.114402424824206,0.04016927998318455
1378,0,47.379388578882754,34.827979607414434,12.55140897146832,35.04043452458379,0.03022806790449826
1379,0,46.05842953333679,32.954621751921295,13.103807781415497,33.188174406708185,0.044931945840646616
1380,0,45.17225725435205,33.379858589423506,11.792398664928541,33.666025264439945,0.023757410701983152
1381,0,42.93643543756083,30.674244220648387,12.262191216912445,30.92452866804373,0.030455005005680172
1382,0,48.723373041361114,36.24168036655351,12.481692674807604,36.48172699033477,0.020508220210559293
1383,0,45.96228441778972,35.83516003855569,10.127124379234026,36.866781596328835,0.036056860445380964
1384,0,44.41239592230828,31.77389210312654,12.63850381918174,31.981817372855655,0.035289789255565265
1385,0,48.84716850784159,36.07076458944481,12.776403918396774,36.31516736541961,0.03770995223853272
1386,0,43.57752708921993,32.095613828317894,11.481913260902033,32.12335810049862,0.04972675321659516
1387,0,46.30849500309705,35.45810672562533,10.850388277471723,35.97221978945399,0.03662026616343281
1388,0,49.336336704239045,37.90760531376961,11.428731390469437,38.29280495902279,0.01786074866922413
1389,0,43.681116504887555,30.892314438607595,12.78880206627996,31.05723050867275,0.022140202370433546
1390,0,45.77380682204168,33.48340710796349,12.290399714078191,33.63293540097625,0.0220391665050414
1391,0,48.02010588505274,37.1712058903078,10.84889999474494,37.83210534921469,0.07261717957968805
1392,0,44.462152025785784,31.836792923778525,12.625359102007259,32.065852171944385,0.028177422248840876
1393,0,43.30284326724728,30.164199344133866,13.138643923113417,30.371001403805746,0.036723947509803165
1394,0,48.722401273399726,37.754926739903055,10.96747453349667,38.20888701283377,0.009343300040249166
1395,0,40.706200333897144,27.321310902228237,13.384889431668906,27.417439413737643,0.027071232659581952
1396,0,43.81104514051869,30.83037892398769,12.980666216530995,31.0393838329129,0.025751477477467557
1397,0,40.31085449817844,32.20568462961154,8.105169868566904,32.83407572651704,0.03222735466562015
1398,0,43.21932933386883,30.017910520364712,13.201418813504116,30.151494531820607,0.026260878820005707
1399,0,46.751429392432655,35.25580806025616,11.495621332176498,35.53499670596511,0.03996980641583251
1400,0,41.94489944862839,29.307361809533916,12.637537639094475,29.441360722621074,0.032656167775009924
1401,0,45.64278380389807,34.51120590871568,11.131577895182389,34.738842844009085,0.032994911935680625
1402,0,60.11230979908919,50.11241915118353,9.999890647905659,52.48989084086975,0.06105913340822468
1403,0,43.79092303553168,30.52929574169923,13.261627293832447,30.70584429196295,0.01740294495974877
1404,0,43.36707013843633,30.243320525700657,13.123749612735676,30.504064945484217,0.053189416816580126
1405,0,48.436630137955746,37.27326579517546,11.163364342780284,37.61304951923245,0.012240495307338301
1406,0,39.82191515888175,32.32287738075469,7.499037778127061,32.85426463735581,0.0299831006675112
1407,0,41.35186264863373,28.178016465177883,13.173846183455844,28.421028343974097,0.03656894634933235
1408,0,72.06678323784207,74.56016024554707,-2.493377007704993,78.13354392232759,0.0018064982859005078
1409,0,46.82452889026972,35.89212587776163,10.93240301250809,36.422549560823185,0.020777697936349333
1410,0,47.24879091126607,36.61650400324491,10.632286908021158,37.03005125400831,0.012458610912396537
1411,0,43.094572457701304,29.536331300831467,13.558241156869837,29.647298380687563,0.03073817040703551
1412,0,46.214296515433944,34.824549314378444,11.3897472010555,35.24535002405055,0.044891899202277846
1413,0,51.870199003188276,41.85884301985203,10.011355983336244,42.2989918604534,0.011981817811411739
1414,0,51.419110616329235,39.57002839981723,11.849082216512002,39.784258342891754,0.015973550722069192
1415,0,42.42647463539318,29.531492434764793,12.894982200628384,29.688254648844232,0.027276902674656118
1416,0,43.845235466691335,31.281107058583896,12.56412840810744,31.502370370043987,0.017138676465608505
1417,0,47.26670884101506,36.02685408526477,11.239854755750287,36.48368896048447,0.01111139649804735
1418,0,45.43515475719889,34.3708298453877,11.064324911811184,34.66632223123523,0.025743788376250406
1419,0,48.012487745101154,36.41638123282131,11.596106512279846,36.7347196911968,0.010555086261090717
1420,0,48.10101300668191,35.630079174703184,12.470933831978726,35.94073914894442,0.04665741026494109
1421,0,47.00580037568153,36.431343021450495,10.574457354231036,36.91209897181018,0.01895639612432477
1422,0,50.79930348032971,37.63887836044492,13.160425119884792,37.85158976449905,0.027468736609134497
1423,0,48.606175223586575,37.15699283949415,11.449182384092424,37.594232640837255,0.01079160516532785
1424,0,43.71258391490383,30.76240744902768,12.950176465876151,30.994837864045685,0.05936633099542214
1425,0,45.93802709544542,34.24642056228652,11.691606533158904,34.50199255345103,0.033855661112492975
1426,0,51.522194277754025,42.12641113952968,9.395783138224346,42.972332703493066,0.014919445921516606
1427,0,41.88571688409658,30.034741936441606,11.850974947654976,30.232432075658707,0.020320608291658333
1428,0,46.56442652725292,36.64172883281822,9.922697694434703,37.360408009007955,0.01785233782213353
1429,0,46.48760580343081,35.20576978600431,11.2818360174265,35.60064130207958,0.012306568883265997
1430,0,44.1365664649703,31.585002531797436,12.551563933172865,31.78404661331999,0.04439684461826406
1431,0,51.55691855874579,40.38629659996215,11.170621958783642,40.92591102869456,0.032646555860789093
1432,0,48.26583707379952,38.23365434366399,10.032182730135524,38.78409292668252,0.0112317830889362
1433,0,41.62498406633395,28.978926234362362,12.64605783197159,29.167562315537577,0.03318457141384277
1434,0,43.64241255219903,30.68736969219616,12.955042860002873,30.852891966810557,0.036981053848124376
1435,0,48.10986225960281,36.584601428602255,11.525260831000551,36.978054700569416,0.01680994749369799
1436,0,40.95017943244444,30.543465747608717,10.406713684835726,30.635228736066946,0.05133678863833799
1437,0,46.87613469402015,35.30506869263759,11.571066001382562,35.58823502631139,0.029481186251221137
1438,0,46.42397366867904,33.38985427988416,13.034119388794878,33.60036627653527,0.04397437636162691
1439,0,43.102002176630435,30.09281635452428,13.009185822106154,30.343303637870488,0.02917084767370426
1440,0,41.486415113827526,28.916044309149544,12.570370804677982,28.961999963574748,0.034863739921018586
1441,0,47.68768496194129,35.66856959968983,12.019115362251455,35.924001528196385,0.02432769897217343
1442,0,49.05873011008654,36.55119291571022,12.507537194376326,36.7529150166367,0.016591693162198214
1443,0,41.76060230303386,28.480990009722927,13.279612293310937,28.569694939307166,0.026534389291189356
1444,0,72.06678323784207,74.56016024554707,-2.493377007704993,78.13354392232759,0.0018064982859005078
1445,0,50.63230688272242,41.1115674667554,9.520739415967014,41.72440542222368,0.017803307319236305
1446,0,52.54889135669754,41.7687750289287,10.780116327768837,42.19595218677671,0.016042633263759907
1447,0,48.96603370358976,36.51746548125158,12.448568222338181,36.74282097491154,0.014794631913884956
1448,0,40.66476309958853,29.728013348229812,10.936749751358715,29.907634530226087,0.020364110322768296
1449,0,43.898368232433285,30.76105139006495,13.137316842368335,30.930936862486504,0.02196152916612237
1450,0,44.43073815903915,31.50654978762165,12.9241883714175,31.78693904398203,0.03844456403643513
1451,0,47.036127916672726,34.339995154231545,12.69613276244118,34.6148925038019,0.03445068570522827
1452,0,48.21804729203268,37.30626144428763,10.911785847745051,37.8795361872822,0.02246403935333192
1453,0,48.76121399822908,37.53563782970356,11.22557616852552,38.03754182132257,0.011620356927089133
1454,0,43.410007762531606,30.11687403476382,13.293133727767785,30.25600595926445,0.029996274216175334
1455,0,72.06678323784207,74.56016024554707,-2.493377007704993,78.13354392232759,0.0018064982859005078
1456,0,49.79806329740089,39.05707416598908,10.740989131411808,39.65964299852112,0.01195490058015785
1457,0,48.28928722488597,35.65320985702719,12.636077367858775,35.92216207246117,0.03053960022354528
1458,0,43.98512252099536,30.670078611108128,13.315043909887233,30.862128477877164,0.01787869599932386
1459,0,40.06632926750241,27.384118428759106,12.682210838743305,27.498705449893635,0.036599880904317796
1460,0,46.025551647369056,33.844784160855426,12.18076748651363,34.01695176103806,0.022174271003518774
1461,0,49.66423713970637,37.531585475665295,12.132651664041077,37.793963989838595,0.026079947278274108
1462,0,44.11309665781833,30.911673495489556,13.201423162328776,31.047021836573336,0.03552332285281236
1463,0,43.212251848973665,34.787246881621094,8.42500496735257,34.99274899793147,0.017819603912221583
1464,0,48.34259832092954,36.74997696912898,11.59262135180056,37.11319736097968,0.018495609258656908
1465,0,50.78407526860637,39.61966442567584,11.164410842930529,40.07093260944556,0.029849564100442864
1466,0,41.38806852530439,28.690713936638055,12.697354588666336,28.90104382626769,0.02852922820299179
1467,0,42.58056953862,29.97266479439211,12.607904744227888,30.174747546456473,0.02728344324998517
1468,0,44.27348236395929,31.595594505218934,12.677887858740355,31.735310497589083,0.02041032020798522
1469,0,40.991621443585544,27.891109371894604,13.10051207169094,28.021371229556944,0.025723639704865152
1470,0,46.5310232112771,34.83579244350238,11.695230767774724,35.10541869117503,0.022848619160447017
1471,0,40.97958992481668,28.237262779296483,12.742327145520196,28.408575798856738,0.03688465940383058
1472,0,47.78133408239786,37.238250784363004,10.543083298034858,37.77441176688078,0.009427900586214497
1473,0,40.58002989178467,27.72020262842057,12.8598272633641,27.89841470041119,0.020423229294839862
1474,0,40.39250508057859,29.467903866342535,10.924601214236052,29.635024337818482,0.02605304940419811
1475,0,46.77284869557077,35.41924466963745,11.353604025933322,35.7420844875971,0.01580724567903053
1476,0,42.155208774538465,29.29291627473185,12.862292499806614,29.515830888471726,0.019510951310486104
1477,0,40.90509193937024,27.44384071105619,13.461251228314048,27.547390868447202,0.026634713242594685
1478,0,47.62798029761599,37.14230478114869,10.485675516467303,37.845983611673034,0.013926515296987267
1479,0,43.19219475025618,31.69187808356012,11.500316666696058,31.718672391076566,0.0308462436819892
1480,0,47.090330798167685,36.23297252465062,10.857358273517065,36.61684167172598,0.018030661675141613
1481,0,41.92789611745128,32.0508990193356,9.87699709811568,32.23716147593107,0.028491901111628526
1482,0,48.9143605536307,37.762083204912464,11.152277348718236,38.20108646568369,0.017099034040689923
1483,0,41.43001772234895,32.106384426601046,9.323633295747904,32.53790969791167,0.0331720688277238
1484,0,40.13484458112221,31.602580068116122,8.532264513006087,31.807776427737195,0.07050137551245762
1485,0,50.54136670541146,38.61025956634536,11.9311071390661,38.96472436698389,0.0168857093371593
1486,0,45.088401343616596,32.97912533323178,12.109276010384818,33.19202985370265,0.03159710646151889
1487,0,51.22988070439304,41.75557205376576,9.474308650627279,42.499788405159194,0.021635115527767174
1488,0,47.94705972803942,38.10601238464553,9.841047343393889,38.859890027351256,0.015475815315673394
1489,0,50.94245040258342,40.509496830862716,10.432953571720702,41.06160000656084,0.030698989328189957
1490,0,40.91241906495339,31.88986377408086,9.022555290872528,32.00591590931592,0.029257075298011068
1491,0,48.323481625536004,35.92104146741187,12.402440158124136,36.1442639192566,0.019386284632486168
1492,0,47.77624644987122,37.287899755215435,10.488346694655789,38.06065893686885,0.012011713897263044
1493,0,44.94444323211731,32.00904457777963,12.935398654337675,32.230188519659805,0.026598728248898414
1494,0,48.000671631694786,36.323695256449696,11.67697637524509,36.59154656869031,0.03565189752994839
1495,0,47.417893487668266,37.52527269125817,9.892620796410093,38.09450927581732,0.01884877236605762
1496,0,40.37749497043124,27.54244782612664,12.835047144304603,27.68550417517241,0.022398401313906732
1497,0,51.36789133536058,39.036310267335594,12.331581068024988,39.338347932122346,0.01707476551661056
1498,0,46.65903715144532,33.65544344278122,13.003593708664098,33.94269377434557,0.031571896963514354
1499,0,50.243777468061225,37.74757502906836,12.496202438992867,38.017252209210426,0.020908462125384407
1500,0,51.910980086428765,42.059362160867025,9.85161792556174,42.63231597476508,0.035376238128028537
1501,0,69.76231352665008,70.66006996817701,-0.897756441526937,77.86409174668118,0.005909535631454199
1502,0,45.32362318725711,34.52261805848606,10.801005128771052,34.992574136102505,0.024399380752695172
1503,0,51.71149952461957,41.534868869582326,10.176630655037243,42.13251833997063,0.022138658097797487
1504,0,46.00668500162908,33.448435434625026,12.558249567004054,33.61363572632261,0.0215509677246847
1505,0,41.093940268395116,28.32757889150673,12.766361376888387,28.409032213907263,0.027947104093920958
1506,0,48.48078049272122,37.99193175713049,10.488848735590736,38.50218175716594,0.01633311890455373
1507,0,49.74532167019606,38.35721412887477,11.38810754132129,38.76442462860984,0.020334637944033014
1508,0,49.517419351532155,37.46872879144091,12.048690560091245,37.81042686872132,0.02608120119324183
1509,0,46.80032881992827,35.174381773322565,11.625947046605702,35.600119110420465,0.021050333734930222
1510,0,46.70941265374408,35.180542215749014,11.528870437995067,35.45145959299349,0.01710345392964132
1511,0,43.42668430131798,30.22022273557178,13.206461565746196,30.385601893358036,0.022254073576414537
1512,0,49.49343235235496,38.328269688743056,11.165162663611902,38.90629631367764,0.036079934201425044
1513,0,49.532973782504456,37.444734046051124,12.088239736453332,37.77447704958195,0.029041113716692404
1514,0,48.94573947458534,37.33530892565952,11.61043054892582,37.67083080131093,0.02355331507071065
1515,0,42.5473573304328,29.651718059186184,12.895639271246619,29.815524398818514,0.02750011889608819
1516,0,44.03420148297786,31.369277906649444,12.66492357632842,31.613288353402876,0.040211366789511045
1517,0,49.36009854712408,36.73913404838245,12.620964498741635,37.05427623351497,0.02043154857973719
1518,0,47.90749722884523,38.06125707441834,9.846240154426887,38.731581402193115,0.030543594205689476
1519,0,51.97336356911356,41.23260321134923,10.74076035776433,41.644337453283214,0.021037318556998613
1520,0,48.62510484453772,37.30704339874305,11.318061445794669,37.72745870944058,0.01377055224703627
1521,0,49.24357423313366,36.922338056468234,12.321236176665423,37.188148826032204,0.021410918542655373
1522,0,43.23150046371515,31.45979010922488,11.77171035449027,31.522599105663748,0.033618671183593865
1523,0,40.72638813713594,33.271493093609664,7.454895043526278,33.101084274762385,0.02339299408107358
1524,0,42.869082858714776,30.25613085570572,12.612952003009056,30.41562694686152,0.017286377109897978
1525,0,40.36375959577766,33.16478500655637,7.198974589221287,33.50588484646322,0.04518660887295869
1526,0,46.039923691434836,33.924551540059866,12.11537215137497,34.19046829767687,0.025837384632940417
1527,0,48.75805358856158,37.28383664703317,11.474216941528411,37.62494958721143,0.018896417683477645
1528,0,46.64206276431777,34.709154191605336,11.932908572712435,35.00077112341485,0.030686712575813034
1529,0,43.14772687657006,29.807799860345614,13.339927016224447,29.946784941798814,0.028368333491173195
1530,0,44.36055816537973,31.260376615941034,13.100181549438695,31.477785003793247,0.035031734415527475
1531,0,46.32919298830707,34.944321252489615,11.384871735817455,35.38168108964366,0.012555664576137339
1532,0,49.320191695797234,38.87313156669663,10.447060129100606,39.33108362231752,0.017995913390032717
1533,0,51.58898419089759,41.548097440295294,10.040886750602297,42.098727113395995,0.014217485922600888
1534,0,40.1641774664142,32.05248332412391,8.11169414229029,32.28389536885204,0.07934937376346347
1535,0,45.85110939450024,32.75445967426808,13.096649720232165,32.95335521779611,0.044686892571757834
1536,0,42.776946319505285,29.294002875878697,13.482943443626588,29.41014374753304,0.028585581249422724
1537,0,43.52746907673577,30.474856456319124,13.052612620416646,30.682674482293223,0.01773763486705043
1538,0,43.539960212307875,30.35239476249692,13.187565449810954,30.60800487021832,0.025986402640725135
1539,0,48.47150806680936,36.19551168199217,12.27599638481719,36.47119101319157,0.02400968419822466
1540,0,41.10635013544798,31.731734701466817,9.374615433981166,32.16668815882343,0.027508053188225273
1541,0,45.402362444899794,32.778383966383906,12.623978478515888,33.034568508218314,0.03606279449580281
1542,0,52.02940713863657,42.36700102778022,9.662406110856352,43.02065551972895,0.025906670792756388
1543,0,46.77449663155538,35.341677431931174,11.432819199624205,35.687559919852276,0.017310387538272153
1544,0,51.94312956192458,41.106641856270336,10.836487705654243,41.5771300720929,0.019847589840361956
1545,0,49.795336038757284,39.177482951960236,10.617853086797048,39.629802652747706,0.023318237200827503
1546,0,43.73828306589495,30.441314189915822,13.296968875979125,30.603641998116906,0.022166816339233838
1547,0,72.06678323784207,74.56016024554707,-2.493377007704993,78.13354392232759,0.0018064982859005078
1548,0,47.76956071119474,37.63835848164966,10.131202229545082,38.253848104793875,0.028520442195027577
1549,0,51.91616663495533,41.553244730739195,10.362921904216137,42.02329431437788,0.01174713568827655
1550,0,46.73864616302774,35.78965795958747,10.948988203440265,36.13592994463378,0.01470560610197437
1551,0,46.59621039777147,34.822347967586005,11.773862430185467,35.178491218993,0.024931053603793774
1552,0,51.43613198006679,40.93586907758839,10.500262902478397,41.495601176136404,0.018635215376392324
1553,0,44.476929852904675,32.22292007019192,12.254009782712757,32.48644965144261,0.028732368880155082
1554,0,43.951886960748595,31.174250525356623,12.777636435391972,31.37326669695796,0.038895831472176526
1555,0,48.26692339757166,37.3730675340323,10.893855863539358,38.06536178640026,0.018223458091520598
1556,0,43.90604950189818,30.284771965051235,13.621277536846947,30.368606999072494,0.019359956719759132
1557,0,38.58054718138578,32.67109075891179,5.909456422473994,32.61569816563699,0.04016583440552025
1558,0,42.69412226044891,29.510669073506357,13.18345318694255,29.61849085613898,0.021635023043472815
1559,0,45.15071865305154,32.46268077274985,12.688037880301692,32.65012608981708,0.019114737839459515
1560,0,41.133977519382086,28.313122159272236,12.82085536010985,28.41765609628153,0.03977461293559156
1561,0,49.77055374654587,37.390265291408966,12.380288455136906,37.74338259148533,0.036550451275178614
1562,0,46.6773581086385,34.09506437479797,12.58229373384053,34.224276807856796,0.03876720517589945
1563,0,42.23348635031549,29.450241636612876,12.783244713702612,29.588958520010046,0.029657710808786597
1564,0,38.46194798621541,31.458542437808727,7.003405548406679,32.275472812879144,0.029278578971848573
1565,0,43.87747005327391,30.47790614182944,13.39956391144447,30.68601001654052,0.03291070391026694
1566,0,45.02674350375854,33.64979298986551,11.376950513893028,33.895561664908264,0.031775383919082106
1567,0,72.06678323784207,74.56016024554707,-2.493377007704993,78.13354392232759,0.0018064982859005078
1568,0,48.17248168932487,36.47944322399512,11.69303846532975,36.75694137457231,0.02023392039667727
1569,0,42.94942947963567,30.40708617443483,12.542343305200838,30.58267116922786,0.025085631423227815
1570,0,50.241698280001,37.512043514709035,12.729654765291968,37.7366337929137,0.014840472937323212
1571,0,40.15083103374994,27.665736600242194,12.485094433507744,27.788797788384326,0.027697710515589877
1572,0,48.63429149704882,37.73452500423015,10.89976649281867,38.32504866514543,0.017675272351172562
1573,0,47.16491363344906,34.78397942162862,12.380934211820438,35.05327352114749,0.037331780101908574
1574,0,46.454545380028435,33.70521692431466,12.749328455713773,33.88810366710941,0.021270510177436322
1575,0,43.288631991062516,30.119666636004336,13.16896535505818,30.307974367575966,0.019305563049890107
1576,0,46.01501012780959,34.851447017394115,11.163563110415474,35.1527851854691,0.03170539266542937
1577,0,50.30381363536843,39.51999649018666,10.783817145181771,40.063116497719065,0.02849505848242203
1578,0,72.06678323784207,74.56016024554707,-2.493377007704993,78.13354392232759,0.0018064982859005078
1579,0,41.344777682112095,28.31148531144254,13.033292370669557,28.506087036338275,0.03178130936631379
1580,0,41.95579249073991,31.904435802306804,10.051356688433106,32.045771651989625,0.031148966285405397
1581,0,40.54193730044702,27.63457267984462,12.907364620602397,27.813919213223233,0.023312911826110394
1582,0,43.576771150208586,30.278935930259916,13.29783521994867,30.474186223835243,0.026226311201890444
1583,0,40.4924564495537,27.122856182140985,13.369600267412714,27.284713838749123,0.03288887342799918
1584,0,51.98407589520113,41.05108788554823,10.932988009652902,41.63787318742335,0.009556006389486104
1585,0,47.1402444961376,34.702484911886955,12.437759584250642,34.90588265121863,0.03545558993658004
1586,0,48.83687882722458,38.16647031956988,10.670408507654699,38.6490346938212,0.02822715083883857
1587,0,40.46184296848958,27.61889378967474,12.842949178814838,27.731361774078426,0.027754429197603164
1588,0,44.59333449114318,31.58689062794518,13.006443863198001,31.79885515063199,0.03155276561936706
1589,0,48.58413294756231,37.40527914338749,11.178853804174821,37.816108910460315,0.034242781011506664
1590,0,45.45576413607478,32.93410905111189,12.521655084962887,33.08212440703091,0.019956934236663712
1591,0,39.36825239711399,32.44804958642199,6.920202810692004,32.971259354388195,0.025524527471500386
1592,0,42.7524173935476,29.346686972533387,13.405730421014216,29.43376992614906,0.023452240490962728
1593,0,40.6234195107137,27.922273508084913,12.70114600262879,28.072484045634432,0.023580618917673178
1594,0,47.8337031726566,35.3820954154826,12.451607757173996,35.618843781227255,0.02505162946486643
1595,0,48.854749271670855,37.313798297282574,11.54095097438828,37.681111927553985,0.038720003773015085
1596,0,43.81545164651804,30.493025169372142,13.3224264771459,30.684711010671553,0.0584928792083193
1597,0,46.22856956940541,33.226063777423136,13.002505791982273,33.42353940860535,0.03740084221102263
1598,0,47.80761813383177,37.72285997059656,10.084758163235207,38.15435183454025,0.018392794683696485
1599,0,49.158268389274156,37.54067854134287,11.617589847931285,37.90615029649476,0.013045180719989285
1600,0,48.37369325249347,36.83412051660095,11.53957273589252,37.231303447027045,0.011068027816385072
1601,0,47.32519028662119,35.931132494738165,11.394057791883029,36.24375680143142,0.033625618259658596
1602,0,48.20838607573653,36.00637490438952,12.20201117134701,36.2458612095392,0.01620557230864337
1603,0,52.630000022500454,41.370721706087465,11.259278316412988,41.673892362129706,0.019123846467055217
1604,0,40.108058155996936,27.675953485832963,12.432104670163973,27.79396405744352,0.03227211276249538
1605,0,48.22627959527465,36.75107750704283,11.475202088231818,37.20893760556987,0.0099919902578851
1606,0,49.91645700433685,37.39090971640144,12.52554728793541,37.65873964545702,0.01327173605460727
1607,0,47.74032521983217,35.79641063644148,11.943914583390693,35.997130766014365,0.030129094653950098
1608,0,47.586534380012594,36.10964304574203,11.476891334270562,36.45103745688934,0.017844503695379894
1609,0,49.45660530893865,37.052740163731315,12.403865145207334,37.35259446959118,0.0172370646992249
1610,0,42.77296146785859,30.118291123598976,12.654670344259618,30.31647306221994,0.03246988083135454
1611,0,47.737740124116925,35.47226491178564,12.265475212331282,35.692670120825284,0.022653442886586415
1612,0,51.177567529699814,40.42929542734727,10.748272102352544,40.98939540179032,0.02528391559953843
1613,0,40.98776743369774,32.0894790145674,8.898288419130338,32.347325026174644,0.051210747600707915
1614,0,43.48816464680746,30.76801505826953,12.720149588537932,30.921306860911212,0.03323995660137924
1615,0,47.98144615997093,36.69491945595888,11.286526704012047,37.185943698933315,0.015978028682554258
1616,0,42.96134949918829,30.117087330402658,12.84426216878563,30.347653045363035,0.03048708845263297
1617,0,40.341571997570355,27.8786865970168,12.462885400553557,28.07840663898684,0.021555538169464126
1618,0,49.737135895540305,37.55725237900563,12.179883516534673,37.82651712374093,0.027101085729482388
1619,0,42.754542561264614,29.611229458540503,13.143313102724111,29.80397538481209,0.02986141929650131
1620,0,50.38811723999724,40.480337431368426,9.907779808628817,41.067307512248135,0.024143668131181996
1621,0,47.36178780284547,34.439511786187026,12.922276016658444,34.679014372427005,0.021015707343283944
1622,0,47.20513273514891,35.23934930402932,11.96578343111959,35.52330047793298,0.020816851054826824
1623,0,40.08974617544881,27.210956411164275,12.878789764284534,27.39635288316377,0.03074359471843961
1624,0,50.79999231802685,38.62358888741152,12.17640343061533,38.91801606592487,0.024176579635188947
1625,0,39.905725118010366,27.137875947371352,12.767849170639014,27.23833346921503,0.022260059865126754
1626,0,48.96124416618753,37.54605298762483,11.415191178562694,37.83949202812023,0.03242492907874149
1627,0,47.60657674199007,35.89787456613168,11.708702175858392,36.20054569613113,0.03367262178916898
1628,0,44.375491036263895,31.545875510376806,12.829615525887089,31.81583155054855,0.016008506559141013
1629,0,51.479457344019906,40.84439041649051,10.635066927529394,41.38950636370161,0.03602231648603867
1630,0,46.011202063247566,34.2134402486343,11.797761814613267,34.60781800746549,0.024646477279250054
1631,0,51.176300537930246,41.81955416062169,9.356746377308554,42.60017546643526,0.01780150817709137
1632,0,72.06678323784207,74.56016024554707,-2.493377007704993,78.13354392232759,0.0018064982859005078
1633,0,43.071511696521185,30.186737576663784,12.8847741198574,30.365404778953852,0.0326708190078746
1634,0,50.688942759463984,38.55250609705389,12.136436662410091,38.86593438706123,0.033805298037220016
1635,0,42.9876267987714,29.767724446904726,13.219902351866676,29.929516909104002,0.0503227426793213
1636,0,46.96719279319514,34.68484005830531,12.282352734889827,34.85903325226295,0.02559592104515133
1637,0,49.30358276049445,37.52976125669801,11.77382150379644,37.7724631599593,0.011251266088481815
1638,0,46.20101379120605,34.47917131489083,11.721842476315224,34.807712325371426,0.02864758874259489
1639,0,47.26837633364238,36.868761058737476,10.399615274904903,37.43944264674934,0.010423804805246488
1640,0,46.560998298068014,34.238518980572906,12.322479317495109,34.4093054529906,0.025923612257247226
1641,0,51.55282773894152,40.31481067192301,11.238017067018504,40.82407199778753,0.0263806459812021
1642,0,49.9389913164742,38.97749569907295,10.961495617401248,39.573637863953536,0.0323458915706218
1643,0,42.25762161163962,29.638938961880285,12.618682649759336,29.821028170744537,0.045019857539429796
1644,0,47.999096154586724,35.72568652903014,12.273409625556582,35.971347015527385,0.02569565137643472
1645,0,43.23272660934205,30.313930257929755,12.918796351412297,30.46652625538396,0.041899988051889485
1646,0,46.35556850088098,34.27876873633936,12.076799764541619,34.54226909618468,0.027591054616217192
1647,0,48.97188882284682,36.89959745165648,12.072291371190339,37.181396772168256,0.018699055349071344
1648,0,40.992659171046384,34.12299489152989,6.869664279516492,34.29065197133848,0.017986463861026408
1649,0,44.39662383762686,31.156189293469662,13.2404345441572,31.36815973090862,0.029680339349739227
1650,0,43.5674441224524,30.346658010321633,13.220786112130767,30.520704006350645,0.036648798643641685
1651,0,46.210934166803554,35.32660632066542,10.884327846138135,35.80377958754677,0.029083434959951117
1652,0,50.83108281016247,38.59128210074515,12.239800709417324,38.940279600738755,0.015854840677865314
1653,0,47.41794502305322,35.297143183730434,12.120801839322787,35.562174591272765,0.013437226095951717
1654,0,49.510206507694065,38.088341358502234,11.42186514919183,38.485284572705666,0.037176419392168786
1655,0,51.0694321111969,40.13683090388639,10.932601207310512,40.65997185820575,0.014291012990541859
1656,0,41.504455604456695,30.245214085241006,11.259241519215688,30.381426295145367,0.043027636958839516
1657,0,40.00892720680869,27.212884844802,12.796042362006691,27.304154493913533,0.02808355499166041
1658,0,48.76659993382275,37.05304425614466,11.713555677678087,37.459585293201144,0.02935212979543541
1659,0,51.537310168122985,41.63998084486259,9.897329323260394,42.1004083264898,0.02017691996018581
1660,0,44.331700706773816,31.447795496720286,12.88390521005353,31.630865835524457,0.04697524222109868
1661,0,48.37840573376488,37.0714259029131,11.30697983085178,37.33270621158858,0.02703462608539568
1662,0,46.75280889326588,36.26099543583577,10.491813457430112,36.53151978803892,0.012402656838909875
1663,0,41.31706557048618,28.515576489514256,12.801489080971923,28.680168122911223,0.03297097355902415
1664,0,46.19569404147447,33.7091377444179,12.486556297056566,33.90332283785099,0.04169971438785136
1665,0,42.74406394927452,29.17978050276491,13.56428344650961,29.309027717656935,0.022788104320769876
1666,0,50.41417337091346,40.431354430951224,9.982818939962236,40.9661546244442,0.036118928160884335
1667,0,43.09660568930708,30.15130420272821,12.945301486578874,30.36083685197055,0.037582928731034956
1668,0,49.884204104198915,37.87030495387958,12.013899150319332,38.19665717378588,0.024142784153391716
1669,0,42.72930322558058,29.876878414168406,12.852424811412174,30.081860955801236,0.024605326069854876
1670,0,42.889765824210855,29.63766911267775,13.252096711533106,29.730029050860793,0.023126869989416012
1671,0,43.267977537672664,30.04314495000565,13.224832587667013,30.17069916274152,0.02675868736378569
1672,0,44.069515175885684,32.05812750970381,12.011387666181875,32.32858553919887,0.02868970566008699
1673,0,72.06678323784207,74.56016024554707,-2.493377007704993,78.13354392232759,0.0018064982859005078
1674,0,47.865921612355535,35.68555496555815,12.180366646797388,35.95213227884295,0.03857202460044376
1675,0,49.55103120388361,37.15864595708478,12.392385246798831,37.45545660441683,0.0252773513654364
1676,0,47.23515532493357,37.08371853308715,10.151436791846422,37.82557385322016,0.0154575819192327
1677,0,47.91121885854713,36.92934227065068,10.981876587896451,37.40664799355109,0.01584379848327822
1678,0,43.398791306938435,30.36292160330878,13.035869703629654,30.549840966507166,0.044643691652303925
1679,0,51.166115889984724,38.990029111361935,12.176086778622789,39.29274166094024,0.018361436055515767
1680,0,47.34172613736277,36.605862606990264,10.735863530372505,36.97278783661234,0.013896494347979358
1681,0,48.4515802667551,38.231366573149245,10.220213693605857,39.01412056500841,0.010776829186205658
1682,0,42.48481844556174,29.225113282662377,13.259705162899365,29.429787954322574,0.04008196190452331
1683,0,40.76588669640478,32.78818883260463,7.977697863800145,32.71121933994355,0.021094482454103357
1684,0,42.75942031951932,29.030856554281787,13.728563765237535,29.132223545472073,0.026359546657302724
1685,0,47.24347447156599,36.71720802928573,10.52626644228026,37.00024115270618,0.010961019186215294
1686,0,50.59917134484414,37.711846075344866,12.887325269499271,37.995578382415786,0.022877123680287832
1687,0,49.6274516749706,37.93068107880085,11.696770596169749,38.38882911936943,0.02793349192453007
1688,0,40.836600144073685,27.51535942834546,13.321240715728226,27.62653022982282,0.04558073391957077
1689,0,42.48190464941975,29.562695431300252,12.919209218119494,29.675770212465437,0.022977094900896066
1690,0,49.23823193194289,37.11879653873747,12.119435393205421,37.33811984473671,0.028992703565588727
1691,0,40.94506781554919,32.150657967558864,8.794409847990323,32.25322935710206,0.03283055874141247
1692,0,43.26286957448113,29.809260659479705,13.453608915001425,30.03091154095763,0.030244216092453046
1693,0,50.99256235894164,39.00942384855945,11.98313851038219,39.28010915912207,0.017480941481857522
1694,0,46.082152938007496,35.262886829762,10.819266108245493,35.65328460255939,0.022486599068763165
1695,0,45.14259433044887,32.590372760533995,12.552221569914877,32.761789925732714,0.02061444164882824
1696,0,38.83663773087541,33.44573694732807,5.3909007835473375,33.81787895866135,0.04428640976760787
1697,0,42.62410432900387,30.514313204746585,12.109791124257285,30.70078473905652,0.02932606428000865
1698,0,40.58231001571347,27.336236854128266,13.246073161585201,27.47874737176755,0.02175894554552278
1699,0,45.9381475302816,35.22533874540099,10.712808784880608,35.44690215526093,0.025356640516868652
1700,0,48.479441430231375,37.67453082153061,10.804910608700766,38.076451264178516,0.014897842235593338
1701,0,40.06591146444822,27.37826597385058,12.687645490597639,27.511490960684533,0.029509200389222088
1702,0,48.58751948602203,36.915167583487545,11.672351902534487,37.31139476019551,0.022726632962811164
1703,0,49.6522204469251,37.85435288349859,11.797867563426507,38.13468607212786,0.020391853460278796
1704,0,51.76971880699428,41.088482407376894,10.681236399617383,41.52268700747928,0.012179106168459825
1705,0,41.39385293683215,28.472425774473898,12.921427162358249,28.643729609363,0.031576822289888416
1706,0,43.1866298042205,29.707373598146855,13.479256206073646,29.87502482934019,0.04590082421314878
1707,0,45.67395239416899,34.64373177443048,11.030220619738515,35.05839902452605,0.03165742988021469
1708,0,47.33417985248447,35.002197386112556,12.331982466371912,35.27018245650483,0.02552672988818468
1709,0,43.28513048763581,32.1920379676413,11.093092519994514,32.382008196133086,0.02348131067055742
1710,0,43.51517971889966,31.367520242861854,12.147659476037806,31.597684255032664,0.043570946964842684
1711,0,49.13537961810111,37.271255584573495,11.864124033527617,37.51582972260415,0.012883496665472314
1712,0,42.142915638683206,28.831154749237093,13.311760889446113,29.011851350107627,0.030117880395559543
1713,0,43.73001204278833,33.688732174933165,10.041279867855167,34.20680670923292,0.027177570521205313
1714,0,46.651657077106236,34.994356070150175,11.657301006956061,35.24889582044959,0.03497489743964931
1715,0,44.15278043740335,31.05938570725587,13.09339473014748,31.32363423218775,0.02285003868682557
1716,0,47.19310997071746,35.18873066975927,12.004379300958185,35.53112685048974,0.03355767241446949
1717,0,49.826244062030725,38.22533134394567,11.600912718085056,38.542732307106604,0.01541547469475023
1718,0,48.53996977686472,37.21653279824457,11.323436978620151,37.91398900147641,0.028407411331736673
1719,0,51.48628232154303,38.14636515318041,13.339917168362618,38.40603469338997,0.017566612049600625
1720,0,39.627086465461005,32.38079040272697,7.246296062734032,32.70488445061324,0.022152526440356424
1721,0,46.26037330714421,35.114241269633936,11.14613203751027,35.46801482342933,0.020023346563204474
1722,0,41.46209309538708,28.278354187886823,13.18373890750026,28.453863919756564,0.039011135728470654
1723,0,46.56683774133354,33.74195016937048,12.82488757196306,33.94300293894166,0.019498209985839836
1724,0,50.44162143971356,38.31867404204111,12.122947397672448,38.573671704521104,0.013705741189266468
1725,0,46.986541920029154,36.580740596469916,10.405801323559238,37.12487262100092,0.012272954068462398
1726,0,48.328127961614854,37.08927348675873,11.238854474856126,37.619263993473325,0.01166602050973007
1727,0,47.163443252616474,36.83003012235855,10.333413130257924,37.3136382016657,0.011875545012059951
1728,0,48.07687001599227,36.85800478544424,11.218865230548033,37.20638973065151,0.017201123796878267
1729,0,43.90685532190517,34.2812921267238,9.625563195181371,35.275096302851665,0.08110574945004967
1730,0,51.04149133114052,41.713068344168136,9.328422986972384,42.288837331836305,0.030555238623588683
1731,0,40.565555089924715,27.244992922278062,13.320562167646653,27.391668424511824,0.022159456310040803
1732,0,44.048579900449525,30.655413033129825,13.3931668673197,30.836409576001298,0.0228849676389281
1733,0,40.25615361870746,27.257093482120357,12.9990601365871,27.383776900877425,0.021744836313639004
1734,0,48.01516168874845,36.550498794939614,11.464662893808836,36.95761288021495,0.029470217306244988
1735,0,41.515906565371054,30.34278665076567,11.173119914605383,30.571330572647266,0.05623969079721565
1736,0,51.50918539782572,40.931264300665276,10.577921097160441,41.430660779353445,0.01913608235427882
1737,0,49.153750203711155,38.216328657320915,10.93742154639024,38.66961923835599,0.012224910628339844
1738,0,50.68309657645773,41.225767363281975,9.457329213175754,42.99439090951975,0.10163918291723147
1739,0,41.40949234351746,31.94097337232697,9.468518971190488,32.0289003991838,0.024953484271372423
1740,0,40.742694533479025,29.834016590658493,10.908677942820532,30.08720864600956,0.03192346417913797
1741,0,51.240425923944244,38.72795693971891,12.512468984225336,39.02287653085875,0.025626350528793362
1742,0,42.336853877538786,29.73295377828121,12.603900099257576,30.00177346819278,0.024646500938023033
1743,0,42.749815234830905,32.654288494295415,10.09552674053549,33.02768388106023,0.02300776097226786
1744,0,47.338386762126134,35.867228703758244,11.471158058367891,36.412202234263205,0.014686104820649639
1745,0,52.043357882160336,42.19964079245207,9.843717089708264,42.89316101958083,0.014280367710646516
1746,0,43.665716125470624,30.359012782905587,13.306703342565037,30.551693409689868,0.0457178945804995
1747,0,45.27155610144155,32.435088313907116,12.836467787534431,32.63735466508277,0.043249269382677744
1748,0,41.05928045987213,28.318146245809203,12.741134214062924,28.44182364813805,0.04274101441523015
1749,0,45.66792294811347,34.80029487299531,10.867628075118162,35.31753701535517,0.03870768400468729
1750,0,41.1031555348721,28.23495320275118,12.868202332120923,28.421147691685825,0.03229143767842156
1751,0,45.8838833672002,34.552168920760124,11.331714446440074,34.89713013252337,0.026887160953437194
1752,0,50.857088599090005,40.19978880753273,10.657299791557278,40.68859418565147,0.03864570232108565
1753,0,42.65970252338421,29.96424715511523,12.69545536826898,30.092005629217475,0.019750057624167778
1754,0,50.015001672677485,38.80562153956775,11.209380133109732,39.35237541792327,0.013295198029607913
1755,0,42.41602434564277,34.85903531591569,7.556989029727077,34.94348932178505,0.015745270447821515
1756,0,43.51663382166056,30.365916154154462,13.1507176675061,30.51208928803959,0.02351501151726275
1757,0,49.87503032854326,37.11404416252286,12.760986166020402,37.44580589132137,0.019385475932609905
1758,0,49.1455044784672,36.57830760101554,12.567196877451664,36.9130973160601,0.023957058483936193
1759,0,48.66853983541988,37.91473201325083,10.753807822169051,38.542413023706224,0.01953778466063581
1760,0,48.7547291578238,36.316085593386504,12.4386435644373,36.53166133450404,0.014088975672518258
1761,0,44.240795872928274,31.043102442423347,13.197693430504927,31.218956166777687,0.035997672974549075
1762,0,42.676672540165654,31.924607200002203,10.752065340163451,32.0360772545239,0.06162462970148857
1763,0,47.21304372333236,36.11178487170859,11.101258851623768,36.41824494623115,0.022594437906784642
1764,0,42.14050375923645,28.75763140723085,13.382872352005602,28.907597258290608,0.03817150308193802
1765,0,47.02861108690695,34.63286374005138,12.395747346855572,34.80404225974739,0.03870419110947704
1766,0,40.637490215166025,27.036751163534788,13.600739051631237,27.12512512565531,0.04340650988947034
1767,0,47.18744927796854,35.89635140732996,11.29109787063858,36.29725008343394,0.019344853819410365
1768,0,41.4692248773048,28.215175767464064,13.254049109840732,28.39926170862477,0.032821951357834715
1769,0,41.540841872027116,27.987787320590744,13.553054551436372,28.115722943238765,0.02400521699172731
1770,0,44.21841211907726,34.33020355117328,9.88820856790398,34.450816683122866,0.01888728454686722
1771,0,40.92705313237218,33.30300942083346,7.624043711538718,33.23615201439954,0.03481727409089401
1772,0,49.26133068656128,36.83300930132269,12.42832138523859,37.06100268432023,0.023965896111041444
1773,0,41.17596562033789,27.961893284366493,13.214072335971398,28.092883388176222,0.04072363944676945
1774,0,41.22784702403828,28.330075943951417,12.897771080086866,28.491609633694768,0.021786047745365394
1775,0,44.087566443938954,31.189195097233696,12.898371346705257,31.432863824909663,0.01694328833818989
1776,0,50.37390275754602,38.17956940963283,12.194333347913187,38.556630405332186,0.024164780359866626
1777,0,39.88243484388818,29.879664646874918,10.002770197013259,30.22886486560922,0.03521234763922267
1778,0,39.46007369182739,32.912082668782304,6.5479910230450855,33.231232874188926,0.03424768267910775
1779,0,51.01676003611509,38.77184489876173,12.24491513735336,39.08519546268067,0.019525707932430407
1780,0,52.08948984144686,43.193813294724094,8.895676546722768,44.06714029576386,0.02009900301758616
1781,0,46.170715329640686,34.2385481993056,11.932167130335088,34.51367398580984,0.028085094962701385
1782,0,55.37596848892625,44.27164746138607,11.10432102754018,45.05466316490616,0.014483566366798458
1783,0,43.496733354705,30.488868272889103,13.007865081815897,30.613011760755267,0.03470262797864812
1784,0,50.61197505974472,41.030954436465834,9.581020623278889,41.839086383231674,0.02753757503530405
1785,0,49.209656260104495,37.957156564169765,11.25249969593473,38.35627331182418,0.02692407939326724
1786,0,48.91469772287505,36.88024294964514,12.03445477322991,37.36636845820931,0.009962275228767414
1787,0,49.190985515954125,38.082634819090174,11.108350696863951,38.54268812812994,0.029210944992303242
1788,0,47.78540198982627,36.24332251267343,11.54207947715284,36.48942949956051,0.03252022876708576
1789,0,41.39518541020004,29.277633393168593,12.11755201703145,29.365259996578605,0.021655804049335786
1790,0,45.53819181405285,34.69340438520814,10.844787428844711,35.08025286647826,0.027370853812940767
1791,0,41.225880225078015,28.389103426057385,12.83677679902063,28.609949311402087,0.03281215651763234
1792,0,42.331088246364274,29.888767311507358,12.442320934856916,30.07631035931482,0.01788239214490195
1793,0,49.81965222042355,37.978693686602796,11.840958533820753,38.316636137207496,0.017004859219460773
1794,0,48.74547513947276,38.043873550429225,10.701601589043534,38.58967690977735,0.013768858493970953
1795,0,44.13009102639428,32.45319576973848,11.676895256655804,32.606470826019894,0.029111808281141793
1796,0,47.430107799693474,34.33790383184774,13.092203967845734,34.4866730029099,0.03264271883797192
1797,0,41.556463129471084,28.50696009786538,13.049503031605703,28.65519145228037,0.02383053730780558
1798,0,45.75864492302851,34.17070229358426,11.58794262944425,34.3786539849459,0.0275007060638175
1799,0,43.031999664720914,30.204080668647183,12.82791899607373,30.429987979735078,0.027439341659110772
1800,0,38.399262718927474,31.00489614242529,7.394366576502183,31.417275722004582,0.04931221279970245
1801,0,42.355874601837144,29.30254320420082,13.053331397636324,29.557893686715058,0.026655864185635095
1802,0,46.44263382218712,35.86088272105559,10.58175110113153,36.72621659692088,0.023306622894093902
1803,0,48.03943970925219,37.23955369994516,10.79988600930703,37.769672644118046,0.015795669011253937
1804,0,72.06678323784207,74.56016024554707,-2.493377007704993,78.13354392232759,0.0018064982859005078
1805,0,48.12637142559905,37.913683215032904,10.212688210566142,38.566271607694034,0.04621965095827488
1806,0,42.95673520188436,30.01088006848439,12.945855133399967,30.218602801609045,0.032668498394954316
1807,0,42.757965878140666,29.53111522413242,13.226850654008246,29.654668949195113,0.023983311118749216
1808,0,59.41973740845714,43.658991660090166,15.760745748366972,44.06525085199496,0.052208498987748715
1809,0,47.856054408982914,35.57051503149211,12.285539377490807,35.86987100843581,0.01684103619678703
1810,0,50.161364326648226,37.761784238072494,12.399580088575732,37.97280631575671,0.031948030588677075
1811,0,42.2976157646973,29.055979616763132,13.241636147934166,29.169504301086796,0.03858571657760415
1812,0,72.06678323784207,74.56016024554707,-2.493377007704993,78.13354392232759,0.0018064982859005078
1813,0,45.09552855878893,31.885388051001456,13.210140507787472,32.147271268254215,0.023874631318888326
1814,0,44.04169032696991,30.130242320308565,13.911448006661349,30.241091433880964,0.027401734964066882
1815,0,43.88776820276979,31.642175124063172,12.24559307870662,31.87143560983356,0.050385847917346606
1816,0,43.14917435329724,29.83928530462881,13.309889048668431,30.022411074827133,0.027269957749388934
1817,0,43.783475429524145,30.320205881002106,13.463269548522039,30.47256746505823,0.018469778180162363
1818,0,46.96225704357346,34.51226765777924,12.449989385794218,34.78579005235612,0.026384973385859135
1819,0,48.56989318996243,37.58268581287601,10.98720737708642,38.104888043983834,0.014890140229590927
1820,0,52.81093561613909,41.075067716983824,11.735867899155267,41.67914595054401,0.03166698802449693
1821,0,50.22785438959295,40.1061805058591,10.121673883733848,40.570194873078975,0.023042464090628344
1822,0,50.33494370868749,38.04352840742371,12.291415301263783,38.377392365164496,0.01584405120198955
1823,0,52.269837309014235,41.14161127823997,11.128226030774265,41.421828737136025,0.016196730340593393
1824,0,48.98423102977361,37.20511797691175,11.77911305286186,37.61961857712782,0.01857141411806908
1825,0,43.58921767486119,30.168917237194847,13.420300437666342,30.37213177875086,0.020178083541656715
1826,0,38.0831886603079,31.1784829033993,6.904705756908598,32.18856901829545,0.03886787970730433
1827,0,42.18641464544962,29.527394496108833,12.659020149340783,29.64189111084831,0.024067628834837606
1828,0,43.43946639923496,30.519319538934152,12.920146860300807,30.732423357186565,0.024652964084640527
1829,0,43.0894858160038,29.812726916456764,13.276758899547037,29.920406623625492,0.0305015482645163
1830,0,49.91958435338522,37.87830663445166,12.041277718933557,38.1200584634186,0.022986833712171945
1831,0,43.55254561484115,30.446231551921134,13.106314062920017,30.648172991609535,0.02020990028971415
1832,0,53.74438517917798,41.92951203322556,11.814873145952419,42.470069060701036,0.011988098140238056
1833,0,44.90060202480356,31.878778169533643,13.021823855269918,32.044169645930396,0.03439578874873413
1834,0,40.81696382920235,29.665469310946516,11.151494518255834,29.823691189162403,0.033767059007698406
1835,0,48.69162390996448,37.56388914962618,11.1277347603383,38.0911721047523,0.015447144098755262
1836,0,48.61792977595597,38.15938048677505,10.458549289180922,38.60112151969449,0.011790035760017812
1837,0,48.50702636131989,36.74121001306543,11.76581634825446,37.514843792769355,0.04809271489426955
1838,0,47.10285392465563,35.04404007622276,12.058813848432877,35.355004755537024,0.04402698486953503
1839,0,49.80079730017172,37.53205262948646,12.268744670685265,37.812410239926805,0.0306438235220029
1840,0,47.474999669850604,36.34722228400449,11.127777385846116,36.64876289172969,0.015573711006384668
1841,0,46.166051730584044,35.087505553866606,11.078546176717438,35.35559893106851,0.039110287495214904
1842,0,51.58800782232993,39.26295124665383,12.3250565756761,39.54085937265368,0.01031607780869726
1843,0,50.08554674011317,37.283643389282865,12.801903350830308,37.46575027847338,0.01992060374431458
1844,0,49.234557278464635,38.21525584523684,11.019301433227795,38.9655977306782,0.03235433122417537
1845,0,41.280981887855845,29.04601641598061,12.234965471875235,29.187023967765757,0.02968069842492095
1846,0,45.13333051371201,32.93246795753677,12.200862556175238,33.128528735229274,0.021457423087135725
1847,0,41.11136466095896,27.864246053651538,13.247118607307424,28.00251417619265,0.03801252473073047
1848,0,44.63002943620275,31.547801224256162,13.082228211946585,31.784007644927616,0.039325332836780136
1849,0,43.76483557280514,35.24385141536236,8.520984157442783,35.613697717475134,0.017276995331014282
1850,0,47.66341757119109,37.1032818478147,10.56013572337639,37.7063891718158,0.019249958481004224
1851,0,48.97423252812925,38.39728181150329,10.576950716625959,38.7789199336488,0.013023732966887904
1852,0,47.20770955412793,36.73218620582941,10.475523348298523,37.2952058864941,0.010887524283364583
1853,0,40.656543208005644,31.505317531166806,9.151225676838838,31.733002104256915,0.032544158540552065
1854,0,41.92622084187582,30.02088764236071,11.905333199515109,30.163683176005694,0.019755475483179248
1855,0,43.32697978984393,31.71768814263778,11.609291647206152,32.06454708603891,0.03664799854695559
1856,0,48.55759922523099,37.98078471912862,10.576814506102366,38.50657476613648,0.013829612195743898
1857,0,47.01405343103619,35.73175881300372,11.282294618032466,36.148734292773085,0.017625130949157623
1858,0,45.444500068653454,32.51226995079931,12.932230117854147,32.71319984014152,0.03880702504161535
1859,0,40.77603449880496,31.879466727584763,8.896567771220198,32.57092547459919,0.03118064323162252
1860,0,46.355726272920705,33.60857446691918,12.747151806001526,33.882129832070405,0.023876450893609923
1861,0,52.53033435918604,42.01973453782804,10.510599821358,42.65090318568356,0.0182295039834147
1862,0,41.08020327563274,28.17624576827347,12.90395750735927,28.332290357859776,0.02250570030174485
1863,0,46.865981178015005,34.2345369353432,12.631444242671805,34.50406965506373,0.02146070520418674
1864,0,47.176206421080764,34.95040915501565,12.225797266065115,35.14490917399287,0.03497229712541951
1865,0,40.44311928861617,27.46843254171803,12.974686746898136,27.628196823021565,0.0355131925963836
1866,0,38.109905156148656,31.616675959090692,6.493229197057964,32.390077506326634,0.03569472205983223
1867,0,44.64645213718967,32.132835308544344,12.513616828645326,32.425290166932214,0.025472144797334305
1868,0,49.30489383466383,37.6602468239069,11.644647010756927,37.97539249093311,0.01634960261692527
1869,0,49.251144353681525,37.121458556073165,12.12968579760836,37.317022953211506,0.030734578575138265
1870,0,46.77357320260165,35.02950415545626,11.744069047145395,35.29870216238731,0.02539717659816646
1871,0,41.53039610075517,28.36124505629117,13.169151044463998,28.56655452752154,0.0317308602591391
1872,0,42.92386975482252,29.409020639591656,13.514849115230863,29.51665225018491,0.022774997360541255
1873,0,40.92119247553342,34.375352418493655,6.5458400570397615,34.64550875960006,0.032916551928787056
1874,0,44.5400828049672,34.417754486541725,10.122328318425474,34.567676324204,0.02041020836651297
1875,0,48.65653276180569,36.87090594835817,11.785626813447521,37.13842585300222,0.0261587611034493
1876,0,50.54427455527218,40.824556930635424,9.719717624636758,41.480025518114715,0.021295850874091003
1877,0,40.51491091528596,32.08397513933244,8.430935775953522,32.16072491894985,0.03029319620490569
1878,0,50.89237192454074,38.07481019680188,12.817561727738862,38.28700149104006,0.02335357910605834
1879,0,48.94569402943111,37.93723854354609,11.008455485885023,38.28427030135954,0.011093767797848446
1880,0,41.36474454930729,29.507403121131446,11.857341428175843,29.658370353397274,0.018704215112377624
1881,0,44.693628443926,31.360990971883744,13.332637472042258,31.552423918590133,0.028423000312330218
1882,0,41.0257305531604,30.378069975811396,10.647660577349004,30.6206672133857,0.045665772152836154
1883,0,43.595140027631075,30.59798052232308,12.997159505307994,30.805099150430205,0.020272832625829917
1884,0,42.62145770897773,29.660192316845304,12.961265392132425,29.833760524318333,0.03713004819713611
1885,0,46.46780213104448,35.183154852857996,11.284647278186483,35.49455489591071,0.059920668951031604
1886,0,43.94676801748459,30.94584023370575,13.000927783778838,31.126485083192254,0.03332474319133206
1887,0,41.02040636251955,27.70386617282937,13.316540189690183,27.80775027884274,0.04464492190849867
1888,0,39.58268819332221,32.05011825186553,7.532569941456686,32.06622569391396,0.02471506406210705
1889,0,45.35583666260713,32.6256356965943,12.73020096601283,32.82483424456977,0.026047035774267157
1890,0,49.01335398718338,38.77113536188526,10.242218625298122,39.312361548104036,0.020024781145165826
1891,0,41.69709710617343,29.428786234687443,12.268310871485987,29.55651745907102,0.02234179017177061
1892,0,49.252792627852955,38.148928786678766,11.103863841174189,38.57817410617917,0.01027432581965168
1893,0,47.02881798012673,34.50935704025299,12.519460939873738,34.784954803026054,0.022124482191189867
1894,0,47.72835102349933,35.37790005949066,12.350450964008665,35.57420726147141,0.028822063590101622
1895,0,39.46776143308861,32.7066143934727,6.7611470396159135,32.976728144283896,0.03158221003773428
1896,0,47.42955139865032,35.73275507300603,11.696796325644286,35.97239800976744,0.012004886190461967
1897,0,46.11105096629477,34.22735423476614,11.88369673152863,34.44493777855112,0.03425993362191416
1898,0,50.43802412600864,37.886837597853045,12.551186528155597,38.17204992903946,0.02839748970266962
1899,0,46.31223565076404,33.5051469402795,12.807088710484535,33.708990999466295,0.029603142924316567
1900,0,48.41146010046013,37.45072211127197,10.96073798918816,37.923812719141196,0.012056011723464011
1901,0,72.06678323784207,74.56016024554707,-2.493377007704993,78.13354392232759,0.0018064982859005078
1902,0,42.2623937722628,28.607121082595288,13.655272689667509,28.781334870970642,0.03073219334066279
1903,0,48.405375270503725,37.44150170765482,10.963873562848903,37.80476173954392,0.019488970159593996
1904,0,42.25460137101591,30.123258971318688,12.131342399697221,30.36396924133614,0.022622910164662308
1905,0,49.33436303421601,37.354244640267396,11.980118393948615,37.6362293892216,0.020890167441481446
1906,0,42.35475618297542,28.941672568057736,13.413083614917685,29.103301062058826,0.04757653638867258
1907,0,43.096718579025264,29.90994093144884,13.186777647576424,30.103556438039657,0.03394460753035223
1908,0,50.492090027172964,39.50685940217615,10.985230624996817,40.185991392231855,0.02219717546962231
1909,0,44.15189808308813,30.447823582689548,13.70407450039858,30.599588931391324,0.02002379530724162
1910,0,50.46042452926284,38.4589292541504,12.00149527511244,38.752504149904965,0.03201718303128794
1911,0,48.18673319158373,37.07910156442931,11.107631627154419,37.479225350355335,0.011508062711956797
1912,0,48.20958087082114,36.86881760465086,11.340763266170285,37.2201033147594,0.01658220491883613
1913,0,48.018215891579786,37.904605264671474,10.113610626908311,38.38380929756822,0.029370691178233738
1914,0,42.782641126314815,29.427625994668002,13.355015131646812,29.589313394885192,0.02983753038818833
1915,0,43.94881752045724,31.387313754016063,12.561503766441177,31.60567832731262,0.03567245700366441
1916,0,44.908647004818505,32.3351632492476,12.573483755570905,32.55897098698618,0.027301355091925432
1917,0,50.28343937430812,38.878065756883124,11.405373617424992,39.29316364833205,0.0270299287435612
1918,0,43.6966187316919,30.66096180019583,13.035656931496067,30.854923737133827,0.04681779523774193
1919,0,41.16659803116484,27.977075106699722,13.189522924465116,28.08290757616,0.025523837065488997
1920,0,50.924488599632724,38.57445326990365,12.350035329729074,38.79472386594291,0.03360119810435243
1921,0,52.33179243473272,42.65933047618168,9.67246195855104,43.20539211205454,0.014479692780423048
1922,0,45.74528827838148,32.97578105285197,12.769507225529509,33.16523813980915,0.04769681328888673
1923,0,43.56968510250293,30.215515397877773,13.354169704625157,30.36233730307969,0.03863702866300978
1924,0,49.38644044646887,36.949500029933915,12.436940416534952,37.143773623578625,0.012879288630078927
1925,0,39.713168633513384,31.913275924722537,7.799892708790846,32.34106556112664,0.021291674025261994
1926,0,40.61562663744638,27.22445923242444,13.391167405021942,27.314384800030247,0.0415724215860511
1927,0,40.96042145153444,27.88823848675134,13.072182964783096,27.963435286555082,0.026795203604475147
1928,0,40.25565637558445,32.00012009629358,8.255536279290872,32.35023365549378,0.04321736015032595
1929,0,41.03961720545098,27.748276325324024,13.291340880126956,27.89267900161785,0.021447299283099606
1930,0,49.07828395127183,38.90092126407576,10.177362687196066,39.448739968866846,0.012366148126011821
1931,0,40.5481815938771,27.24200650232836,13.306175091548745,27.398884899536682,0.02597403340405385
1932,0,46.5637227128305,36.84724872031988,9.716473992510615,37.25634627362587,0.0313084694312135
1933,0,50.29578114524543,37.42120617020909,12.874574975036339,37.65386218942214,0.02981207139766877
1934,0,44.243778462171875,30.97999996589696,13.263778496274917,31.17918594943195,0.0350506485291229
1935,0,52.563540446898614,42.88920226495662,9.674338181941991,43.454913488066026,0.0369591888402996
1936,0,42.94980673104561,29.436079793981904,13.513726937063709,29.590841159774605,0.028008683578382015
1937,0,46.1949343582713,33.91321279922383,12.281721559047469,34.1466213651217,0.04198709965398657
1938,0,45.944599670004735,32.687103815362704,13.25749585464203,32.91893285290218,0.04142473922354075
1939,0,42.282847119552784,34.19894903693981,8.083898082612976,34.19909676202016,0.02013967459912919
1940,0,40.85210001714148,30.35925441826741,10.492845598874073,30.552424707087,0.04925960859338942
1941,0,40.14320666031572,27.14490742776498,12.998299232550739,27.2975378838008,0.035075255803815326
1942,0,51.38351857270304,40.73904746577827,10.644471106924769,41.27746100609362,0.037637933227406266
1943,0,47.720972743256866,36.719913600544594,11.001059142712272,37.38150973098175,0.015275563149342985
1944,0,50.1248264074183,38.20450177708943,11.920324630328864,38.545833589199276,0.02168719278868211
1945,0,50.58759734052819,39.00327215810474,11.584325182423449,39.41379448117682,0.028302527689539635
1946,0,40.695123314740115,33.27316623607646,7.421957078663652,33.61171002888602,0.05079944198332027
1947,0,40.6383454872951,34.17102372058835,6.467321766706746,34.34219924184198,0.019481803702179855
1948,0,48.269329257460754,37.73226993703078,10.537059320429975,38.167083946844514,0.012273483164658039
1949,0,42.786753592804544,30.263512795842114,12.52324079696243,30.511815233850765,0.02057445402090396
1950,0,52.39157243000491,41.73324574915772,10.658326680847196,42.20245979269801,0.01877676237198884
1951,0,48.07415781937321,37.39775169031638,10.67640612905683,37.86443170631033,0.014237332310058423
1952,0,39.91885552839141,32.12446768171216,7.79438784667925,32.44877338137277,0.04506592762280641
1953,0,43.16008130350936,29.774204976851454,13.385876326657904,29.965907796871765,0.02205099804232687
1954,0,43.89262874448424,31.06413998442608,12.82848876005816,31.267057969779973,0.019022055671725387
1955,0,43.42218272073799,30.248316495631205,13.173866225106789,30.429719057587832,0.04057120382168849
1956,0,70.36328139832993,71.42143817956921,-1.0581567812392763,77.92655059093025,0.004700128192695492
1957,0,48.437460631380375,36.84006130262652,11.597399328753852,37.33911150883756,0.024827925454394665
1958,0,43.37133453127936,29.998324663331815,13.373009867947545,30.186928057481676,0.027045240271271663
1959,0,42.129752157972305,29.663470867164207,12.466281290808098,29.84209128514388,0.018724060521309278
1960,0,46.191388588812885,32.755511847456475,13.43587674135641,32.86170854994715,0.04329225092078224
1961,0,47.6238430115214,36.04614986839663,11.577693143124769,36.408546142157654,0.013841299506025468
1962,0,48.75629613267067,36.707106006824844,12.049190125845826,36.9845105775875,0.015457758284631248
1963,0,42.61424896009741,30.197126277475803,12.41712268262161,30.407920884964092,0.03562096045808615
1964,0,40.07098828346866,27.16933761602167,12.901650667446987,27.265068204089264,0.025213461924413885
1965,0,38.05644124319939,31.580152024659338,6.47628921854005,32.697631558990494,0.04260518294718316
1966,0,41.04119333364771,31.80954713697865,9.231646196669061,32.053661836407585,0.020584612237700774
1967,0,41.69604974482853,28.22652651622256,13.469523228605969,28.390681685105303,0.025414752915689974
1968,0,45.97210135032334,34.273711020469435,11.698390329853908,34.529852154800196,0.021765868962814534
1969,0,51.71792937592919,41.880913037607826,9.837016338321362,42.418500612753945,0.024819037916943287
1970,0,51.101589340331444,40.1272039447431,10.974385395588342,40.5926461004457,0.03275513887476054
1971,0,47.047681304044175,34.24815421956555,12.799527084478626,34.50160987941541,0.02321055752182423
1972,0,46.224579958977316,35.05433900683457,11.170240952142748,35.406896086122956,0.023969625593981456
1973,0,48.1356528581025,36.721251307831906,11.414401550270597,37.12097072067107,0.009105478828099589
1974,0,38.59544341553785,33.26928391020169,5.3261595053361575,33.33880651709059,0.032139767737266005
1975,0,45.998192210778896,35.22524182599733,10.772950384781566,35.65756293377285,0.03316196007927048
1976,0,44.09942081850632,30.46635362985544,13.633067188650877,30.680060719754408,0.0174888381350376
1977,0,48.741107090096264,36.69589141105111,12.045215679045157,36.95837661654764,0.03535360126787623
1978,0,47.42058189334979,36.92326019772386,10.497321695625928,37.34165014126219,0.01365291760160402
1979,0,47.133369171491424,34.35339506825301,12.779974103238416,34.55192215936343,0.02764681404252619
1980,0,47.83300561405855,35.752330837324536,12.080674776734014,35.97835637585567,0.018738830048038838
1981,0,44.273590190948326,31.015950679447517,13.257639511500809,31.21970507433538,0.03256409222262607
1982,0,50.15607949209138,39.23939116177718,10.916688330314201,39.725303188055065,0.013598247554250684
1983,0,48.692235718955274,37.298565741906025,11.39366997704925,37.760507401512896,0.01406876688591035
1984,0,44.50320874939102,31.32422095831674,13.178987791074281,31.525941903247183,0.028834045683215122
1985,0,51.11765504952692,41.19360016427663,9.924054885250285,41.98108305408948,0.0137964596788436
1986,0,42.96706622022246,29.733471503457274,13.23359471676519,29.875799971803605,0.047967693334674974
1987,0,45.987440288425546,32.61837381922106,13.369066469204483,32.84852433916052,0.03650802894443537
1988,0,42.67346655155676,29.600028479523072,13.073438072033685,29.75959281885645,0.02540129967705689
1989,0,43.62787285425338,30.870722588735024,12.757150265518359,31.088151126545757,0.03612107035523742
1990,0,50.36636118146674,37.607612622330294,12.75874855913645,37.85751425994716,0.02441007451808026
1991,0,43.73067411342326,30.207510661432458,13.523163451990804,30.359883221370968,0.026709661772093492
1992,0,50.303757907522694,37.88055504605869,12.423202861464006,38.1742306514907,0.028400576097144196
1993,0,41.27555488026982,28.683869737898732,12.591685142371091,28.893214125118664,0.024995476012136142
1994,0,44.4612170842577,31.71388708011674,12.747330004140956,31.844529607433905,0.03731656105849247
1995,0,46.25548439731075,33.20239388548336,13.053090511827392,33.30314162714305,0.01713457381929474
1996,0,41.76648919859714,30.60758151477045,11.15890768382669,30.789264076785457,0.04317759487547157
1997,0,40.03819599161794,26.7042460658141,13.33394992580384,26.811221609898777,0.02941950137768046
1998,0,41.49900440636267,28.459738509859232,13.03926589650344,28.583786036083783,0.03303394676029323
1999,0,48.449909608528316,36.644245618306485,11.80566399022183,36.914985636436725,0.021040908238098312
2000,0,42.598648960873334,29.29901889540082,13.299630065472513,29.506977447896286,0.0366979615738855
2001,0,50.97202958476416,38.74296460404847,12.229064980715691,38.96971238303907,0.017205094169143124
2002,0,52.3486989607445,41.276332228353205,11.072366732391295,41.596892813163095,0.017423114063710683
2003,0,52.11552614369536,41.55556607751173,10.559960066183635,42.020896501757846,0.013006820170406485
2004,0,50.66234988773469,38.812061247703795,11.850288640030897,38.98118177178419,0.01873316914890498
2005,0,39.70203681776235,33.31922048353098,6.3828163342313715,33.599860245934934,0.040235365388498735
2006,0,48.67169910131294,37.6658734577108,11.005825643602137,38.03523568395034,0.035659726433005856
2007,0,47.84477249770538,36.40017826878575,11.444594228919627,36.80335563006868,0.02820657200794467
2008,0,48.63117571226198,38.10181683849643,10.529358873765545,38.71996689505549,0.025159091913317836
2009,0,43.15404921602716,30.291876416650222,12.862172799376939,30.462611594524894,0.022587999973571
2010,0,47.72410956914936,36.31608366918569,11.408025899963675,36.96086812801637,0.019095447336294025
2011,0,49.143289620071556,37.67496394573889,11.468325674332668,38.07886060871871,0.02570549127519513
2012,0,51.611386977686024,41.12992883406095,10.481458143625076,41.57393870140028,0.013743618884800806
2013,0,50.15779257146309,37.86667706903698,12.29111550242611,38.25159962762821,0.01958300948057792
2014,0,46.3066429869383,33.73798076322969,12.568662223708607,33.93438132511217,0.027478152800778886
2015,0,51.73458321376769,41.08532868618388,10.649254527583814,41.47547826009625,0.04386434155931376
2016,0,42.4081736330872,29.210717588312527,13.197456044774675,29.393802809580773,0.01901918650780268
2017,0,41.64732364060082,32.62571384731987,9.021609793280945,32.63111582398608,0.04003062236716571
2018,0,48.002312844478965,35.998688348447146,12.003624496031819,36.25683891662501,0.019810535900286686
2019,0,50.10205501823104,39.31635665640067,10.78569836183037,39.801811615330834,0.019376825424890914
2020,0,43.195317543814795,30.356594729097935,12.83872281471686,30.579065349688047,0.016280744878709806
2021,0,42.73990670493322,29.32628885999011,13.413617844943108,29.41470310316463,0.03208843680309858
2022,0,45.25860222820265,32.39489330199152,12.863708926211125,32.525931860143146,0.03332904048482349
2023,0,43.28116331461486,30.39010106793087,12.891062246683987,30.596089675499325,0.020121336899275363
2024,0,43.23736059211876,30.350089506882785,12.887271085235977,30.490304445626943,0.01870523459041313
2025,0,40.14876301507476,31.366905474814835,8.781857540259928,31.5299286627187,0.020748690129883396
2026,0,46.73211030086222,36.136395165009816,10.595715135852402,36.6827984114999,0.02562160371861539
2027,0,44.103152366714966,30.810726713262568,13.292425653452398,30.964213663805253,0.01863283874510702
2028,0,72.06678323784207,74.56016024554707,-2.493377007704993,78.13354392232759,0.0018064982859005078
2029,0,52.9885178848498,41.55220498659155,11.436312898258251,41.98355964919291,0.009553103888201474
2030,0,40.964927128748315,28.303218789422086,12.661708339326228,28.416912230827375,0.02020877112100394
2031,0,43.73842821319259,30.589208727975183,13.149219485217408,30.765990027291163,0.014220368969834737
2032,0,48.464489426353026,36.232151441034084,12.232337985318942,36.47251933002559,0.01611572059047617
2033,0,42.94616133938986,30.177764893162955,12.768396446226905,30.354267739367053,0.02411591423968378
2034,0,49.538272226944954,39.315491409456314,10.22278081748864,40.09111043791083,0.03125093129533623
2035,0,44.40563835056618,30.48123259457121,13.924405755994968,30.619334218354755,0.01914891616321945
2036,0,41.27927180896104,27.98166673323093,13.297605075730111,28.1469665599203,0.02241156204407394
2037,0,50.215607211746075,38.129215209562645,12.08639200218343,38.41189275410758,0.02432932282431859
2038,0,38.05217670142729,31.339214672141473,6.712962029285819,31.46566161616037,0.028743047589957365
2039,0,43.003114589189465,30.4969466936652,12.506167895524264,30.71907292071831,0.02776714256188137
2040,0,44.07511438006159,30.651503530367886,13.423610849693706,30.86078284238118,0.04229523151322407
2041,0,46.86319073055641,36.74194192906693,10.121248801489479,37.38792959028932,0.02807059858725982
2042,0,42.03672171360385,29.714331409476575,12.322390304127278,29.91115513359345,0.030391294080853743
2043,0,51.70671022673757,39.4169045137986,12.289805712938971,39.71105966472659,0.019040199799800324
2044,0,48.29292108097924,38.18198750305488,10.110933577924364,38.71781957327963,0.038278561180451295
2045,0,37.77438181792871,30.589373438373922,7.185008379554791,30.86120229835493,0.03361698280752241
2046,0,50.98356922199258,38.76171577999347,12.221853441999109,38.96819849950386,0.015649150230214487
2047,0,42.89214926180273,29.530123336699653,13.362025925103076,29.608613872915758,0.0168865621283852
2048,0,49.08594035086378,36.7768469155543,12.309093435309478,37.008002619092565,0.018889932178642974
2049,0,48.77098418751234,36.73271645259355,12.03826773491879,36.95446204095531,0.021005267372008963
2050,0,42.910634231628975,29.86543499602445,13.045199235604525,30.02695835310653,0.021572267072755596
2051,0,50.58323094585941,38.169618195457005,12.413612750402407,38.48129712689637,0.01710688660252036
2052,0,43.5873804039545,30.04829472964418,13.539085674310318,30.21665230871509,0.01943515075266902
2053,0,50.17643983633373,39.56404333501483,10.612396501318898,40.058346631804255,0.023723083973192734
2054,0,43.94519216141812,30.837390975137506,13.107801186280614,31.010534172198994,0.015092253900927314
2055,0,51.32212484348271,39.37076035694808,11.95136448653463,39.712733770396326,0.012753771311650633
2056,0,42.97790220676595,32.627050442406755,10.350851764359192,33.157174500958,0.016357760592006852
2057,0,42.885634389671424,30.199444896012547,12.686189493658876,30.343863492935736,0.024006460152707312
2058,0,50.01546569738487,38.59955093867722,11.41591475870765,38.878243646775275,0.017636158088161914
2059,0,41.24210245195084,29.92548570764144,11.316616744309403,30.11005456051155,0.03629473435207035
2060,0,50.56737804810044,40.15935101947171,10.40802702862873,40.52872428294711,0.021033124501789256
2061,0,50.5808972799,39.7511935251937,10.829703754706301,40.36395537460699,0.027686737146524167
2062,0,43.53546526096399,30.666198327101046,12.869266933862942,30.82031383879394,0.031083020681931525
2063,0,43.86803528862248,31.12201995207481,12.746015336547668,31.234738477730627,0.02890224102091924
2064,0,45.502625850750405,34.27838808241903,11.224237768331378,34.82215255092498,0.0482537020903825
2065,0,43.525404097191085,29.667322978105904,13.858081119085181,29.818078453924365,0.02079459675264672
2066,0,43.233261752462,30.81054174549163,12.42272000697037,31.035330718287344,0.02769143878995373
2067,0,48.98328495627548,37.88374798366935,11.099536972606131,38.466556188235685,0.03182396613398925
2068,0,43.4247083952764,30.827528768220827,12.59717962705557,31.02058087627697,0.01665614933837338
2069,0,43.59115397138241,30.640363998639124,12.950789972743287,30.862125189316437,0.01829621957240906
2070,0,44.61464345325025,31.990329383547138,12.624314069703114,32.17586960608703,0.04845272829184554
2071,0,45.18117115006939,32.13552693942583,13.045644210643559,32.30915288369975,0.018704103270905374
2072,0,51.09488527516298,40.82221800251445,10.272667272648533,41.3964299633319,0.018372856790470474
2073,0,42.03465974518656,29.012250487017816,13.022409258168743,29.195539638907896,0.01890130559605173
2074,0,50.99481465966697,39.22413070208303,11.770683957583941,39.571213068732305,0.011733083452527665
2075,0,72.06678323784207,74.56016024554707,-2.493377007704993,78.13354392232759,0.0018064982859005078
2076,0,43.344285025495964,30.73135556575652,12.612929459739444,31.001129162161956,0.057798420770772935
2077,0,43.531582664886486,30.37931498879233,13.152267676094155,30.611019175127225,0.029892868258178846
2078,0,53.199507599870515,42.16463680503284,11.034870794837673,42.59330097166776,0.010116294526498995
2079,0,39.255450749363696,32.43294379270111,6.822506956662586,32.682680634977004,0.028247938297094172
2080,0,40.89284962361569,28.702534288929876,12.190315334685813,28.861400501688657,0.01602537741507034
2081,0,72.06678323784207,74.56016024554707,-2.493377007704993,78.13354392232759,0.0018064982859005078
2082,0,49.87378909075905,40.41112528631507,9.462663804443977,40.94680210729756,0.015389244628890724
2083,0,51.51801898792566,41.214023061893364,10.303995926032293,41.73598329801885,0.016603446195373357
2084,0,42.324541549402454,29.01320749109653,13.311334058305924,29.16489401235022,0.03176542138938759
2085,0,51.17258042587686,40.12604342248042,11.046537003396438,40.45707747529254,0.012526547078996695
2086,0,49.73603223164807,39.254633038303766,10.481399193344302,39.65361752694493,0.028614266436257176
2087,0,48.78563501568212,39.21708857075268,9.568546444929439,39.94009155115751,0.03419722281794534
2088,0,42.453889683004306,29.13794919907018,13.315940483934124,29.3282604153039,0.02676280399028349
2089,0,43.45676310379598,30.3109732576966,13.14578984609938,30.4344578991442,0.01698676886132442
2090,0,52.6988840921355,42.25206534945676,10.446818742678744,42.721801938892,0.00944384014680759
2091,0,50.813305538893275,38.822294475680025,11.99101106321325,39.072962866467265,0.020817593079979248
2092,0,52.11057099901872,41.39152779948038,10.71904319953834,41.891108196831,0.012612571452935662
2093,0,50.81273862807147,38.25595638147401,12.556782246597464,38.48048028116723,0.022349642733601047
2094,0,53.99340464397888,43.58813498351965,10.405269660459226,44.2270850363889,0.008106145700084257
2095,0,51.516544147031524,39.31901634231225,12.197527804719272,39.560891159208694,0.017882127596804128
2096,0,48.25260021587883,37.67041911586715,10.582181100011681,38.21498954579496,0.032922608574668874
2097,0,43.483566032543905,29.99822673102258,13.485339301521325,30.151355856009285,0.029445549686726875
2098,0,50.71447171445719,38.99555889413583,11.718912820321357,39.30034801812988,0.023198439928465507
2099,0,50.97001249580006,40.054191725881765,10.915820769918298,40.472924053863295,0.04115959320400284
2100,0,41.704760529072914,28.67815590381181,13.026604625261104,28.8371599083152,0.025862776948736135
2101,0,42.28507934897499,31.76866334679363,10.516416002181359,32.46586594725496,0.05004749305103123
2102,0,50.42436061624339,39.58989339971694,10.834467216526448,39.920030641583644,0.020053272760221383
2103,0,48.046815539734666,35.81972251883616,12.227093020898508,35.96323603520764,0.02081668329261845
2104,0,48.23128610430959,37.72826736907113,10.503018735238456,38.19011408539882,0.026430168094635643
2105,0,52.337563572373995,41.76896919216044,10.568594380213554,42.20499967173048,0.009742529334295515
2106,0,41.48626284304605,28.97835325329328,12.507909589752767,29.148916312739633,0.02366662553768218
2107,0,44.20394818578082,30.543100073116417,13.6608481126644,30.681366221454432,0.03238759123339051
2108,0,46.130274385159225,35.0715701501978,11.058704234961425,35.532300618118796,0.034712928148082786
2109,0,42.5047653788741,29.79563417139005,12.709131207484049,29.91354931248121,0.02543927846007576
2110,0,50.669424703786646,39.11158219532412,11.557842508462528,39.48180406498146,0.016187947598175132
2111,0,49.236658677132425,35.94859512462217,13.288063552510252,36.07995830097187,0.0211173949003317
2112,0,44.15978278211416,32.25952143477146,11.900261347342706,32.526604023763156,0.016992512566163694
2113,0,41.775876072368646,28.879938131199115,12.895937941169532,29.031923751888836,0.020869287498931483
2114,0,50.06499657336681,38.454863588771246,11.610132984595566,38.759120065369586,0.024732154299385786
2115,0,51.15307092615876,39.167865450044594,11.985205476114167,39.48355392460259,0.011234357593595482
2116,0,40.88595529237921,27.752651480994324,13.133303811384884,27.909644476426866,0.019680438458490022
2117,0,72.06678323784207,74.56016024554707,-2.493377007704993,78.13354392232759,0.0018064982859005078
2118,0,52.31690419679953,41.32574483533749,10.991159361462039,41.84431614540861,0.012344583380220717
2119,0,50.125194627269266,39.57968971845048,10.545504908818785,40.27460731121957,0.014562786692709327
2120,0,50.75555012649335,39.59020265143573,11.165347475057615,39.83675180836527,0.02844720108628697
2121,0,43.32786058015873,30.46760619629509,12.860254383863637,30.643649722092018,0.02032882218747604
2122,0,43.328325975468346,30.959154659996237,12.369171315472109,31.192477668223955,0.035617861158826314
2123,0,43.908287454158966,31.22413897857784,12.684148475581125,31.363715127644138,0.026304000159950512
2124,0,50.2584707655725,37.31822278143251,12.940247984139987,37.54910212235087,0.01036457399170267
2125,0,48.684220712340775,37.90169633988483,10.782524372455946,38.464674924239915,0.030277284604680658
2126,0,47.322750945341156,37.046672743246205,10.27607820209495,37.58496952939033,0.04536744362880084
2127,0,46.73722477453528,34.99777121012082,11.739453564414461,35.1928191796835,0.016882243326918334
2128,0,72.06678323784207,74.56016024554707,-2.493377007704993,78.13354392232759,0.0018064982859005078
2129,0,52.25856598585841,42.01525596978395,10.24331001607446,42.49016598623575,0.016611079375854383
2130,0,50.06609868658053,38.978052406334825,11.088046280245706,39.27392761652939,0.026671425205860577
2131,0,43.344036905735166,29.566430270600158,13.777606635135008,29.662830012404466,0.0425501913555971
2132,0,43.062326458862756,30.426584019173713,12.635742439689043,30.679877817902522,0.0208553223704831
2133,0,51.80557275037687,40.26403726583652,11.541535484540347,40.74851125789782,0.01613925784339083
2134,0,51.92889000964479,40.00514126781347,11.923748741831318,40.29169851945575,0.017270188056789863
2135,0,47.49661041438854,35.43188236429482,12.06472805009372,35.62347627450448,0.017247019665653875
2136,0,40.02810360655584,33.95820558204551,6.06989802451033,34.227542780213014,0.04489557155259502
2137,0,48.29775166059622,36.99832806988124,11.29942359071498,37.497469239347225,0.022640647792001565
2138,0,50.843180653022955,40.15365277941528,10.689527873607673,40.679204090747675,0.035908986661889256
2139,0,43.56647794481847,30.879993287791418,12.686484657027055,31.04511514916072,0.025622294124626778
2140,0,42.993885523154475,29.363308448586785,13.63057707456769,29.57355679496747,0.036593875877577016
2141,0,43.78225832971103,31.267438533415117,12.51481979629591,31.502067094646222,0.02052518355078298
2142,0,44.05212233083172,30.86149437980415,13.190627951027572,30.97511830993162,0.01542401979896891
2143,0,49.961251665190076,39.120865583249454,10.840386081940622,39.57621534283601,0.023378190682345854
2144,0,41.27476976053245,28.085159361450316,13.189610399082135,28.2579320012446,0.025235311876655855
2145,0,52.53455960511209,41.29893492543103,11.235624679681067,41.73726325534345,0.012116048252193212
2146,0,42.986656208537326,30.01930696304392,12.967349245493406,30.184981887093173,0.02208781969626747
2147,0,42.55220513416879,29.36799915522211,13.184205978946679,29.514857757818692,0.02191088003477616
2148,0,49.771732510471566,38.21687708585411,11.554855424617458,38.60597033804962,0.01903443005073473
2149,0,42.90406582707793,29.117743912341442,13.786321914736487,29.289746251907776,0.022650479087571805
2150,0,41.00841788403873,28.57702169446434,12.43139618957439,28.715099595511713,0.019361696714971628
2151,0,49.110167826141534,38.37437347810241,10.735794348039121,38.90811991220524,0.020161817059837047
2152,0,41.777719763756764,29.848098371330416,11.929621392426348,29.98605989002245,0.019044297069120232
2153,0,55.67319274561281,46.51379197496189,9.159400770650919,47.4943773332907,0.01420163777199414
2154,0,40.793624481416636,30.273977869305757,10.51964661211088,30.319747266349243,0.023742017443966045
2155,0,47.667545551057415,36.731697049052926,10.93584850200449,37.27628975771532,0.03774895309499422
2156,0,44.62092772814543,31.173031896431198,13.447895831714234,31.39142811774185,0.05102643636636185
2157,0,39.661309088708535,30.96155584446733,8.699753244241204,31.04810835660686,0.023399109339251593
2158,0,50.774040267311634,38.64898942013714,12.125050847174492,38.87234029376279,0.018443835260195572
2159,0,48.923447840190136,36.760994918286244,12.162452921903892,37.006910593156775,0.020798109005034864
2160,0,49.90065216715898,40.41649656528679,9.484155601872189,40.889195299053924,0.020377856069867264
2161,0,49.634918550878965,39.31115529505952,10.323763255819443,39.98520519336199,0.033277146041699734
2162,0,53.01660075194913,41.282458664435204,11.734142087513924,41.90336135142303,0.017333670997076705
2163,0,43.74567480210857,31.88961413376581,11.856060668342757,32.1170306997919,0.027455154322648813
2164,0,50.917150553783586,39.490469998505134,11.426680555278452,39.724974410408365,0.01921162051479563
2165,0,45.12612961246592,34.38362245176971,10.742507160696206,34.90541192831094,0.030555681687882592
2166,0,42.157186165382,29.455366179760752,12.701819985621249,29.640076807415053,0.022574637664601396
2167,0,50.083237345208175,38.46388762359227,11.619349721615905,38.797296237297374,0.02260551021253734
2168,0,47.836829065031736,37.16763202361537,10.669197041416368,37.713367154953374,0.02400712259835064
2169,0,42.425363419600984,29.967056574602065,12.45830684499892,30.15402358252528,0.029365451835418357
2170,0,51.56570033156295,38.91489423926309,12.65080609229986,39.14435521750218,0.014140543194415442
2171,0,50.09437929852278,36.969794565853334,13.124584732669447,37.258066933717295,0.010741726019502124
2172,0,51.17419369355076,38.885903290573395,12.288290402977367,39.21861574345054,0.01935780162062079
2173,0,47.34627004377212,38.73922305604806,8.607046987724061,39.55489381968567,0.026156857647623516
2174,0,71.38080699083638,73.17285592768397,-1.7920489368475927,78.01508583149528,0.0035721929648754457
2175,0,49.79487987595763,38.35833683455787,11.436543041399766,38.76473276099284,0.020659232007666613
2176,0,48.20656894379212,39.56348241968974,8.64308652410238,40.48898112478713,0.05185392209804416
2177,0,49.61775861649356,37.45048817677093,12.167270439722628,37.72480540607401,0.011061400133755518
2178,0,40.53770778597746,28.341460542239425,12.196247243738036,28.465083225012826,0.031769507940193925
2179,0,53.10631144983269,42.641402772252164,10.464908677580524,43.264765146636165,0.01241853725257053
2180,0,45.88317440582719,33.704586736466865,12.178587669360326,34.07831458324714,0.04154598398264936
2181,0,48.10295571887076,35.863292746861816,12.239662972008944,36.05230768460337,0.06123794641437617
2182,0,50.97762604810359,40.22571512932019,10.751910918783395,40.69631511141899,0.025854941964603726
2183,0,50.68222800975987,38.87673528478469,11.805492724975181,39.24832792384392,0.02723172087066487
2184,0,42.552275402683904,29.51575571530101,13.036519687382892,29.650636872451585,0.044884219643161694
2185,0,45.97936978213923,35.62750364166802,10.35186614047121,36.21020262175461,0.055710517172862316
2186,0,51.22974835201309,40.050775912817926,11.178972439195164,40.42597962766919,0.019618252449121767
2187,0,50.01115749516816,38.443815166636554,11.567342328531609,38.80662352703601,0.029737163420832137
2188,0,42.280946565693526,29.067944748462537,13.213001817230989,29.20213436065382,0.03799601520878841
2189,0,43.95368687568174,30.818913803950277,13.134773071731463,30.90863321913332,0.018979461277178682
2190,0,50.713682922289124,39.25785650749832,11.455826414790806,39.508586278554205,0.025851545483965236
2191,0,46.93273343176669,36.354041321100155,10.578692110666537,36.86374042287324,0.029284280736135752
2192,0,49.62246017343476,39.38819328069832,10.234266892736443,40.08243945569436,0.03228071595266841
2193,0,52.86567898770731,41.80437266934507,11.061306318362242,42.32827527480141,0.007877488498567122
2194,0,50.68317136184504,39.426449327567795,11.256722034277246,39.818027437828675,0.02313153937088243
2195,0,42.049842656813055,29.618427467917165,12.43141518889589,29.72557118529682,0.021832552289845743
2196,0,39.547630479344775,32.57112287617856,6.976507603166212,33.23169488579745,0.025069906942389048
2197,0,44.554660473967104,30.978374389326824,13.57628608464028,31.185285558472952,0.025347196364856203
2198,0,40.130851501107394,31.47046687359909,8.660384627508304,31.779274739238208,0.02699534822066068
2199,0,51.01653374535175,39.55798024819411,11.458553497157638,40.094121246856204,0.011985954870486199
2200,0,42.45223834949485,34.01679282146907,8.435445528025781,34.75678485037988,0.034856756281395625
2201,0,51.64254151906384,40.09616885941735,11.546372659646494,40.56412868244237,0.012266141417244124
2202,0,43.227361675732084,30.09793807111886,13.129423604613223,30.361464907419872,0.03205227544400376
2203,0,44.82043680870521,31.454132868144793,13.366303940560417,31.578636260684135,0.04081092741426508
2204,0,50.1448451155713,39.175338261072646,10.969506854498654,39.580606181197645,0.011878338897876354
2205,0,48.809881530390655,38.116663015241755,10.6932185151489,38.792641369982704,0.021043452631591988
2206,0,52.5144114026418,42.48448696241819,10.02992444022361,43.0258698814268,0.009465184661626895
2207,0,39.941992411716846,30.880456434453226,9.06153597726362,31.011305843730007,0.03080658942768413
2208,0,48.73057387839961,36.664899884787175,12.065673993612435,36.9166527110405,0.024848725375432895
2209,0,42.624320713079825,29.382184780003108,13.242135933076717,29.592038066241983,0.02889613490669393
2210,0,43.90601946779594,31.207885211860777,12.698134255935166,31.31299700501284,0.03476724869083535
2211,0,43.289974728280086,30.061788293287517,13.228186434992569,30.23364550948021,0.01938199512536329
2212,0,50.423558923343094,39.38019054602577,11.043368377317321,39.74262354920107,0.03305467829781271
2213,0,43.80859544902519,31.094044046467726,12.714551402557465,31.27967011345678,0.03846591285284952
2214,0,44.09092000229576,30.526065190689625,13.564854811606136,30.65974324088867,0.01858548893719217
2215,0,49.47931837232595,39.30299408743515,10.176324284890796,40.100225591743595,0.013188889484038466
2216,0,50.65506856076553,39.486759756539975,11.168308804225553,39.734334392626465,0.013323879990246047
2217,0,49.14027015658117,39.33150694383879,9.808763212742377,39.95473383952286,0.053017499267352323
2218,0,49.286298261618256,39.30354100885158,9.982757252766675,40.04362718462032,0.025156076495162185
2219,0,43.93783992159766,30.714279494206608,13.22356042739105,30.908180352449843,0.04308644970705793
2220,0,72.06678323784207,74.56016024554707,-2.493377007704993,78.13354392232759,0.0018064982859005078
2221,0,50.54320452339141,39.53434304786359,11.008861475527823,40.13700077172037,0.025760351668131044
2222,0,50.3905431565251,39.430816908113584,10.959726248411513,40.00969593853665,0.013870577237583084
2223,0,50.12782619393201,38.79392972742059,11.333896466511419,39.15834231972374,0.019276142290295863
2224,0,50.12892158355743,39.67138730200335,10.457534281554075,40.06046573559824,0.01236804082784989
2225,0,50.57228966507104,39.35365562189946,11.218634043171576,39.81279541107745,0.02465868135816145
2226,0,42.235638827196226,30.1180085000568,12.117630327139427,30.28569244377472,0.015766579474481356
2227,0,42.78109762344246,29.834350537690973,12.94674708575149,29.973874773617954,0.02392886747665593
2228,0,44.21932849978387,33.138548202685364,11.080780297098507,33.65085874214637,0.037157621421640696
2229,0,46.848404368668625,34.456478148260345,12.39192622040828,34.6023575828724,0.016406015885687415
2230,0,38.43882945470257,31.582453674121734,6.856375780580837,31.571474493129873,0.03365520247986613
2231,0,42.92251663955676,29.744226238951903,13.178290400604858,29.89291933333553,0.026628680255485843
2232,0,42.830148884086825,30.31880406566086,12.511344818425965,30.496679135786266,0.033680239914067205
2233,0,42.08101536370182,29.244463139514412,12.836552224187411,29.42940174078533,0.016747906663163906
2234,0,52.061961029526,39.81408345098272,12.247877578543282,40.118689286866065,0.01106079468424709
2235,0,49.37563168225306,37.542991635140396,11.832640047112662,37.869289872421646,0.036429240928830695
2236,0,44.54465371745269,31.415566390160027,13.129087327292662,31.630856349242183,0.027665130234404586
2237,0,43.85598561822239,31.80144445282891,12.05454116539348,32.0179413047363,0.0276817171850582
2238,0,43.0835809165597,29.750261460863438,13.333319455696259,29.87827436599581,0.034995015999868956
2239,0,44.27251955382077,31.30303757582956,12.969481977991212,31.430634774108057,0.022405576374511047
2240,0,72.06678323784207,74.56016024554707,-2.493377007704993,78.13354392232759,0.0018064982859005078
2241,0,42.51736696897768,34.710364172565185,7.8070027964124975,35.07203105653039,0.03474579878693642
2242,0,41.961009482885146,28.791167290807383,13.169842192077763,28.865690807076202,0.03650280680800033
2243,0,51.27010830489648,39.40956558330686,11.860542721589624,39.841805600488286,0.010413007801579326
2244,0,42.81640757935004,30.338917281462717,12.477490297887325,30.486909706536434,0.02926088651125772
2245,0,46.03899472588505,33.81031856409318,12.228676161791867,34.187316115337524,0.028203748010770368
2246,0,50.47594868815807,37.56635353115507,12.909595157002997,37.76970726659742,0.01126009941399198
2247,0,49.78115546201107,37.230711667414674,12.550443794596397,37.460206907217845,0.019025734376865815
2248,0,43.8824114360461,31.282162891598805,12.600248544447293,31.550316654344677,0.01631265411325777
2249,0,50.84301097538268,38.85463464383632,11.988376331546363,39.222210354331025,0.011545393029516375
2250,0,49.64351689571859,38.886088021853865,10.757428873864725,39.473068312531126,0.0248382101262439
2251,0,72.06678323784207,74.56016024554707,-2.493377007704993,78.13354392232759,0.0018064982859005078
2252,0,43.91530263816729,31.67023521502436,12.245067423142931,31.883287644806646,0.014840611663764753
2253,0,41.14979173274034,30.059032194807696,11.090759537932644,30.17979261183155,0.022261470788315134
2254,0,42.71167174380308,30.00153294274355,12.710138801059529,30.20035640638909,0.024510871644945104
2255,0,43.79718369797577,30.719001061096662,13.078182636879106,30.847252141200126,0.04250447400301759
2256,0,42.856573087407,30.307696493546818,12.548876593860182,30.490654631905752,0.02893134776407217
2257,0,50.4530290584496,40.24037717623212,10.212651882217479,40.805518875192135,0.010859474657204167
2258,0,50.27224528092488,37.72862130906846,12.54362397185642,37.96606097196655,0.015302217983296597
2259,0,46.602286235818454,36.46897008164585,10.133316154172604,37.013201685165896,0.021383756120481552
2260,0,43.309620759387315,30.74211222298312,12.567508536404194,30.93592712552096,0.019926229450936143
2261,0,43.52233785820168,30.267883841803343,13.254454016398338,30.43818618384916,0.0337808456199507
2262,0,46.97493882791255,36.520927519531995,10.454011308380558,37.135599462799874,0.026674197898825802
2263,0,43.33380506922951,30.470630258250477,12.863174810979036,30.62299413130204,0.03186601422595997
2264,0,39.10441702028339,32.27778012698707,6.826636893296325,32.64315809354703,0.02961212035326213
2265,0,42.350686893228655,29.506341623552554,12.8443452696761,29.678981661264157,0.025745625157352348
2266,0,40.29626661523305,27.71918022956722,12.577086385665833,27.869840002676643,0.024735900988706146
2267,0,50.36512671951722,38.7144952851431,11.65063143437412,38.99587629177915,0.032162768303371864
2268,0,50.35811543268035,38.9506274662026,11.407487966477753,39.39873690775549,0.03569695458768213
2269,0,43.076939536654194,29.842574510916254,13.23436502573794,30.023229694473255,0.025612052026725778
2270,0,49.116079731209894,36.42994575469889,12.686133976511002,36.63270866231286,0.016175937544693573
2271,0,45.21571312913136,34.11651159497475,11.099201534156606,34.58285908105835,0.021346921561755695
2272,0,52.43691124163645,42.899757846133625,9.537153395502827,43.52494555696754,0.016989719755553773
2273,0,52.86848636339889,41.63728715775932,11.23119920563957,42.057604280901174,0.009744382916913694
2274,0,50.07950896380369,38.6662911313647,11.413217832438988,39.03765273349412,0.02108122708884425
2275,0,50.72376010216777,39.661309088708535,11.062451013459238,40.09048202666315,0.021497866684139173
2276,0,50.0483804766221,40.697082781861496,9.351297694760603,41.40708192506696,0.03730478759274067
2277,0,43.06697014818175,30.508442042429472,12.55852810575228,30.760168465541515,0.023616324835537977
2278,0,52.5764785699465,41.21715122634005,11.359327343606452,41.603081394061945,0.011590436107066083
2279,0,50.59097880719901,38.69928071677323,11.891698090425777,39.057887164402814,0.012324892602935794
2280,0,50.6111824353581,38.4526348964891,12.158547538869001,38.71622127334075,0.01965625489091361
2281,0,52.78439662139769,40.52106640645906,12.263330214938627,40.746669552909935,0.019073874836935133
2282,0,51.72789294985914,40.067780625480424,11.660112324378716,40.30549951476903,0.015533914799441743
2283,0,42.85197257987652,29.343735180054647,13.50823739982187,29.45071999891557,0.029505535430208375
2284,0,50.717069616386894,38.2735646400273,12.443504976359591,38.542531497197544,0.03161006716751458
2285,0,52.76346626484026,40.86271120904449,11.90075505579577,41.44400449544048,0.01463496960905865
2286,0,40.38732428185533,30.376361667343144,10.010962614512184,30.692976334659964,0.033654660478885226
2287,0,42.89200275278927,29.879669892411318,13.01233286037795,30.041827489551185,0.021302204330033794
2288,0,48.68924789498273,37.477349136905914,11.211898758076813,38.01127363555292,0.05611809330730994
2289,0,43.59948101902795,30.806573471484395,12.792907547543553,31.06713455827983,0.0190672009121584
2290,0,40.747563282843444,27.773192574018186,12.974370708825258,27.92305206438292,0.019756826184036416
2291,0,51.547159699367825,39.534943617317296,12.012216082050529,39.838042644418735,0.014436627361214368
2292,0,42.63448748919764,29.746854010628542,12.887633478569096,29.940959969410642,0.031019727011828493
2293,0,50.73908967202897,39.1550785463421,11.584011125686871,39.54594265814566,0.024631043156079627
2294,0,49.73977227582908,38.507037216114995,11.232735059714088,38.86975817636497,0.03282015103210063
2295,0,50.72512200758928,39.013683207388866,11.711438800200412,39.4101893566379,0.023080552564321923
2296,0,42.503205556707684,29.41562458403378,13.087580972673905,29.509377972193604,0.02192502798101572
2297,0,50.86801728165965,39.10958969132089,11.758427590338755,39.40928560098399,0.016611618150638968
2298,0,43.57101215696322,30.64292166253553,12.928090494427689,30.82498968043998,0.015386559358157964
2299,0,46.21455438436429,35.34032004861227,10.874234335752021,35.775632647413104,0.030833966929612277
2300,0,50.71576115599156,39.927354551298336,10.788406604693222,40.348242068450865,0.023871280376315928
2301,0,44.66731761215323,31.618976174040323,13.048341438112903,31.78723609072792,0.015822583016311512
2302,0,50.42222993340074,39.764025745659865,10.658204187740878,40.20477496577007,0.018901172246604047
2303,0,50.620034407672094,38.732979750350125,11.887054657321968,39.11903575198019,0.02128976196624604
2304,0,49.68276630719501,40.646190678380066,9.036575628814944,41.494272011844956,0.025152551337988785
2305,0,72.06678323784207,74.56016024554707,-2.493377007704993,78.13354392232759,0.0018064982859005078
2306,0,42.52460643080879,29.123724121266815,13.400882309541974,29.242014021672457,0.026385958451133947
2307,0,51.52389992706807,39.94954504779591,11.574354879272164,40.238418899514144,0.01338666607212887
2308,0,42.820637124960456,29.460900055741124,13.359737069219332,29.600956521463964,0.029989727274741983
2309,0,50.322279291719084,38.541092764995355,11.78118652672373,38.86335910120113,0.018281626411078045
2310,0,52.679725238487336,41.527236879285056,11.15248835920228,41.99906532995675,0.009550802534830188
2311,0,51.25781182294347,40.5937505246079,10.664061298335568,40.9957802007772,0.01654313998305791
2312,0,52.555305360221624,42.39734866814845,10.15795669207317,42.95957986973677,0.009444283211101502
2313,0,49.76378014385159,37.12199161870838,12.641788525143212,37.38096781977228,0.03142606858848629
2314,0,50.306319868275324,39.409415537996054,10.89690433027927,40.05027293636033,0.025801492123538508
2315,0,52.49466553132491,40.76308054784005,11.731584983484865,41.18542800272593,0.014814072972878477
2316,0,42.71801019358364,30.426232020455092,12.291778173128545,30.581384977869526,0.02646379366342696
2317,0,50.470163415809424,39.15460872794763,11.315554687861791,39.44296706727913,0.03279700199814254
2318,0,42.94571245294311,29.4458042497176,13.499908203225512,29.579115357586357,0.027629160296291116
2319,0,50.65944774337204,39.70548449354867,10.953963249823374,40.10850163254598,0.015994187624496763
2320,0,51.55042978422048,39.55168494182659,11.99874484239389,39.84950056637011,0.024450429932384433
2321,0,39.29937743161183,33.50764927787675,5.791728153735079,33.884135310771676,0.027174326838222997
2322,0,44.04342024751905,30.625971883885953,13.417448363633099,30.768005672259427,0.020976345597444757
2323,0,43.5130761077785,29.97036948494209,13.542706622836413,30.073950942374285,0.02224729273090997
2324,0,51.12761639482534,40.023725877026,11.103890517799336,40.40482663426564,0.017255118381609272
2325,0,51.956304950601634,40.076354038901826,11.879950911699808,40.50798167916699,0.025903392609543045
2326,0,50.42503893845996,39.31635137705581,11.108687561404153,39.633652161209255,0.024065690966251132
2327,0,44.39692261573302,34.907235307451764,9.489687308281255,35.46557394282039,0.032947953572918645
2328,0,52.82793981023005,42.4883533502082,10.339586460021849,42.99316084689214,0.02247473096791946
2329,0,41.95441257059778,29.574389148055413,12.380023422542369,29.696969472736463,0.019476119954616455
2330,0,40.55054963294771,27.938061019824403,12.612488613123304,28.157921416358153,0.03572376212826132
2331,0,50.68896538975085,38.93503159472532,11.753933795025532,39.21112296695447,0.027962312383349345
2332,0,50.17507066024076,39.91043473793873,10.264635922302034,40.457680717489026,0.024797837505559382
2333,0,48.538516545484285,36.29795326611078,12.240563279373504,36.49989344028302,0.028332731339439626
2334,0,46.88949782514328,36.37577859548138,10.513719229661902,36.853739668849144,0.024703910026047708
2335,0,51.954557888752845,41.203897817462064,10.750660071290781,41.66499222338449,0.01510489521348782
2336,0,41.56050215782611,29.552296934275574,12.008205223550533,29.813268015736647,0.03809858674362645
2337,0,50.51378130458849,37.967518613280134,12.546262691308357,38.226131822836365,0.017269660035992996
2338,0,46.08423199323366,33.80954004575487,12.274691947478786,33.970194508621795,0.01841702771961639
2339,0,50.23814814034401,39.84901656938554,10.389131570958469,40.54626267320128,0.018732121710501412
2340,0,45.10221095939653,32.33583076438025,12.766380195016282,32.50305560332677,0.02750945550822348
2341,0,51.73782521501546,40.787347030264286,10.950478184751177,41.08157621029761,0.016008209749080043
2342,0,43.15829770848514,30.221760033484887,12.936537675000249,30.37465403057819,0.031630542760126404
2343,0,42.666372651422066,29.948100523593627,12.718272127828438,30.217726199935925,0.03514473301685523
2344,0,46.99133185000454,34.261816133572324,12.729515716432218,34.39170565065793,0.018338325735913447
2345,0,43.538986804873474,30.597009987605023,12.94197681726845,30.771494374368242,0.02917693873234677
2346,0,72.06678323784207,74.56016024554707,-2.493377007704993,78.13354392232759,0.0018064982859005078
2347,0,50.976191418106396,38.59590444894117,12.380286969165226,38.852741483631576,0.028139557458091796
2348,0,50.40787230532615,38.995671228851876,11.412201076474275,39.436877623012805,0.03011211195654852
2349,0,50.749079608258896,41.88967489330008,8.859404714958814,42.69395329418083,0.03483330183418638
2350,0,53.29327500389287,42.59820342666663,10.695071577226244,43.14494462270629,0.006341334585533398
2351,0,43.56073895246921,29.76582999131462,13.794908961154587,29.919389666426117,0.020263784220565424
2352,0,51.47552215074391,39.217817136392625,12.257705014351288,39.42696081857148,0.015664083217557336
2353,0,45.58727960601166,33.74468032740758,11.842599278604084,34.08947873157955,0.026426382690959507
2354,0,60.70251213905489,49.40147629654038,11.301035842514509,49.75332420140549,0.009495034505331018
2355,0,41.92227793750172,29.749044752794518,12.1732331847072,30.017218784088655,0.02949034004556525
2356,0,38.949339856014156,32.39789173984245,6.551448116171706,33.003074714160164,0.02047039198336845
2357,0,42.52021684469865,29.340763769898604,13.179453074800048,29.575952838665078,0.03318579521764488
2358,0,51.61689700385972,40.993751170409865,10.623145833449854,41.53512924671707,0.014545313613467888
2359,0,51.324723376986015,38.787189655410955,12.537533721575059,39.0640044524672,0.019862595954821274
2360,0,50.56543759113647,39.67770949205682,10.887728099079652,40.188797065786105,0.020030952555474227
2361,0,44.24094092648923,30.740870150415255,13.500070776073976,30.81845256160075,0.02829029610391112
2362,0,42.65151139070228,29.502588746941544,13.148922643760738,29.667196017869895,0.03420541305499008
2363,0,51.420708560108466,38.971537985666615,12.449170574441851,39.21418396786487,0.01066894014554532
2364,0,40.846710598398786,30.718149177662323,10.128561420736464,31.024534610343384,0.031093639169402595
2365,0,43.30325490711441,30.25591348100784,13.047341426106566,30.439260591361965,0.017278621333956985
2366,0,50.58012595650014,39.20685419710498,11.373271759395159,39.409874516447346,0.02106716947610151
2367,0,51.02482590123222,41.016052539526115,10.008773361706105,41.71284707941298,0.03562290477906526
2368,0,43.19380128158407,30.525216592772644,12.668584688811428,30.66018400700777,0.035709444575939435
2369,0,38.578074092061456,31.205542356663127,7.372531735398329,31.332827046008365,0.030887571256782927
2370,0,42.360490945151426,29.470388701454787,12.890102243696639,29.608376917147897,0.02384782377830914
2371,0,41.72972552948755,28.554131833543437,13.175593695944116,28.6828127123365,0.018140393388124416
2372,0,42.28476799413848,34.003983473718066,8.280784520420411,34.632433775559676,0.032963652244186896
2373,0,45.658514304102894,34.21930556935739,11.439208734745506,34.67807404041665,0.03243552605823713
2374,0,43.754661808174575,30.93004878287258,12.824613025301996,31.119129773319568,0.014282972141560617
2375,0,45.82801401459888,34.91058537952793,10.917428635070948,35.25885139593146,0.03212855778047054
2376,0,51.482059410623435,39.85939443560092,11.622664975022516,40.258922119752185,0.018462302007901995
2377,0,50.054940422188025,39.31655631633511,10.738384105852916,39.997799931416,0.01862607233603593
2378,0,43.65321028492521,30.821019047600142,12.832191237325066,30.967939198914245,0.020666841529374664
2379,0,43.06266446404143,29.83323589500422,13.229428569037214,29.979365676131973,0.03537238820069108
2380,0,51.11702065101872,39.935425502841085,11.181595148177635,40.367073754061195,0.02454639206637203
2381,0,50.21092416995366,37.87304730700892,12.33787686294474,38.214493117842615,0.016793253003167214
2382,0,43.50196492854187,31.201966873861874,12.299998054679993,31.474130707626703,0.022110175085932104
2383,0,42.16171563631353,30.1887732449778,11.972942391335732,30.363569017687865,0.025052825308300483
2384,0,46.50622094262877,35.71255959574212,10.793661346886651,36.15665606060985,0.018659646285686206
2385,0,41.29078766310856,28.63126716014556,12.659520502963002,28.805094010106977,0.019977536726330593
2386,0,42.43322217824476,31.42483192515186,11.008390253092902,32.06987365105917,0.06476699653133138
2387,0,50.61626687760564,38.345962702858515,12.270304174747125,38.69161627263894,0.022927734097278267
2388,0,43.24318892691696,30.253813705915096,12.989375221001861,30.40004466437728,0.03073046194864047
2389,0,50.022284153468405,38.820064290866966,11.202219862601439,39.22886238198455,0.023951853553881505
2390,0,53.44869614736491,41.867383817085084,11.581312330279829,42.30185416271004,0.023366789304569036
2391,0,44.246414364426144,34.896172247318496,9.350242117107648,35.515893068668035,0.040172596512996255
2392,0,50.87301071212089,39.19117302444817,11.681837687672719,39.40311831146884,0.017702665049794578
2393,0,39.10235013255746,32.16637509314245,6.935975039415013,32.33071410303239,0.030632284493183313
2394,0,50.85317432820064,39.3216622811498,11.531512047050839,39.55782803103453,0.014910108283185342
2395,0,40.65084861236547,27.934263975503008,12.716584636862464,28.09643467458266,0.027060424901927074
2396,0,49.60680443545928,36.432078137541666,13.174726297917616,36.64907892631621,0.017759523533648177
2397,0,51.69105790953036,39.791668800987864,11.899389108542493,40.15318197318212,0.01619190506565473
2398,0,52.51342394675346,42.26245241118019,10.250971535573271,42.843224531626035,0.008335425019790779
2399,0,47.65677420094255,37.081475130122904,10.575299070819646,37.548327100045114,0.056070049234333334
2400,0,53.381059085927106,42.61380284821388,10.767256237713227,43.108444419540106,0.008921200107691294
2401,0,53.54871664158662,42.21728519316051,11.331431448426116,42.65291275858506,0.017968174392847102
2402,0,44.344433242827876,34.091372190775374,10.253061052052502,34.38018218604205,0.06122637512359343
2403,0,48.96426086502346,39.61308693840742,9.351173926616042,40.24373869694816,0.02025576389652661
2404,0,43.70922728502785,30.608125836498157,13.101101448529693,30.779562597471255,0.018335140404751878
2405,0,42.909331885346745,29.238385358466623,13.670946526880122,29.348476340235077,0.022625205065640964
2406,0,40.61922071366829,27.89442271625749,12.7247979974108,28.057600592938552,0.025184477776720924
2407,0,46.034308074961174,34.826730269723,11.207577805238174,35.233211029479236,0.04395198655920158
2408,0,42.26525523421917,29.500868960472147,12.764386273747022,29.705982784542968,0.017610549617213096
2409,0,49.848263415665045,38.93640511414392,10.911858301521121,39.488784766266136,0.011278053495665196
2410,0,52.751004522154446,41.3350720667629,11.415932455391548,41.79277510394512,0.012563461217231653
2411,0,47.8997500568546,38.3004542150469,9.599295841807702,39.07913915889445,0.08974929101114663
2412,0,40.995243625184244,29.874321425419616,11.120922199764628,29.91497913803219,0.02401138547908138
2413,0,41.75368894643627,28.793857555683733,12.959831390752537,28.920745080938797,0.018265017952449
2414,0,51.656090853958645,39.398190582229844,12.2579002717288,39.59279356338241,0.021816378292320436
2415,0,42.69575193410972,29.34939083823983,13.346361095869891,29.506779269314265,0.030757749117071798
2416,0,43.88005328336071,31.116504481584446,12.763548801776263,31.235230892488232,0.026877508174063047
2417,0,48.819696664423574,37.80726396976627,11.012432694657306,38.312055868125114,0.026128129444838204
2418,0,50.44335763923462,40.39509764557903,10.048259993655591,40.87971227293279,0.014314685743701741
2419,0,44.2215356561163,30.91178326455335,13.309752391562952,31.068041350374767,0.026940619026374905
2420,0,42.31474020998546,29.667768825253763,12.646971384731696,29.882844603930458,0.023874538834593964
2421,0,41.230335207075,28.15145429534129,13.078880911733712,28.36907797001126,0.02617014312404823
2422,0,50.77261805453897,39.377528188471366,11.3950898660676,39.731192970906434,0.01528719466245693
2423,0,43.00591544993725,30.746242935948597,12.25967251398865,30.97625366496942,0.01961168176262711
2424,0,51.57988196319633,40.41386987968106,11.16601208351527,40.7202332469669,0.018635322916269487
2425,0,48.711475620293996,38.97178801867659,9.739687601617405,39.38663213588052,0.029778331836607663
2426,0,43.040360034400734,29.985495933721964,13.05486410067877,30.15812076189101,0.016274066607206004
2427,0,52.70644217744635,42.70135584293433,10.005086334512015,43.2995404438403,0.01475642197991052
2428,0,40.09203672871337,34.541186242189866,5.550850486523501,34.6950723148382,0.0507511264673085
2429,0,43.72865440092225,30.295850331551176,13.432804069371077,30.498430402184226,0.04225582029904138
2430,0,52.45811376666424,40.19980586559426,12.258307901069983,40.41830578854429,0.011156447410938922
2431,0,50.222056452079684,38.32333957726728,11.898716874812408,38.67194145312423,0.02648151408438587
2432,0,48.80964902841629,39.442394398569775,9.367254629846514,40.27483262560587,0.011803599500780963
2433,0,50.694993357797685,39.45160429610354,11.243389061694145,39.72151307787665,0.012602107822887707
2434,0,43.43021956131882,30.15287734393529,13.27734221738353,30.26962698929338,0.03405990945039104
2435,0,40.701049921952844,29.866142191234804,10.83490773071804,29.951220795863296,0.025364647936122208
2436,0,51.54842129927239,40.21834990395076,11.330071395321632,40.62387703461851,0.026136242253171377
2437,0,42.20832419301438,29.837697482029878,12.3706267109845,30.053372368143936,0.019134456351336118
2438,0,49.6598190195586,37.58244015381857,12.07737886574003,37.853519034043885,0.011976604278166878
2439,0,40.69088231501209,28.3083793736819,12.382502941330191,28.42982793447354,0.03053963238772337
2440,0,50.15156087556895,38.9196439651073,11.23191691046165,39.285648960768484,0.02043325846378408
2441,0,43.06845557251647,30.02888835131756,13.039567221198912,30.18571634785855,0.01891986267725497
2442,0,40.57648412705102,27.438037823237533,13.138446303813485,27.574415617219145,0.04274430513547134
2443,0,40.90970955557134,33.86905294158501,7.040656613986329,34.606547339816984,0.04763504668503941
2444,0,39.871205288942846,31.90326887990796,7.967936409034888,32.130063512056054,0.022505665888984158
2445,0,51.208838944064894,39.347939007740884,11.86089993632401,39.659029350570705,0.01492344102795321
2446,0,44.42651201531652,31.323139005588384,13.103373009728134,31.49699806920026,0.02878382869243958
2447,0,43.054877128157926,30.607184559606928,12.447692568550998,30.807705115660955,0.016984274029726982
2448,0,43.9057070564061,30.903066376342082,13.002640680064019,30.995993931045277,0.03517331281461006
2449,0,51.437106563540254,39.60885361385354,11.828252949686714,39.908548461867994,0.016936732707278038
2450,0,42.65445483747105,29.1675200193815,13.486934818089551,29.249057779974176,0.01802025396582978
2451,0,38.77392549219997,32.4824409874076,6.291484504792372,32.65853529328998,0.022006973367413897
2452,0,50.78373588094098,38.41294197936389,12.370793901577088,38.65161277967303,0.026435250429230363
2453,0,49.92454649430512,40.39314954056566,9.53139695373946,41.23251367713317,0.014661971796815498
2454,0,50.61324331712511,39.17129713147942,11.44194618564569,39.60234629074815,0.010045131088185177
2455,0,72.06678323784207,74.56016024554707,-2.493377007704993,78.13354392232759,0.0018064982859005078
2456,0,43.368475174364164,30.058800776724134,13.30967439764003,30.225633353028616,0.020118413965414073
2457,0,49.53372048632471,40.60823510968269,8.925485376642023,41.06262553422614,0.04880804864918214
2458,0,48.63125922857424,37.383951782927,11.247307445647238,37.813147956568535,0.02449944660839531
2459,0,52.79559308599829,41.87346923744093,10.922123848557362,42.35770382524932,0.028010453684760118
2460,0,47.82078200322654,37.00854309300341,10.81223891022313,37.48236854282426,0.0354058097274413
2461,0,50.47375065324141,39.20558051279261,11.268170140448802,39.55693360931147,0.020284672766305557
2462,0,43.319226274023706,29.98404001980621,13.335186254217497,30.180797924546457,0.026008145053089942
2463,0,50.224748868053226,38.070435004984915,12.15431386306831,38.4211035607689,0.013853636602648612
2464,0,42.596924813391,30.390385739985557,12.206539073405441,30.581557612666682,0.04552660264700202
2465,0,44.35728709801636,31.054988998478084,13.302298099538273,31.29283825281851,0.03253979457233679
2466,0,50.893934840000895,40.04191671071369,10.852018129287202,40.43609828799039,0.0217208914845899
2467,0,52.66051221187574,42.13737730108052,10.523134910795221,42.60277590062266,0.01708914789978233
2468,0,43.71991447402536,30.668696029447243,13.051218444578115,30.864713508676925,0.031273106018007236
2469,0,50.235163119669835,38.22249464028596,12.012668479383876,38.54335768864564,0.014111837575004333
2470,0,43.26504124383928,31.04036536673137,12.22467587710791,31.254856109922073,0.029459785815665707
2471,0,50.40146714632709,39.71826535030651,10.683201796020583,40.1119513525013,0.01607502427476139
2472,0,42.54938370591208,29.59123463808126,12.958149067830817,29.71930768703447,0.021078977354614
2473,0,44.083394766214454,31.20491984501152,12.878474921202933,31.448108805553698,0.03789885077897413
2474,0,42.24125315922379,29.510906379214806,12.730346780008983,29.694370446266795,0.025332422536531556
2475,0,41.439234202647675,30.954173200614495,10.48506100203318,31.52111062857114,0.07895473139293555
2476,0,52.42755291661011,42.542816572554415,9.884736344055696,43.08958021322172,0.010899275165742179
2477,0,72.06678323784207,74.56016024554707,-2.493377007704993,78.13354392232759,0.0018064982859005078
2478,0,45.6749773977495,35.527747866180995,10.147229531568506,36.04989545134552,0.022311324739779325
2479,0,43.2014956135004,31.133838284303746,12.067657329196653,31.33218907464951,0.03327612441286668
2480,0,42.92207321781176,29.922442135613878,12.99963108219788,30.14807778863531,0.022192320496501806
2481,0,72.06678323784207,74.56016024554707,-2.493377007704993,78.13354392232759,0.0018064982859005078
2482,0,50.755624498704876,39.89820214397585,10.857422354729025,40.22545004245006,0.017148391513263195
2483,0,51.11391856462876,40.11919130055586,10.9947272640729,40.48212197900307,0.013728170781446346
2484,0,42.16702743130416,29.37537378926122,12.791653642042942,29.547303390606142,0.033720406058187574
2485,0,72.06678323784207,74.56016024554707,-2.493377007704993,78.13354392232759,0.0018064982859005078
2486,0,49.11754542670806,36.38527049011738,12.732274936590684,36.6448036319499,0.02198795171394131
2487,0,45.24942278449416,32.675530437621944,12.573892346872213,32.889190082175844,0.02052099379716871
2488,0,42.10310573041487,29.56870193382176,12.534403796593107,29.731347743763312,0.020404741039158004
2489,0,42.916278492996724,29.677462634142323,13.238815858854402,29.86448658533727,0.029159837741080316
2490,0,42.87536462526879,30.286599675735015,12.588764949533772,30.49413689880381,0.024024860225689896
2491,0,50.16879442961583,37.49608503804117,12.672709391574656,37.746768785347285,0.013531255587772018
2492,0,48.793038037406234,37.83193996427882,10.961098073127417,38.43709578267426,0.03192706891582047
2493,0,64.24147969932096,53.61373071034072,10.627748988980244,54.98322414578672,0.020337190940716864
2494,0,48.433859545715606,37.967985485542485,10.465874060173121,38.46541068235504,0.02077676449021556
2495,0,51.15214979605901,38.856554533094965,12.295595262964042,39.043353947444515,0.021697396172227334
2496,0,50.08873845372854,39.1998129020179,10.888925551710642,39.616675808248814,0.013700554540990898
2497,0,48.41212600162898,39.2502721475412,9.161853854087774,39.998848897042876,0.022863431703127445
2498,0,42.62089170300496,29.34150401822418,13.279387684780776,29.51503781677341,0.030369835573764648
2499,0,43.841460484570476,31.306661456947765,12.53479902762271,31.50182004405921,0.0383634961754346
2500,0,42.81270949900984,30.278726515884347,12.533982983125494,30.525708079667737,0.01965178553361872
2501,0,41.676034929849436,29.11387381235569,12.562161117493748,29.227388497391853,0.04403916268522497
2502,0,45.64477508120186,33.50507592657114,12.13969915463072,33.748528019815936,0.026391038634931127
2503,0,52.023907682888066,39.50987523761405,12.514032445274019,39.768044068681725,0.01785488774591875
2504,0,44.56347881748313,31.767734208749726,12.795744608733404,31.977029470240186,0.017386540826886333
2505,0,71.46448710271677,73.48223296524273,-2.017745862525956,78.09516040836729,0.002590021409897591
2506,0,48.81267038846788,36.05309228857358,12.759578099894298,36.294806116022684,0.016542245251279914
2507,0,42.19381369943139,29.20621534298315,12.987598356448238,29.295659845276152,0.023008920252143673
2508,0,53.11954775427709,41.97951828689844,11.140029467378653,42.42740831573032,0.027655849790374682
2509,0,53.02293999405576,41.5769592410539,11.445980753001862,42.09545491890553,0.01317356182534643
2510,0,40.82916615534366,30.906649264971104,9.922516890372552,31.493757337444166,0.029159349653928097
2511,0,50.33379966017793,38.292367041292636,12.041432618885295,38.607083010303015,0.013060271790951563
2512,0,51.08285226501752,38.79026435819426,12.292587906823265,39.05478655953314,0.010818521321182967
2513,0,53.02460339551841,41.66817328758451,11.356430107933903,42.19064724591853,0.014870222820889508
2514,0,50.38887670531568,39.32991837688417,11.058958328431508,39.73133132099798,0.014549719522235254
2515,0,50.90344606719468,38.96826317323016,11.935182893964516,39.16422376332583,0.009901667515055926
2516,0,51.670568146549755,40.39631603976534,11.274252106784417,40.711832016681754,0.020779984234137818
2517,0,43.3575488023738,32.80862194336606,10.548926859007736,33.20440574928689,0.038688270906061833
2518,0,41.74450725126772,29.427102510757624,12.317404740510096,29.518206548469916,0.035058466678192644
2519,0,43.79470378786529,31.036484493545334,12.758219294319954,31.264541674045667,0.032509930748448636
2520,0,44.1813602180747,31.287308089725624,12.894052128349077,31.4478168223304,0.024444394326078686
2521,0,44.242324212682036,31.085468033594502,13.156856179087534,31.210009321797145,0.016691943986487073
2522,0,40.33192107121337,34.122554784175875,6.209366287037497,34.50077083889673,0.05146306626369783
2523,0,47.50476394111591,36.24648321547147,11.25828072564444,36.623346008759356,0.024328509822847236
2524,0,45.80090768689372,35.498475970232604,10.302431716661118,35.91429758982177,0.023731779647660132
2525,0,45.5424744376035,34.93691419164142,10.605560245962081,35.468899338374655,0.037099330506623285
2526,0,40.6213442350069,30.34374285776859,10.277601377238312,30.53369581392701,0.028191793878024934
2527,0,42.530289405097946,29.391614149343166,13.13867525575478,29.575121815959783,0.023362874853040304
2528,0,42.87517348333691,30.52060115660358,12.35457232673333,30.68945477592137,0.027748441377242732
2529,0,49.84777826829658,39.63188000356018,10.215898264736403,40.2699845142169,0.03345453521987758
2530,0,51.860835879678476,41.0728175593251,10.788018320353373,41.49127436558004,0.015984976809242164
2531,0,43.8458853777455,30.20937782144844,13.636507556297062,30.30947403638931,0.017273744400527643
2532,0,44.04671027988695,31.382873613828554,12.663836666058398,31.563736973049906,0.036911122816802845
2533,0,49.995519740522,37.49597047056517,12.49954926995683,37.718381697729924,0.021323931686815796
2534,0,50.600474168358446,40.05423666250722,10.546237505851224,40.661650563004486,0.017550455258455663
2535,0,42.88394199156072,30.450344329036238,12.43359766252448,30.624867150352333,0.02053158143577343
2536,0,50.19873486693719,37.28152172625755,12.917213140679635,37.4718439925266,0.009169113399613227
2537,0,50.97368645862275,38.6280708652216,12.34561559340115,38.890471718020365,0.01989483640999473
2538,0,44.01246232819277,31.03342288402997,12.979039444162797,31.194596620734885,0.015370486448117188
2539,0,44.2178531105058,31.902281943154414,12.315571167351386,32.12187372778533,0.035533203616726086
2540,0,43.590205617507195,30.047280550009987,13.542925067497208,30.203940303513185,0.025156781956756375
2541,0,52.005931734278235,40.26903950723951,11.736892227038723,40.55071192707675,0.023089439659770672
2542,0,50.19588552364836,39.117552361001536,11.078333162646821,39.47798913311557,0.020427251286245757
2543,0,50.85895292253426,38.80560617869712,12.053346743837139,39.16759876847627,0.03468462795400858
2544,0,42.982452543195436,30.742463586072386,12.23998895712305,30.88434490620137,0.0184327392956699
2545,0,42.95858444035987,29.97182930599344,12.98675513436643,30.19268254452258,0.021807054584970405
2546,0,39.8622650896383,32.485728710933714,7.376536378704586,32.5048849883653,0.03368792057988534
2547,0,40.325623543825174,33.688652053078954,6.63697149074622,34.247054134823,0.03540981451246685
2548,0,50.66731693383868,38.8332002334713,11.834116700367375,39.09780077992943,0.027205238100514718
2549,0,50.50479284076579,39.366590614931795,11.138202225833993,39.7907000124939,0.024983216896610438
2550,0,38.85875559410273,31.827463124583858,7.031292469518874,32.16830824568713,0.021004278005139064
2551,0,51.05603180730648,38.943209206449964,12.112822600856518,39.36113820201291,0.029600830816957562
2552,0,45.91576004639967,34.455441546077054,11.460318500322614,34.81628528120677,0.0204513918378713
2553,0,42.01798234033865,29.166249100754143,12.851733239584505,29.301341205253213,0.02912135567143632
2554,0,43.364423245243145,30.049986919346512,13.314436325896633,30.178587573876623,0.017448845130119465
2555,0,42.15990475897935,29.120770976431853,13.039133782547498,29.333391731048113,0.016769553365038038
2556,0,43.304511701728885,30.103337362659165,13.20117433906972,30.22328888647791,0.02064863287737343
2557,0,43.27312046072916,30.679035412554835,12.594085048174325,30.830324514190913,0.02505379531799249
2558,0,51.32311274110836,39.40768352744716,11.915429213661199,39.80266961801506,0.015374674050933915
2559,0,43.95173205915893,30.881226803804136,13.070505255354792,31.033233315434874,0.027585172184936377
2560,0,44.01071675500745,31.17734264851205,12.833374106495402,31.323245055517674,0.019085940811152818
2561,0,38.715487331095346,31.42737449721917,7.288112833876177,31.61005151058804,0.04682974937048737
2562,0,43.25169282836386,30.156133415033135,13.095559413330722,30.318881448772714,0.02429034176964456
2563,0,50.42097716970203,40.99032604414079,9.43065112556124,41.63260871902226,0.019057280122261648
2564,0,41.50047588104746,29.576788097227663,11.923687783819794,29.666636604513204,0.02533078793039868
2565,0,50.71403674365949,41.223387891467894,9.490648852191597,41.82219113241439,0.018542708297845177
2566,0,50.17050595987608,38.15175233105266,12.018753628823418,38.452044075621714,0.023282022071794105
2567,0,49.73809769965381,38.880961495362214,10.857136204291592,39.16321038307968,0.021367728377189185
2568,0,38.41845301336629,32.28027898039345,6.138174032972842,32.276099336741595,0.028319854514548132
2569,0,52.80174775631316,41.97064952567024,10.831098230642922,42.465108379747676,0.01089769110335157
2570,0,50.582883606661326,39.06771531482594,11.515168291835387,39.52316038700852,0.019315172813313387
2571,0,51.722250817201584,39.45490256677158,12.267348250430004,39.790457246920596,0.017342734457924
2572,0,43.7922552229756,30.881116428104242,12.911138794871356,31.047554051564706,0.030571255612893332
2573,0,52.78500194518243,42.15676246187206,10.628239483310367,42.75655219434775,0.00954935827427989
2574,0,72.06678323784207,74.56016024554707,-2.493377007704993,78.13354392232759,0.0018064982859005078
2575,0,41.336414134411086,28.236174304944214,13.100239829466872,28.41953271412357,0.02538494716333549
2576,0,54.23747988676344,42.43479642517606,11.802683461587378,42.86849071311376,0.014291935774436758
2577,0,42.005430935616914,29.26438783671792,12.741043098898995,29.39136061583436,0.023391652524169113
2578,0,51.66496492067871,39.8245709522861,11.840393968392611,40.08902564385522,0.010317441414339688
2579,0,42.49613289726486,28.783018528308563,13.713114368956294,28.924491683589533,0.024718328972777717
2580,0,42.83240788094881,29.74178129658963,13.090626584359178,29.862586030953985,0.028183085298772278
2581,0,59.71698557730504,49.38839645373761,10.328589123567426,49.71746110125146,0.014296314797933444
2582,0,43.34981862339468,29.5880690072169,13.76174961617778,29.673038366283766,0.02366013227989908
2583,0,51.38557490022886,38.73199334997634,12.653581550252518,39.060461004802804,0.017995443440769514
2584,0,52.74348576590181,42.30808427979157,10.435401486110237,42.8289703919347,0.006985776978021396
2585,0,47.087726786472345,37.38389795812007,9.703828828352272,38.00421677227985,0.030197840595825292
2586,0,48.2794106479233,38.493153327015875,9.786257320907424,39.130480153325706,0.033861666139233755
2587,0,42.89606255297697,30.20716466489068,12.688897888086291,30.356785001379325,0.026884442345342516
2588,0,47.16011763554555,35.404288476507475,11.755829159038072,35.55153642766295,0.015459341271623087
2589,0,49.336120945762445,36.471287731258485,12.86483321450396,36.72503275020581,0.02087015642113896
2590,0,51.257084866325755,39.15227934601947,12.104805520306286,39.4897346893237,0.01563027913220659
2591,0,42.97949078211889,29.670789385561683,13.308701396557204,29.811500760355262,0.017982556937289076
2592,0,40.97408610054734,27.979659310170263,12.994426790377076,28.18994041431578,0.027026739110804547
2593,0,51.47030276803824,39.33035699250061,12.139945775537626,39.69303922052056,0.022603772368122384
2594,0,49.768488433690024,39.47988446875854,10.288603964931482,40.120200411029955,0.013080367767797007
2595,0,49.05001092478683,36.85946967247614,12.190541252310695,37.06388892693968,0.0168333083812141
2596,0,43.1575020707256,29.563794775553653,13.593707295171946,29.66784834155266,0.034941278577304793
2597,0,51.548401740674365,39.13353313655158,12.414868604122788,39.47160369796485,0.0106829124606817
2598,0,43.762382409977945,32.043961342199125,11.71842106777882,32.3571470025011,0.01975357632894855
2599,0,44.20196946244472,31.09783234228157,13.104137120163152,31.203527450228485,0.01546992319553592
2600,0,40.379402959835815,27.437950126387783,12.941452833448032,27.56684529210693,0.024809004446403982
2601,0,43.772256276258204,31.178585479125275,12.59367079713293,31.4035360506312,0.03789291887934983
2602,0,40.91942533690951,28.508094065299968,12.411331271609544,28.70504777893378,0.03217004021268738
2603,0,50.25269323954751,39.83611911145051,10.416574128097004,40.35473312291825,0.02475223844684474
2604,0,42.407821542670575,29.54407694945566,12.863744593214914,29.64540933632516,0.020589804262970204
2605,0,53.900319942935965,43.28772169383359,10.612598249102376,44.1195743469744,0.011708129899430772
2606,0,52.414780619116996,40.13915919346482,12.275621425652176,40.42657577662399,0.014354729292362143
2607,0,43.169811237076615,29.900120932429438,13.269690304647177,30.096048364621556,0.01819822493474308
2608,0,49.8544153483478,40.156024172274556,9.698391176073244,40.90663936685796,0.012615040568515324
2609,0,42.819348313902466,29.33898838326387,13.480359930638596,29.460689679210752,0.03165836117555092
2610,0,49.29678486589066,37.24160613847441,12.055178727416248,37.51248449337615,0.01461171518602093
2611,0,49.18503805802108,37.246509192363995,11.938528865657084,37.52098937257004,0.01755240173023231
2612,0,40.080426059131355,33.61955652553121,6.460869533600146,33.85179412088178,0.031188241999342853
2613,0,42.5866268889352,29.873893151460745,12.712733737474455,30.01932321388868,0.02023681106857541
2614,0,43.040234741801584,30.164275887849744,12.87595885395184,30.296540270420945,0.023860214522955857
2615,0,49.88512312975338,39.57647674183144,10.30864638792194,40.25502544439671,0.028204272805370925
2616,0,44.697502671470275,33.7140605313335,10.983442140136773,34.20137236302607,0.05769664965620964
2617,0,51.08153648600408,38.80215477424274,12.279381711761346,39.01868209409605,0.020158027354565823
2618,0,50.898617032275595,39.77208503601983,11.126531996255764,40.20806483185129,0.028066989548982228
2619,0,40.17294817561968,31.733515197820108,8.439432977799573,31.7816485060865,0.02374569530776502
2620,0,39.57123597144425,32.950471293960604,6.620764677483649,33.08740073287079,0.036319188920137205
2621,0,52.88243495624583,41.55389986926619,11.328535086979642,42.08380603534101,0.015149116719128917
2622,0,42.64450151481741,29.53432235745476,13.110179157362648,29.75600129848296,0.03811091081354932
2623,0,50.668833261934154,40.76988468657832,9.898948575355831,41.36557072419356,0.011002123078064521
2624,0,45.44017482177985,34.480386967515756,10.959787854264093,34.95190611170736,0.04052756844113085
2625,0,39.61590030773176,30.560645853948092,9.055254453783672,30.78755316932104,0.028075532516824056
2626,0,42.852976645272705,29.765491052698607,13.087485592574097,29.920687266320357,0.03363808428221932
2627,0,47.57413946420981,35.34564517534493,12.22849428886488,35.50645610922459,0.018173434842259476
2628,0,45.192766067122804,32.71814496145197,12.474621105670835,32.956005380111804,0.02087933387425605
2629,0,72.06678323784207,74.56016024554707,-2.493377007704993,78.13354392232759,0.0018064982859005078
2630,0,46.681698358366035,35.961582493141805,10.72011586522423,36.43818124177045,0.01764315785876645
2631,0,43.51949643093582,30.403600487171264,13.115895943764553,30.577034894411494,0.020156867311199367
2632,0,43.056003591562344,29.29113208872847,13.764871502833874,29.51295634083238,0.029261540353710872
2633,0,49.6209080808122,36.92621491280343,12.694693168008769,37.142819750565344,0.021833410458065503
2634,0,49.02987709733502,37.81429942517671,11.215577672158304,38.38645466401039,0.03033177506043913
2635,0,51.01676402958738,40.33378729988081,10.682976729706567,40.650371599236664,0.02377603875950532
2636,0,45.65485001174886,32.79635824477066,12.858491766978204,32.99547519807617,0.032317105296302814
2637,0,41.068041637728,27.848888993778687,13.219152643949315,28.067713358178363,0.021210128687206863
2638,0,44.08739150917614,31.241053920007815,12.846337589168328,31.433294831722588,0.042737069852535815
2639,0,43.3910165636991,31.032145950207397,12.3588706134917,31.259544083440577,0.026444965251024244
2640,0,43.43316228992428,30.438728574781212,12.99443371514307,30.642610828186854,0.03138022649861217
2641,0,50.332945896596044,39.167334422039914,11.16561147455613,39.50854865412197,0.009064042638029927
2642,0,49.150081932206476,39.67933322064876,9.470748711557718,40.37481551682913,0.022111203167157784
2643,0,51.58144972586895,39.90106974482137,11.68037998104758,40.406893808992734,0.016686004559071363
2644,0,50.35934180082943,37.901523432525124,12.457818368304302,38.1887930266104,0.014967009733787014
2645,0,50.02148806805204,38.749692359868355,11.271795708183681,39.14324915074209,0.012184677809495637
2646,0,52.95610331413684,41.457199972089214,11.498903342047626,41.7312773050992,0.016688519916798202
2647,0,39.00879737731523,31.715623247582005,7.293174129733227,31.727363410148495,0.04038660086855055
2648,0,51.168173331419084,38.867870533345894,12.30030279807319,39.287658122391896,0.01819366524395137
2649,0,43.43860143221691,29.99489924355826,13.443702188658651,30.14464654008788,0.04888850998527547
2650,0,50.62614420755769,39.32256624729561,11.303577960262075,39.670016710520414,0.029040801851048632
2651,0,52.52260250103336,41.62859487118746,10.894007629845902,42.119533171753986,0.016485277076751605
2652,0,50.23581067004058,37.7377748266384,12.498035843402178,37.90802484061204,0.013718417989986437
2653,0,50.32234244261558,39.618136676017066,10.704205766598513,40.061142232732536,0.022846023147812304
2654,0,44.16397466779259,31.01644871631729,13.147525951475298,31.10419910917375,0.04649619938588364
2655,0,49.07444335896446,38.82910087564014,10.245342483324322,39.48240888115019,0.03891986878551999
2656,0,46.88275134263951,36.36843602318517,10.51431531945434,36.86010401965456,0.04984752997265218
2657,0,48.750766791891806,36.422631397705615,12.32813539418619,36.73171848821171,0.02213587496577651
2658,0,49.921237655550556,39.63273321262051,10.288504442930048,40.330206267196644,0.02040618712143815
2659,0,42.895572583195516,29.458168335592102,13.437404247603414,29.57975458357728,0.019153770513274583
2660,0,43.24837080390155,30.664134849820595,12.584235954080956,30.892091470066394,0.02840061266070243
2661,0,42.761426641516564,29.996040899649163,12.765385741867401,30.24885091237719,0.019178603621709055
2662,0,45.20893453971681,32.95567651769882,12.253258022017988,33.18521546838214,0.027569768172931556
2663,0,51.64199780031123,39.69129917539399,11.950698624917237,40.11209748013452,0.015496811391022977
2664,0,42.39671942997154,29.546821964037587,12.849897465933953,29.633690368900112,0.03354951659018545
2665,0,51.58705798436482,39.44612328791325,12.140934696451566,39.71222482026408,0.011303126118844882
2666,0,40.88026193711062,28.49533410742531,12.384927829685306,28.642857881287362,0.01770700320843933
2667,0,42.50822648456605,30.23327134308692,12.274955141479133,30.45767366409562,0.03366724264451329
2668,0,44.297499092519075,30.932548118726057,13.364950973793018,31.128697953897568,0.02245441883592092
2669,0,42.01382264175058,29.18790434385769,12.82591829789289,29.27773309693115,0.035059727045553
2670,0,42.46428941597297,29.796984089945262,12.667305326027709,30.00200591385397,0.0241833369547031
2671,0,41.35015854982939,28.611288061312845,12.738870488516543,28.702758970003973,0.02671147090531852
2672,0,51.7095726062409,39.73743102445931,11.972141581781585,40.018692127664636,0.01217346785270017
2673,0,42.14273299910819,29.458362721404864,12.684370277703326,29.56344197968176,0.02285081669745806
2674,0,51.9645336266518,39.92389321888136,12.04064040777044,40.2799434887411,0.023327582416152966
2675,0,49.533209636224726,40.442772789808956,9.09043684641577,41.19076121406846,0.027616350146123465
2676,0,50.38786692967089,40.41391375289757,9.973953176773321,40.90467299694829,0.010699142378943134
2677,0,50.65499303297669,39.15615201312994,11.49884101984675,39.525266400478785,0.012389479977761098
2678,0,38.89665816579284,31.29455867823231,7.602099487560533,31.531408975868683,0.02486182803406643
2679,0,48.33476581045895,37.734935142281394,10.599830668177553,38.37318018388801,0.023478643681603777
2680,0,50.84607045382285,39.60764631647544,11.238424137347408,39.91187014399452,0.022000647871839172
2681,0,48.231272552793385,37.312204262341766,10.91906829045162,37.70453607421055,0.04623368164094359
2682,0,43.22895823111317,30.531321770894625,12.697636460218543,30.777015649572093,0.03458451908235758
2683,0,44.14788681910031,34.137761698547735,10.010125120552573,34.88793088737516,0.040761416054819255
2684,0,45.16557885893086,35.38928179654958,9.776297062381275,35.974373144871784,0.028277470898160666
2685,0,49.86054302713761,39.951949211710115,9.908593815427494,40.62848933583595,0.017690615206558468
2686,0,51.156529196248925,39.17284032300779,11.983688873241135,39.479781808470335,0.01866411134138601
2687,0,48.929579450027916,36.48329249608073,12.446286953947187,36.76119637572356,0.019239729287888484
2688,0,52.95337111649897,41.6025881928727,11.35078292362627,42.19653576276936,0.019417094807293356
2689,0,42.79689645916956,29.06734685037099,13.729549608798571,29.191109421032714,0.02396709625607058
2690,0,44.36985758151215,31.829265848567143,12.540591732945007,32.03851768938569,0.02664076773767896
2691,0,51.10717053694766,39.241229025717814,11.865941511229849,39.523545968369746,0.01381761062188401
2692,0,47.494590690648394,35.46992615569575,12.024664534952642,35.71693404584869,0.020837677227438203
2693,0,39.20780104580884,26.040445985408173,13.16735506040067,26.15611049232978,0.04201724382261652
2694,0,39.35489165505969,26.440378064666735,12.914513590392954,26.58721019998967,0.05660893541784731
2695,0,37.486765404977085,24.644437308959084,12.842328096018,24.743114991078368,0.03270665559654039
2696,0,38.81053596614497,25.983969614361317,12.82656635178365,26.105918014710088,0.044204553455512864
2697,0,37.851361981567756,25.049003195281053,12.802358786286703,25.198438070646244,0.032318724920408444
2698,0,36.18158610533031,31.99348346606119,4.188102639269122,32.75955340919207,0.06734704164508414
2699,0,45.73523672863148,35.126236141051876,10.609000587579601,35.682973774556245,0.04485616033841234
2700,0,39.68965632311324,28.971567421429416,10.718088901683824,29.262401070039125,0.025953187874264583
2701,0,37.18146957477724,26.408998353440676,10.772471221336563,26.527307859327987,0.04396533010715996
2702,0,46.576263928908006,34.87136524522043,11.704898683687574,35.15011719147226,0.01701544974656378
2703,0,36.99831062067929,23.67769250515782,13.32061811552147,23.7767260110568,0.06457880604789128
2704,0,39.08853645454282,26.43639401911052,12.6521424354323,26.659900394292276,0.07205981760273276
2705,0,38.41287532341421,25.51538648844904,12.897488834965174,25.663172669866587,0.04850471306846611
2706,0,41.693173810147954,29.423276967699007,12.269896842448947,29.629242361299532,0.024359145783053423
2707,0,48.35984488059617,36.862424933278845,11.497419947317326,37.03266167995751,0.01799356686991302
2708,0,38.73235918565342,25.18771917847367,13.544640007179751,25.252968030049296,0.05784149694693407
2709,0,36.64867979688935,23.64375316758338,13.004926629305967,23.75121781100796,0.04599832416737981
2710,0,47.22906784591147,34.70048350373956,12.52858434217191,34.94404591207914,0.029831746893594507
2711,0,37.62523342834943,31.898203892255236,5.7270295360941965,32.48616126087752,0.0652524403294733
2712,0,42.064888141966534,28.885858521587146,13.179029620379389,29.037750138066695,0.031137414351800553
2713,0,39.294644270014615,28.113146743066164,11.181497526948451,28.38040352506298,0.020986144631051844
2714,0,49.904904289767,38.35836031556052,11.546543974206486,38.71778277608291,0.013316105932525937
2715,0,37.378153305422316,24.882806746412257,12.49534655901006,25.051944872087873,0.037539295934138926
2716,0,44.50553254019847,31.637586346532043,12.86794619366643,31.8859076742045,0.026560829045388642
2717,0,48.52949452522536,38.15453473955651,10.37495978566885,38.507778991523566,0.036624318266004305
2718,0,36.55512921076061,30.3675083539035,6.187620856857112,30.893202011026304,0.05024789146132687
2719,0,46.75992343368378,34.05831163369268,12.701611799991099,34.26018728145303,0.02819677512513512
2720,0,37.60513022562801,24.578374058870534,13.026756166757476,24.74344184944054,0.04201924117247304
2721,0,39.80352000499591,27.0807519098444,12.722768095151512,27.264432368209985,0.03171948257244764
2722,0,38.93350250462561,26.15501752177239,12.778484982853218,26.306350721406535,0.04388472123562742
2723,0,42.164127770205866,29.196246577769585,12.96788119243628,29.44038951669981,0.028577238305752425
2724,0,42.04929512114852,28.610196991449943,13.439098129698575,28.826261792830635,0.02845257162775249
2725,0,42.71987530911271,29.815433517988854,12.904441791123855,30.005183618764324,0.04261787988748128
2726,0,46.035964627338885,34.49530821257162,11.540656414767263,34.85142538691644,0.027654103095400295
2727,0,40.32265518543937,27.127818340006243,13.19483684543313,27.36418359212555,0.035115677892843346
2728,0,42.78199748928937,30.227913251716583,12.554084237572784,30.44395162078759,0.030848351463581596
2729,0,40.90723433198445,29.661355698550175,11.245878633434273,29.92735786595702,0.05447107277101322
2730,0,38.54956336321645,28.752973984390106,9.796589378826344,28.757038280936506,0.043485345222620965
2731,0,47.358747162395034,34.52587968320768,12.832867479187357,34.715015484624836,0.03606871315899142
2732,0,36.211438896148664,30.00489791251908,6.2065409836295835,30.447331365673005,0.03309965577603735
2733,0,45.650264833478346,33.88879901820623,11.761465815272118,34.208927925078925,0.030798409944627115
2734,0,48.636314186197026,38.100435667514866,10.53587851868216,38.56632612264176,0.01654916544237535
2735,0,38.213529099926255,25.219840436885182,12.993688663041073,25.334559812008074,0.049335166111084114
2736,0,39.94149771995727,29.275689627165193,10.665808092792076,29.56014464302267,0.03232232105414828
2737,0,44.70028885183402,34.26558716442499,10.434701687409024,34.59232309043887,0.03224574613541256
2738,0,41.27587401700982,28.63346740852436,12.642406608485459,28.810095742192907,0.026850123916918506
2739,0,40.488865443770564,27.233256327609265,13.255609116161299,27.353146411367135,0.02955922137131695
2740,0,48.38733451824015,37.63718555843104,10.75014895980911,38.07765378473643,0.01619018980461398
2741,0,38.02024102416779,24.503375276085787,13.516865748082001,24.62642564932277,0.03533200108909512
2742,0,39.62179202659124,26.713679308258055,12.908112718333182,26.91199076265136,0.05045358513517401
2743,0,40.62851270830255,29.055382278865125,11.573130429437427,29.258954263737134,0.03511578113112542
2744,0,38.89743862888447,25.062900648987814,13.834537979896659,25.219242797950233,0.0368474506063322
2745,0,46.68704422596721,34.3269334261647,12.360110799802513,34.525100912095716,0.03609596194471741
2746,0,37.21016969821091,24.153637694811618,13.056532003399294,24.233026072811484,0.05631398322019908
2747,0,46.92147521303228,35.29068416347012,11.630791049562163,35.62277581600248,0.02963541564145317
2748,0,40.1683324174669,28.86412979671072,11.304202620756179,29.107191751300363,0.04948770497444715
2749,0,39.332540137170376,25.884638634986032,13.447901502184344,26.05487209473999,0.05031952078437974
2750,0,39.108220689419305,26.22772602058978,12.880494668829524,26.45433895899768,0.04376355088484155
2751,0,46.89323331129364,34.92286169846068,11.970371612832963,35.19462242075082,0.019800865914532194
2752,0,39.172681985997855,33.14812969754544,6.024552288452412,33.55540397794293,0.02561506529408388
2753,0,36.054535098360006,23.13025597684295,12.924279121517056,23.168578347303033,0.060288962766973354
2754,0,35.3986573271372,26.110508458519035,9.288148868618165,26.187432576152002,0.10911253172340345
2755,0,40.791616934137465,30.309559940438067,10.482056993699398,30.589871725362855,0.051793002908428885
2756,0,46.19908294608891,34.16664525934127,12.032437686747635,34.43948680449459,0.052279547725474815
2757,0,37.201082300905455,24.205725095616472,12.995357205288983,24.275742601950014,0.034970292582109194
2758,0,46.48974879397581,34.46241665509871,12.0273321388771,34.731299184799354,0.03209262010432022
2759,0,48.581466240687334,37.80613131336567,10.775334927321666,38.11393204707815,0.013774615103595487
2760,0,48.68308654770168,37.42719168292622,11.255894864775456,37.61022636966798,0.012792811513257103
2761,0,37.48833944776807,24.267816716201832,13.220522731566238,24.33559722244832,0.05512443723948248
2762,0,40.22234210020868,27.616769672823143,12.605572427385535,27.742399482206554,0.04561042783045301
2763,0,45.70854969878059,34.18318024763468,11.525369451145906,34.524463029009794,0.0167863962605993
2764,0,47.254257528877176,34.7308423332378,12.523415195639373,34.979077129386624,0.03221748035409905
2765,0,46.469256045112104,34.06742240382684,12.401833641285265,34.372500428495556,0.014100532983116962
2766,0,42.0974972475246,28.929736532502556,13.167760715022045,29.13882815921384,0.02568209451630556
2767,0,40.173392774342354,28.775451781469943,11.39794099287241,28.937805196783447,0.04369047538751177
2768,0,44.53683061893928,31.843273210013717,12.69355740892556,32.12506692947794,0.029499478784326558
2769,0,49.23608825163585,38.55177676671312,10.68431148492273,38.985671902460126,0.01593354588776457
2770,0,39.9963959045225,26.9694978124919,13.026898092030603,27.116296128421872,0.02652947041720792
2771,0,46.83809060304233,34.98919072245798,11.848899880584355,35.19205375303455,0.04130115439670507
2772,0,49.60244785267497,38.59640985307341,11.00603799960156,38.9248817313069,0.0320697334676624
2773,0,37.47719358179681,24.12296835608956,13.35422522570725,24.19665190864989,0.04274053263658046
2774,0,39.64017505415286,29.440504090313258,10.199670963839605,29.60464154192424,0.05546266356557221
2775,0,47.44971626669596,35.731036047261156,11.718680219434802,36.0183172522205,0.015848822746339274
2776,0,37.611602061184925,25.20468482198524,12.406917239199686,25.338056329924374,0.04069236104797325
2777,0,48.592212981256736,37.928780344050125,10.663432637206611,38.26021025392151,0.02457202312069505
2778,0,46.98111877710585,34.89419885806632,12.08691991903953,35.14148283980647,0.016585451547727677
2779,0,36.62360985483187,23.49247494042062,13.131134914411248,23.526698618255196,0.04676279074137062
2780,0,37.961947111683116,25.515315119077737,12.44663199260538,25.665586564158037,0.03739395362935238
2781,0,48.42060897369075,37.69388889573024,10.726720077960508,38.232313993224565,0.02299457873412522
2782,0,37.496197083537325,25.1203462995488,12.375850783988525,25.310658789055175,0.039091982597052766
2783,0,48.00909701407272,36.2407266744428,11.768370339629925,36.59305936844278,0.014487248532192519
2784,0,38.80185804399076,26.052606025671746,12.749252018319016,26.203086874791882,0.04619414025664901
2785,0,37.96615065343414,24.845529023831244,13.120621629602898,24.997071705943917,0.05022240796702266
2786,0,37.43716348760189,24.205075570323405,13.232087917278488,24.290011282857314,0.06657757661760279
2787,0,42.504606871371294,29.477390311263054,13.02721656010824,29.627817765974882,0.03887286955760469
2788,0,42.33056124583521,29.725096163334204,12.60546508250101,29.949981569731168,0.022509991142843654
2789,0,36.07788129015313,23.12992963564204,12.94795165451109,23.10295341943478,0.05829445523016837
2790,0,39.01022126565704,28.256173845157747,10.75404742049929,28.5246211471037,0.05180752079184588
2791,0,48.51731772465179,36.739474493723804,11.777843230927985,36.91609400268911,0.016732264988030553
2792,0,49.69132788702285,37.81768836789282,11.87363951913003,38.04630679912509,0.04195989636665943
2793,0,42.596757799023734,29.530731592164557,13.066026206859178,29.6899163760124,0.019712758493172576
2794,0,38.192559178133195,25.150112263160057,13.042446914973137,25.296691766603928,0.05295578792735576
2795,0,40.087780406710664,26.97572902363451,13.112051383076153,27.217021779590304,0.03802865141070983
2796,0,39.06598656727256,25.791487318474775,13.274499248797785,25.976592609231336,0.04795250770278082
2797,0,41.07938318037219,27.983584969909202,13.095798210462988,28.17823331071111,0.030656809996742487
2798,0,48.87302939944877,37.75714567570489,11.115883723743877,38.07575075912736,0.020213593209095927
2799,0,41.49555718118464,30.699841117667557,10.79571606351708,31.070007578796208,0.033707946488019475
2800,0,36.95191489110719,25.493986705555596,11.45792818555159,25.57545698293731,0.05304417280768159
2801,0,38.98520538135351,29.24027929483002,9.744926086523488,29.472680320677338,0.09705274319945346
2802,0,49.075799425910716,36.73361163908408,12.342187786826635,37.00322224167388,0.011194023687266741
2803,0,46.51130530189735,33.96486449883483,12.546440803062524,34.059071112400446,0.02412324200691366
2804,0,37.94618373345223,25.02326172126771,12.922922012184522,25.169130926376347,0.05977379079916966
2805,0,38.785376202055204,25.990601440038812,12.794774762016392,26.16326702618838,0.0243183941449299
2806,0,46.9429599974129,34.261481322365405,12.681478675047494,34.510104745305725,0.0277531580762551
2807,0,43.735431258014614,30.68192171092302,13.053509547091593,30.88210798323105,0.027351120245481364
2808,0,36.903607704349085,25.225809078457722,11.677798625891363,25.240889998732648,0.034982326551243045
2809,0,45.78634745619286,33.90192510624519,11.88442234994767,34.21670668181386,0.03016326222372231
2810,0,49.80296661714648,39.51089654141089,10.292070075735595,39.969716853672274,0.017398132428208965
2811,0,48.76757556300345,37.140495307980245,11.627080255023202,37.49786832479957,0.03146822422033417
2812,0,39.857298068799864,27.120431878243295,12.736866190556569,27.297195378782273,0.03329216506094431
2813,0,38.97538405670953,26.19374701562439,12.78163704108514,26.314171723546693,0.051174342421996415
2814,0,38.78301929236659,25.601211052163944,13.181808240202646,25.743322926358424,0.04646774753255327
2815,0,38.71862124414038,25.934500359645458,12.784120884494921,26.102711289105738,0.04069019734549581
2816,0,47.36247943272211,35.49299326766876,11.869486165053353,35.77803151356709,0.01760782563212456
2817,0,36.62185359236831,23.109181442357006,13.512672150011305,23.225152333297867,0.04120513702714885
2818,0,45.779911041109955,34.471474306282786,11.308436734827168,34.78842569135752,0.020369564745338
2819,0,39.27985786390738,26.411545611920623,12.868312251986758,26.50426039871838,0.03342291864554393
2820,0,36.785067700463,23.98070645318828,12.804361247274723,24.149250021445226,0.03537169162601258
2821,0,46.07330671682118,33.63685481296697,12.436451903854206,33.872838702000564,0.028201349871509636
2822,0,38.9757949432181,26.331019470381104,12.644775472836994,26.487371658985737,0.032086030118187885
2823,0,37.00014767469368,24.389152862230482,12.610994812463197,24.500022015736675,0.045490107914288
2824,0,47.43786870630629,36.42085450378407,11.017014202522219,36.8920971885632,0.029623315254474796
2825,0,36.779141943883374,29.932164572136887,6.846977371746487,30.06065428968071,0.025832799132578188
2826,0,40.28806406709232,29.832892952305194,10.455171114787127,30.106400818528876,0.05884949864737203
2827,0,37.45352093242596,30.5694195236739,6.884101408752059,31.081260155497578,0.023972126971524267
2828,0,44.007938372785574,32.56867223932261,11.439266133462965,32.85009546221829,0.046495562749810836
2829,0,39.67262287138281,28.475498196899675,11.197124674483138,28.67301437661362,0.02934775064071403
2830,0,36.51805203902758,31.703071519604293,4.814980519423287,32.11001953201534,0.056456495491171266
2831,0,45.582305563223755,32.89824513562512,12.684060427598638,33.062832538309664,0.017474984848061467
2832,0,38.826122888371046,25.604436094025328,13.221686794345718,25.75302073155074,0.04650748136910214
2833,0,48.848271747684734,37.78084312271274,11.067428624971996,38.16103175983538,0.016410186282123797
2834,0,48.432662131270106,37.243827209440724,11.188834921829383,37.659926598947166,0.01885733254027979
2835,0,47.759038296257145,37.170674659497976,10.58836363675917,37.54683367137697,0.01527334245087957
2836,0,40.8914985067177,29.181972524587753,11.70952598212995,29.266460155217473,0.04582720671483811
2837,0,42.56880438007039,30.020261803345104,12.548542576725286,30.244056362888013,0.02745564040289359
2838,0,41.765788541592244,30.6293815391407,11.136407002451545,30.882006670158244,0.05573977232104573
2839,0,42.07235171502535,28.723831234474787,13.348520480550562,28.95000271364369,0.03572091262922939
2840,0,46.28335178509252,34.08904834483037,12.194303440262154,34.20466907467064,0.025325208761571464
2841,0,41.386247740306096,30.66864124906147,10.717606491244627,30.98303174009826,0.04642453051014715
2842,0,38.80263018177675,25.47315679026909,13.329473391507658,25.47734568891494,0.029479317208156046
2843,0,45.161000786238716,32.0877950306636,13.073205755575117,32.27462519520319,0.03253434230056463
2844,0,41.31935421618368,27.806083857408296,13.513270358775387,27.99100436121584,0.03067974180172701
2845,0,44.804322620529064,32.40044077147075,12.403881849058315,32.58262460784779,0.017627077420934275
2846,0,49.04067463155691,38.179416476501686,10.861258155055225,38.39440859615871,0.02221249712825512
2847,0,57.14356629187719,56.311141542789755,0.832424749087437,71.32108135288429,0.03364057275497688
2848,0,46.52964858566109,34.10169713653106,12.427951449130035,34.38678778244167,0.03689558975694542
2849,0,48.801915224806066,37.58626570467946,11.215649520126604,37.85236191763608,0.017083885973592748
2850,0,40.57626794509133,27.420831872500916,13.155436072590415,27.647968024154327,0.03582445633168343
2851,0,35.77159292060854,23.427805982360614,12.343786938247927,23.43428580658116,0.05087414348359275
2852,0,47.80014637984115,35.72227614384735,12.0778702359938,36.006543780891654,0.014679676086792836
2853,0,43.97733042311761,32.016533276464024,11.960797146653583,32.43364382368834,0.03800555614669031
2854,0,46.360892528309236,35.462861704600265,10.898030823708972,35.99968470728854,0.038273284790696444
2855,0,45.90658248052917,33.852943359661964,12.053639120867203,34.11469146779781,0.05495194808573513
2856,0,47.86851238280697,35.140646770769166,12.727865612037803,35.34900124321999,0.01211569312909314
2857,0,38.41517301004694,24.758171155932455,13.657001854114487,24.874449028438754,0.04164668718997972
2858,0,44.63279346390142,33.80227807968708,10.830515384214344,34.36636509748244,0.026271867244654218
2859,0,43.67409129432785,30.951353113018456,12.722738181309396,31.1786391260158,0.025660072883474126
2860,0,47.474493231817874,35.16894142912127,12.305551802696606,35.40021305459879,0.015929966960652586
2861,0,37.97291304429006,25.78253302593429,12.190380018355771,25.874432450772378,0.055708207216300855
2862,0,38.860506184200766,25.633280351529272,13.227225832671493,25.737000296851246,0.04399094610590018
2863,0,47.8260774728912,35.11593444636753,12.710143026523667,35.36229162014382,0.02828086055508884
2864,0,44.65605064881592,32.83395187674455,11.82209877207137,33.184789719429936,0.04291476444396481
2865,0,48.30355346183717,36.702575520715044,11.600977941122125,36.839406541844596,0.02531858645593577
2866,0,48.110286245124755,36.427200933498995,11.68308531162576,36.73073398416065,0.010325900501077326
2867,0,44.25178031688422,31.34482086492974,12.906959451954481,31.49273435060683,0.03115825342919719
2868,0,37.58251098462439,29.60272174210839,7.979789242516002,29.83491726823232,0.029473383157734193
2869,0,40.12148559783827,33.07292344512731,7.048562152710964,33.51984757539789,0.035406037711980885
2870,0,38.52606499440023,24.593881907097476,13.932183087302754,24.719915805180374,0.04350995764270646
2871,0,36.306970123026474,31.169725155590655,5.137244967435819,31.93851268537521,0.05205331751768627
2872,0,46.02555052256453,33.63109030414918,12.394460218415347,33.869552991099795,0.029764953875888588
2873,0,47.9429128325271,36.923297817720645,11.019615014806455,37.170127097071926,0.038941905857148226
2874,0,46.60276925298774,34.43572994508015,12.167039307907594,34.663925040102114,0.028123125364861296
2875,0,38.648616959104515,25.865421892105072,12.783195066999443,26.007941631640303,0.03522336214691042
2876,0,38.58085307394237,26.142423535092423,12.438429538849949,26.254161102094734,0.06286555817880225
2877,0,47.29776201911372,35.11052669351923,12.187235325594486,35.41702384505598,0.020472018728111333
2878,0,48.769413491876136,38.12466743473645,10.644746057139685,38.50593275530071,0.013995331022883523
2879,0,49.55919335592883,38.0804696274071,11.478723728521729,38.33759082127954,0.01194110213851907
2880,0,36.92786332069247,32.04597464372437,4.881888676968096,32.9005665166664,0.038341046150678064
2881,0,39.185107847255836,25.675505618031796,13.50960222922404,25.811348469809932,0.04484705816320926
2882,0,40.02521137471522,26.989535300272866,13.035676074442353,27.177048501867837,0.02588549367238804
2883,0,41.14373106379087,27.720038060714536,13.42369300307633,27.95136215816119,0.04554448437777668
2884,0,39.60070676275893,27.158245846078508,12.442460916680425,27.387633691034765,0.05052357986613848
2885,0,42.65461632169517,29.68406048690015,12.970555834795022,29.878552299165765,0.036318096314985227
2886,0,41.890086778555215,29.423944433240052,12.466142345315163,29.655626178510243,0.05827102444173211
2887,0,42.83872615441115,29.36882877903144,13.469897375379709,29.60054822416446,0.025396886240498122
2888,0,48.726511709316796,36.91569110340845,11.810820605908347,37.18409275052583,0.054558245142036936
2889,0,47.27873998528611,35.39043960979302,11.888300375493088,35.68080220420623,0.02911894677818787
2890,0,48.66305909646843,37.880286430306896,10.782772666161534,38.166455219391466,0.015768641013926568
2891,0,49.31122594223855,39.071530509734856,10.239695432503694,39.439455656939955,0.03961529475837218
2892,0,39.875136015573105,26.33616315512018,13.538972860452926,26.495411550527223,0.04589843998685983
2893,0,38.89533374764651,27.792786539266892,11.102547208379619,27.941171486015424,0.042665646167719264
2894,0,49.66257323958112,38.92283584001436,10.739737399566764,39.26602054449609,0.019097559419481505
2895,0,49.42323309015583,38.99200892039367,10.43122416976216,39.27870485279307,0.024454901440476868
2896,0,46.36837059863444,34.044442706567104,12.323927892067339,34.27937875492009,0.029000741096007886
2897,0,47.08214289340542,35.53924651163379,11.542896381771627,35.87309741554236,0.023269472168129187
2898,0,48.86764491532499,37.813116041704504,11.054528873620484,38.228780353664845,0.014524821889874485
2899,0,38.0483829787304,29.500633404360798,8.547749574369604,29.607540488632004,0.06008340259474969
2900,0,40.53599590533872,27.56321790012751,12.972778005211214,27.792429967007692,0.037852255900996966
2901,0,41.503248400273364,30.801740649751693,10.701507750521671,31.136254854262123,0.04485574308368894
2902,0,36.89097515997241,25.885129971986693,11.00584518798572,25.971458191133618,0.03602770423388454
2903,0,36.16076927094072,31.117321663146637,5.043447607794082,31.568287354764344,0.030734933456732904
2904,0,39.08480776634076,26.455439984553344,12.629367781787415,26.53361433776746,0.04960576996733472
2905,0,39.404201987262894,29.273273782801805,10.130928204461089,29.434601557995908,0.03600704152188645
2906,0,37.44925936869353,24.14305992926906,13.306199439424471,24.206780544664937,0.04939235491561887
2907,0,46.41910222748321,33.67072803914578,12.74837418833743,33.904682918898864,0.017291807873694706
2908,0,41.129714603489035,27.968114966167228,13.161599637321807,28.19105025141227,0.03211845763520739
2909,0,38.09482915028027,24.49639392379043,13.59843522648984,24.625885818290822,0.03842171660773022
2910,0,41.57229972089888,29.38834044753962,12.183959273359264,29.604833568589722,0.04025572913963831
2911,0,41.03684323892506,28.32682828247364,12.710014956451417,28.522114295969086,0.02856863923262842
2912,0,40.44950553753047,28.964438802322807,11.485066735207663,29.194755904079006,0.026092903682674702
2913,0,39.21501050806377,27.969841368014237,11.245169140049533,28.174373956508223,0.02693389993484976
2914,0,48.25132076236338,37.85216287124089,10.399157891122485,38.23193858975101,0.020150553333102998
2915,0,37.4637808791647,24.704448408571203,12.759332470593499,24.74573456805664,0.06743793899071358
2916,0,43.643386024706004,31.17069834777263,12.472687676933376,31.378220112372613,0.028896050863577966
2917,0,37.77494146000319,24.634220774283918,13.140720685719273,24.733265597642877,0.03939033424013252
2918,0,42.188986537122304,30.8754354561591,11.313551080963204,31.29983952967125,0.04450046574230321
2919,0,41.781347269527956,28.313420222160648,13.467927047367308,28.5489004067015,0.035061409231554055
2920,0,40.525474058524296,27.54912193099898,12.976352127525317,27.776594894971407,0.02764427610142514
2921,0,39.90056624064218,26.629311088065403,13.271255152576774,26.840146784277817,0.03974000933824738
2922,0,46.64820053947689,34.6582754318305,11.989925107646386,34.91492319242454,0.02248187161576308
2923,0,49.35419467888839,38.34314547660772,11.011049202280674,38.56348539194691,0.018484958509222688
2924,0,35.557421173811754,26.06291159003664,9.494509583775113,25.962882126914206,0.08683969827166728
2925,0,38.950191603364075,25.601205502819564,13.348986100544511,25.75366644473394,0.06386084401838082
2926,0,37.303225605059396,31.16371755319197,6.139508051867427,32.07699679047427,0.043279221389265175
2927,0,39.235143047492315,26.4322345633782,12.802908484114116,26.52313512735456,0.0398674096886932
2928,0,40.37964511929859,26.819037156343324,13.560607962955263,27.031960440003548,0.030966370026375315
2929,0,38.12530838229398,25.76689390569777,12.35841447659621,25.869374623756563,0.04640676492243983
2930,0,49.59741042539679,38.204873701596625,11.392536723800163,38.46249008264422,0.020074985061420584
2931,0,40.80169639447126,27.925311642774016,12.876384751697241,28.10882632763946,0.030963776164538145
2932,0,48.38576682992105,37.48572402167406,10.900042808246994,37.81455957507745,0.046652351589119345
2933,0,38.92747709392513,26.121579509415586,12.805897584509541,26.345869350797567,0.03817186704312394
2934,0,37.89130191488138,24.58936719776571,13.301934717115671,24.726776401661397,0.053035350886961374
2935,0,46.41155450014996,35.084274161587174,11.327280338562787,35.394573176690244,0.054134804178314816
2936,0,39.547145068662715,28.575958300774065,10.97118676788865,28.715940471447496,0.049237279013295304
2937,0,38.578453105102525,32.29528979076888,6.283163314333649,32.513242602475074,0.026530324283832597
2938,0,40.37952250522481,27.239762321728453,13.13976018349636,27.415427416834373,0.022058179555323812
2939,0,36.20293061457939,23.709499243781636,12.493431370797751,23.794779766252205,0.029486511625938246
2940,0,42.1784826631301,29.513912972585477,12.66456969054462,29.644032425964337,0.02828645672632899
2941,0,47.21867534805182,35.01148469369997,12.207190654351848,35.2889279376086,0.018988481722075113
2942,0,39.31186433565331,25.993723557860893,13.318140777792419,26.144505016038828,0.035474865674941305
2943,0,39.40313006248992,26.355060222619095,13.048069839870827,26.59384924801226,0.05143358667091825
2944,0,48.00879511242947,37.183156118708155,10.825638993721313,37.73243890148359,0.016355233404893522
2945,0,49.09529218193974,37.182063490032434,11.913228691907307,37.476523344415355,0.011794177932142717
2946,0,45.57982702082772,34.400734168278646,11.179092852549076,34.698035901885135,0.02039013497304173
2947,0,46.6303723118003,34.00067835974795,12.62969395205235,34.19689115831181,0.02174604076026323
2948,0,42.008492348486726,29.51017402567396,12.498318322812764,29.69486055150399,0.03504779872237808
2949,0,48.7308470092303,38.3656139355017,10.365233073728604,38.57656444212579,0.027739549980198897
2950,0,39.014724074449965,26.774747113771582,12.239976960678383,26.964167646705732,0.03470566514261716
2951,0,45.17744952142232,33.6378449552723,11.539604566150018,33.90994229825563,0.020171261211849496
2952,0,44.96628898508631,31.956159926533655,13.010129058552653,32.15558295610589,0.01737984109253908
2953,0,46.87852312382141,33.893766258835356,12.984756864986053,34.05579671935982,0.03178229658238615
2954,0,46.35736804904869,33.82344903938184,12.533919009666846,34.05310127342386,0.020940143373196617
2955,0,46.55078884471641,33.92078003123028,12.630008813486128,34.09306896576252,0.019533928280640742
2956,0,39.793068692566635,26.673032232537004,13.120036460029631,26.836814300231687,0.054330650938749205
2957,0,41.681378396952354,29.013350361647728,12.668028035304626,29.189273716860576,0.0331444697936487
2958,0,48.833069748523585,38.37654303065381,10.456526717869778,38.7841905815638,0.01691884559950952
2959,0,36.781455588094786,32.44508143317906,4.336374154915724,33.13294913537976,0.044644173430953615
2960,0,37.643054324313624,24.709324186702208,12.933730137611416,24.774170584008967,0.07445316058494535
2961,0,49.33956984475961,39.119426516075954,10.220143328683655,39.60453363322955,0.018000945180885172
2962,0,39.500374327422605,26.27364821155234,13.226726115870264,26.43705124372871,0.04797912597500821
2963,0,36.249886890431334,23.720813829093768,12.529073061337566,23.76591315737163,0.03450590120384792
2964,0,43.04208140588922,30.249294961349403,12.792786444539818,30.463591054062178,0.034928874673818645
2965,0,39.84835116159137,26.768555334394463,13.079795827196904,26.93518089681998,0.05666988041703311
2966,0,49.354582613788324,38.88013710702491,10.474445506763416,39.25978368466224,0.034593952480382315
2967,0,46.51641230748743,34.52724358572236,11.989168721765068,34.80369348970706,0.020472104018212884
2968,0,46.21395290978836,33.628544859707105,12.585408050081256,33.85098904382286,0.028454313773762528
2969,0,37.89745430107574,24.065270505142937,13.832183795932803,24.175688409843904,0.05354433712557368
2970,0,45.06286555714246,32.00090546177185,13.061960095370608,32.19389953524494,0.018783099913871743
2971,0,39.055223557005206,25.9596686470215,13.095554909983708,26.06025344601265,0.04125536821860417
2972,0,46.43859272124355,36.21136704831653,10.22722567292702,36.72455734644512,0.032382653002231185
2973,0,46.81258187892358,34.13491651422381,12.67766536469977,34.24467505673608,0.014440098748449188
2974,0,39.176535253707,26.166207970729552,13.01032728297745,26.29110055626341,0.05335174180876499
2975,0,48.46179118512018,38.14965110171411,10.312140083406064,38.499542515984416,0.024832245964656444
2976,0,46.86530284565019,35.070752125793774,11.794550719856417,35.375747146226246,0.034442185753337316
2977,0,50.22691983641428,39.184023475996014,11.042896360418268,39.231806945738384,0.023767876482828652
2978,0,36.840906152294416,27.042996887765486,9.79790926452893,27.278474006887826,0.05741595337043396
2979,0,38.88668573571955,26.398263755685395,12.488421980034158,26.59313340714073,0.05816750195619352
2980,0,46.89573046083882,34.132657420386444,12.763073040452376,34.43037962990448,0.029241888516558113
2981,0,38.995056543874355,25.51890552456669,13.476151019307665,25.628313587287074,0.03585075413505481
2982,0,41.683951393183975,28.043400883306855,13.64055050987712,28.172596187220016,0.03742095044197344
2983,0,47.41916112561468,35.89998611869166,11.519175006923021,36.19811012072759,0.012848935499749681
2984,0,46.4383088314907,34.44493496459003,11.993373866900669,34.70366283699691,0.03180923102002038
2985,0,45.357581485863534,33.73024722046783,11.627334265395703,34.04473724451698,0.023692637283170358
2986,0,41.03786257985675,27.59520363127504,13.442658948581709,27.78487746218319,0.034319796981216066
2987,0,50.394421215172954,39.20592814194646,11.188493073226496,39.40323337491884,0.0349559295561153
2988,0,48.76492012377794,37.939583396195474,10.825336727582467,38.250012681987286,0.013542366607880494
2989,0,40.30343063382233,27.657890756512998,12.645539877309332,27.79798327184287,0.02987310878638367
2990,0,42.4037848125285,29.573660677609396,12.830124134919103,29.739176059303674,0.031228554396220156
2991,0,38.13911406309916,24.774898104532504,13.364215958566653,24.814991908690956,0.06903808470549629
2992,0,46.79883266975932,35.29881900368569,11.500013666073627,35.541771022972185,0.037854664794245416
2993,0,42.83382975655958,29.76250817135559,13.07132158520399,29.962164337651306,0.025683677886511394
2994,0,42.90612393362147,31.936037600140544,10.970086333480928,32.02167274878555,0.04133912887812886
2995,0,37.745955002170355,24.898955174496603,12.846999827673752,24.996075124867275,0.035311527366334985
2996,0,39.86921577559259,26.55693323391743,13.312282541675163,26.66925314657286,0.02548025975646502
2997,0,45.52713187322209,34.06528207934167,11.461849793880418,34.40265284965403,0.01992049327388827
2998,0,46.34106039953434,33.85510299437626,12.485957405158082,34.06322728303226,0.014587775733965684
2999,0,48.21252044276457,35.07289520711562,13.13962523564895,35.277038935635346,0.015242843066317381
3000,0,48.04446266620795,37.22717632879455,10.8172863374134,37.62906693778039,0.03583790495388208
3001,0,49.12869039301553,37.83822834063095,11.290462052384584,38.142439578248485,0.00908191406514817
3002,0,37.60090325244259,24.90928630665726,12.69161694578533,25.058210120730486,0.04770406045826926
3003,0,36.32130331185154,23.96929897510454,12.352004336746997,24.02100705528636,0.03399689342222747
3004,0,47.27021487332148,35.07257365942819,12.197641213893291,35.33911559170538,0.023426009364125137
3005,0,48.83847761099875,37.51047795863779,11.327999652360958,37.72170655831903,0.010931243545026413
3006,0,38.04662242624654,25.465288405910293,12.58133402033625,25.532731654787998,0.05689161005136242
3007,0,49.416866754350565,38.485056676627224,10.931810077723341,38.96237251463681,0.019862025993472313
3008,0,46.06695872857051,33.833711541244796,12.233247187325716,34.08033772129248,0.019025985178836923
3009,0,39.22647873857059,26.229717132836008,12.996761605734584,26.27912575705144,0.050563881513277856
3010,0,40.959427130175534,27.744192952017663,13.215234178157871,27.98873213036886,0.03831088766752648
3011,0,37.315021150360494,25.509930595211877,11.805090555148617,25.612300390683924,0.04694255440003623
3012,0,49.46458616351495,40.02689069208543,9.437695471429521,40.459487824716405,0.028748228861239077
3013,0,37.298354638128885,25.204444980503794,12.09390965762509,25.26270693618106,0.04260060898202023
3014,0,46.483687648042604,34.433104320867145,12.05058332717546,34.6493916508845,0.02129149335826836
3015,0,40.3117404451888,27.282765752652978,13.028974692535826,27.48119251996164,0.04539794623955934
3016,0,38.531771234091224,25.219735791812642,13.312035442278582,25.36961765640463,0.04142932757529805
3017,0,36.74780488987912,25.755852439989468,10.991952449889652,25.794003647214627,0.04681002977874039
3018,0,40.557017394632226,29.875265436221554,10.681751958410672,30.013718925259656,0.026109294910751882
3019,0,36.05582977826505,26.549919413453104,9.505910364811946,26.416706844921116,0.06089728589309442
3020,0,42.53490418448409,29.771180293515773,12.763723890968318,30.017349632468814,0.02286909690385639
3021,0,47.28427752028442,34.89051493947413,12.39376258081029,35.111137549973165,0.022397835654152855
3022,0,40.27679272549263,29.29090878301163,10.985883942481003,29.59624376184992,0.040979068163006914
3023,0,47.23721363959366,35.622157472294134,11.615056167299528,35.84626493787228,0.014419376889518658
3024,0,38.047614239398754,25.50151680102683,12.546097438371923,25.53713315087158,0.043159072205754184
3025,0,45.06443974225864,32.508694212987606,12.555745529271036,32.7849708502839,0.021819770100046154
3026,0,48.25555073402866,36.873436640589986,11.382114093438673,37.24145612316072,0.021295687413477718
3027,0,40.44916133221663,29.051913052177458,11.397248280039175,29.235123734518986,0.03163168698441941
3028,0,39.334236166744375,26.651444020811468,12.682792145932908,26.769472837646855,0.03747309610369088
3029,0,39.240503596721254,32.32094552351954,6.9195580732017135,32.974286370665226,0.02499274708052462
3030,0,39.872735527908645,27.13217126935502,12.740564258553626,27.34922198473994,0.03217298901964439
3031,0,46.22382109327826,34.312128626445826,11.911692466832434,34.57766428129595,0.032848838369732625
3032,0,44.441813997455185,32.21812450077557,12.223689496679611,32.52249387506336,0.01966861982598981
3033,0,49.07555621639314,38.57890180859599,10.496654407797152,38.96451899930541,0.014505025949286328
3034,0,38.3028413874179,25.659182816808606,12.643658570609293,25.830267723149564,0.055187567956599175
3035,0,37.601296436141624,24.437597106262896,13.163699329878728,24.540623277581545,0.09070394158254926
3036,0,42.87572242636871,29.66658499560197,13.209137430766742,29.83593756961124,0.03337917772635441
3037,0,37.03054882960181,31.620757696367008,5.409791133234805,31.981812762474885,0.07913815684152524
3038,0,40.406703487875646,27.233225431103044,13.173478056772602,27.402204575270268,0.05086594814423325
3039,0,45.30543594017399,33.49376432835584,11.811671611818156,33.74763507699885,0.015476407850128849
3040,0,39.78926957746613,28.210711031030744,11.578558546435385,28.444582345058862,0.03694266641357228
3041,0,39.32963048423776,29.367362764374736,9.962267719863025,29.341848892686397,0.042058523338803125
3042,0,36.71012184769553,30.187868854979506,6.522252992716027,30.942115734615253,0.03916891823624415
3043,0,37.210418522887025,24.458508937974603,12.751909584912422,24.67529811452193,0.05390488822253549
3044,0,37.44421787037106,24.492476517669225,12.951741352701838,24.560212233401934,0.031529524120352995
3045,0,47.76812819091093,37.38660171084182,10.381526480069105,37.679270240355166,0.02574722965231962
3046,0,48.3823433237702,36.975170054322504,11.407173269447696,37.42852084625265,0.019088685228818018
3047,0,38.557088948444616,25.323231529773153,13.233857418671462,25.458818949629197,0.03286626628222566
3048,0,48.69985300376892,37.56867264138858,11.131180362380341,38.11373847304301,0.01432105210442979
3049,0,44.032490868328,31.229514377786355,12.802976490541642,31.432263799632995,0.017164622611771613
3050,0,49.47446336440807,38.61143168649609,10.863031677911977,38.844541141394814,0.025867538814496913
3051,0,39.71080922207446,26.704703942281153,13.006105279793307,26.873556582299205,0.05795268059575922
3052,0,39.20074746797735,25.736292064407174,13.464455403570177,25.863530615513778,0.04010920390620623
3053,0,46.46365761391168,34.08021927894491,12.383438334966769,34.287047857660085,0.036802116095715376
3054,0,42.42309718508844,29.45109860775948,12.971998577328957,29.701907002923296,0.0269958515072858
3055,0,41.182021691756646,28.523417601199732,12.658604090556913,28.558044791734726,0.04502936836616609
3056,0,37.40381401205518,29.277537497052688,8.126276515002491,29.407158324998502,0.044988438688917866
3057,0,48.956365477337,38.02668450628917,10.92968097104783,38.469934486575205,0.014127480325536457
3058,0,36.54672851453596,23.871960771376216,12.674767743159741,24.00037939994361,0.049678178722409656
3059,0,37.15660257133257,26.2324995804068,10.924102990925771,26.35643233660529,0.04339461167746103
3060,0,47.49085352375734,34.898654302812446,12.592199220944892,35.19640262036692,0.03565758208785523
3061,0,37.611184608612795,24.51241652660159,13.098768082011205,24.634548422587596,0.04934742995867578
3062,0,45.92025126547833,34.135053925527885,11.785197339950443,34.45227309015343,0.020488613540154944
3063,0,48.03434931569399,37.417936110875246,10.616413204818741,37.78018163241008,0.009889281072004296
3064,0,43.58111943733849,32.32422217218995,11.256897265148538,32.77347492721839,0.03726551402960076
3065,0,44.35835317157617,31.892496808009586,12.465856363566584,32.14005372683415,0.01762093151695441
3066,0,38.43077112393496,32.30993918618711,6.120831937747852,32.753072280189855,0.0389232799504236
3067,0,46.90935470787588,35.15320179357551,11.756152914300365,35.41495778078806,0.02492987066514498
3068,0,35.667622342821474,23.48241327530653,12.185209067514943,23.50887049064794,0.060059890076006775
3069,0,40.025186230861806,26.825418647691137,13.199767583170669,27.03402573754974,0.03062205740764664
3070,0,44.03870946988489,31.62819021691932,12.410519252965571,31.84059362908427,0.04198671681202387
3071,0,45.96853524576585,34.03885056227843,11.929684683487423,34.29619563621214,0.03757234680712212
3072,0,42.300712832078815,31.297869781278667,11.002843050800148,31.70628293853056,0.058042317234172094
3073,0,46.50203271330176,34.4359346220639,12.066098091237862,34.78002401973197,0.02986905462777988
3074,0,47.54851517240702,36.28281213447276,11.265703037934259,36.579233103151324,0.010684281443317985
3075,0,38.31304238977593,27.28109535531484,11.03194703446109,27.365767665129365,0.10468760270057562
3076,0,48.43632590843005,36.113430041341886,12.322895867088164,36.3302916087345,0.020808482301586002
3077,0,37.798967269066935,24.145406035648836,13.653561233418099,24.24946464607858,0.03032941778633172
3078,0,40.91997206624515,28.236337483852648,12.683634582392504,28.44204559796359,0.03757639719431366
3079,0,36.66490692208693,23.38580571268664,13.279101209400288,23.395353874576465,0.02987368304936724
3080,0,47.58282997903544,36.91483130492869,10.667998674106748,37.50359342634886,0.038361723918258955
3081,0,37.73671552366575,24.478126384069157,13.258589139596594,24.592750331191816,0.052213866670098766
3082,0,48.58320298637689,37.095278157340466,11.487924829036423,37.38770917236651,0.015976570441819927
3083,0,48.21038440426868,36.838417939726995,11.371966464541686,37.14628472532543,0.012377617477414046
3084,0,41.52970415053943,31.09941758752327,10.43028656301616,31.731151519081827,0.06941944261789158
3085,0,37.116803337459956,30.173448491237725,6.943354846222231,30.749814068462797,0.04652909368351024
3086,0,36.901405873161366,24.367666229814255,12.533739643347111,24.537753203229443,0.03296954339700635
3087,0,45.08777500554082,32.38085143979741,12.70692356574341,32.57424106147043,0.016959988205714528
3088,0,40.390636195532565,26.740300104960816,13.650336090571749,26.895805129511924,0.033551398538035807
3089,0,40.74583770532385,28.898990123155787,11.846847582168063,28.97591901551149,0.03423858501119069
3090,0,40.22636726454451,29.752635192284167,10.47373207226034,29.976166573503097,0.04019074924426136
3091,0,49.01531854384028,37.9800394947236,11.035279049116681,38.27901300901988,0.015608774383333652
3092,0,38.582602950371474,25.47423549725164,13.108367453119833,25.59037039529715,0.060448582208024584
3093,0,42.21992928998618,29.202297795619696,13.017631494366487,29.470769028938943,0.0325412614162613
3094,0,37.1224671159854,23.796337474806222,13.326129641179179,23.85573291273498,0.044502866032361484
3095,0,45.86186198478762,33.95885214446655,11.903009840321076,34.27203774053713,0.0317749408547882
3096,0,39.17258726515041,26.648581383494378,12.524005881656034,26.787483647583677,0.036282688081407936
3097,0,46.303478803442815,34.27988350699869,12.023595296444128,34.50713689918213,0.030921093587292166
3098,0,48.617386313696414,37.27301124494936,11.344375068747055,37.31298002555168,0.01808009453047711
3099,0,37.46515920821447,24.461309023675298,13.003850184539175,24.579029777715547,0.053242476354818435
3100,0,48.54783780384473,36.661220417838194,11.886617386006535,36.939293400163905,0.009964694486263597
3101,0,46.024338714917974,33.9029596327383,12.121379082179672,34.102440546893504,0.029345408553112722
3102,0,39.70683219484559,25.92757175024065,13.77926044460494,26.043002766550813,0.03526397350891734
3103,0,46.33444218793444,34.86348476714344,11.470957420791002,35.20226794490225,0.019680978308673377
3104,0,46.8364115848854,34.543911636317745,12.292499948567652,34.7832411849746,0.020684318910211188
3105,0,48.905949370676765,37.404290797634346,11.50165857304242,37.46413458454005,0.027640503602534266
3106,0,41.870909418319556,29.205572652858866,12.66533676546069,29.449669888550975,0.036821189368329
3107,0,41.2671343054639,28.116681729917257,13.150452575546641,28.33785125979383,0.03496823452476972
3108,0,36.511044731912,29.494217813053865,7.016826918858136,30.366099012292164,0.03416625993651259
3109,0,46.054070865258524,34.075917584324145,11.978153280934379,34.38002724716739,0.028335159589865964
3110,0,39.89702633833656,27.094127369289648,12.802898969046911,27.32185130208891,0.022972453479797712
3111,0,40.6724955158873,27.7859143669784,12.886581148908899,28.012709491807133,0.03549079018104761
3112,0,36.759076744193706,24.142845733991315,12.616231010202391,24.259481026042465,0.036798795264308584
3113,0,46.324462800609666,34.00126775921737,12.323195041392296,34.24809595170656,0.024568080708798255
3114,0,39.27798883613073,26.18968937603139,13.088299460099343,26.326200863807887,0.046584002449362824
3115,0,35.93184839335904,23.418704069661032,12.513144323698008,23.463022344454096,0.02994142681431301
3116,0,46.8492466279572,35.56072348138771,11.288523146569489,35.7867556682682,0.05556361339906262
3117,0,39.734183265000226,32.403036237829106,7.33114702717112,32.80706918077085,0.029443362325625378
3118,0,42.77141767886552,30.263503245416427,12.507914433449091,30.484021992854363,0.04285407188674787
3119,0,38.87796770361866,25.683060011306456,13.194907692312203,25.790593172061637,0.05588859415122056
3120,0,39.02982520310837,26.215781932899954,12.814043270208419,26.241699660057307,0.0339227382194272
3121,0,41.11927820550494,27.585574234175645,13.533703971329295,27.742265870286847,0.03492155120818385
3122,0,46.798766813356764,34.71235850215295,12.086408311203812,34.94453311865084,0.01352077797754003
3123,0,37.28659789583121,24.608084781291208,12.67851311454,24.81707119091199,0.04626330991040087
3124,0,36.75178715629823,31.693246400851983,5.058540755446245,32.22606991391547,0.035521341968275014
3125,0,44.6423397159661,32.44242405263414,12.199915663331964,32.64645946152321,0.016793503571081003
3126,0,49.11282837542079,38.5040717788547,10.608756596566089,38.72513334794448,0.02563757984276672
3127,0,46.89345995337857,34.72889090262227,12.164569050756299,34.98368851284994,0.01846759081906087
3128,0,39.952822393982316,28.8457620451735,11.107060348808815,29.048006217790704,0.04309641220127831
3129,0,38.83891987225403,25.554325621937856,13.284594250316175,25.72126491811743,0.0706082664068182
3130,0,49.02461417146624,38.048716320593456,10.975897850872784,38.193994797333744,0.014169329468734424
3131,0,47.86128537555528,37.49072758836944,10.370557787185845,38.02760721146922,0.04937782933115221
3132,0,48.85838953694082,37.73813421424805,11.12025532269277,38.041958424562196,0.012797656184723295
3133,0,44.333198911932044,33.74525780957923,10.587941102352815,34.2412335839994,0.0391154580125089
3134,0,47.00717179984056,34.605786091019894,12.40138570882067,34.86390000647852,0.022802351203696426
3135,0,37.553124491914005,24.372882533246738,13.180241958667267,24.545610796650834,0.04841587555739213
3136,0,46.23024030954325,34.3362355238489,11.89400478569435,34.692109755817874,0.02680036766937651
3137,0,39.056791596510415,26.50757919790108,12.549212398609335,26.683286017477545,0.061544508191407075
3138,0,38.250148972822416,24.77737328839054,13.472775684431877,24.8458230827244,0.030593574438999734
3139,0,44.501768742067696,31.759116748046065,12.742651994021632,31.93361197444527,0.024190925454802486
3140,0,48.4067943504609,37.07524341747174,11.33155093298916,37.31371537367431,0.017308602260436443
3141,0,39.67503642289559,28.739286425326284,10.935749997569303,28.80676232138183,0.044621245929142475
3142,0,41.65070044763958,28.418757613252605,13.231942834386974,28.626798590922736,0.0312864667748558
3143,0,39.69754800230582,26.83236123723243,12.865186765073393,26.98763838105169,0.050892592226032936
3144,0,46.31549971362793,34.35769694801071,11.957802765617217,34.670281084476706,0.028498908410024466
3145,0,37.52691955991278,24.95398373485862,12.572935825054156,25.03500078635298,0.04506770848317223
3146,0,42.055938200476305,29.27067652885131,12.785261671624994,29.370911891499684,0.057408670769952486
3147,0,39.464556181127925,26.558537077684345,12.90601910344358,26.733713163451842,0.02424620095166425
3148,0,38.22132482047824,27.9805010106727,10.240823809805537,28.499113944819953,0.05043139833834555
3149,0,48.03808073395642,36.58064652257625,11.457434211380168,36.93606898150087,0.010979992446743156
3150,0,38.38067567501925,27.67834030893071,10.702335366088537,27.778888394867433,0.05440482820668084
3151,0,45.14957299615756,34.31338758224565,10.836185413911906,34.610818452851845,0.05306268387166932
3152,0,40.19653958665501,27.078517492189928,13.11802209446508,27.229027452099917,0.027829313280236277
3153,0,38.5968445558062,25.691447706769903,12.905396849036297,25.786988785274005,0.047455815388740684
3154,0,39.49925988197573,29.111441550309166,10.387818331666566,29.408873554752684,0.03650841787687734
3155,0,42.7151690147882,29.888218037894966,12.826950976893237,30.094114013593252,0.020262622789892062
3156,0,47.48377945744119,35.53487494217677,11.948904515264417,35.78250350070782,0.023113031758022682
3157,0,38.16035609628081,25.010350961815234,13.150005134465573,25.072720629057656,0.04433710281563163
3158,0,57.70901064087204,55.03741996514978,2.671590675722257,62.226528043210635,0.04553117954417408
3159,0,39.09707062420018,26.190351802540288,12.90671882165989,26.298305379234296,0.0421909723553327
3160,0,37.89547635380987,25.108441608624503,12.787034745185366,25.19610614233164,0.06403352735707983
3161,0,39.546069664743484,29.149116549062608,10.396953115680876,29.246536171466722,0.04263944945364236
3162,0,38.6062576491869,25.53259059521647,13.073667053970432,25.675821090793896,0.047826643021886585
3163,0,39.95523031935517,27.027399386532778,12.927830932822388,27.268160133582413,0.049268474180862734
3164,0,40.98554054649031,27.847536055337752,13.13800449115256,28.105318062649093,0.03491011111605125
3165,0,48.55671824200384,38.75131861917916,9.80539962282468,39.26218094306864,0.013070212777196508
3166,0,38.51515064336854,28.06231271497658,10.452837928391961,28.17133589928479,0.05181529377416722
3167,0,48.47288272493033,37.80076732916393,10.672115395766397,38.12441684522123,0.04176720641475883
3168,0,45.2392330193842,32.90724625519961,12.331986764184592,33.10480205754702,0.017867968896576852
3169,0,48.88953160134716,37.54267005030485,11.34686155104231,37.575630661238065,0.014077819485661372
3170,0,49.50394795064078,39.260100147413134,10.243847803227645,39.48927268712083,0.02163761475451244
3171,0,37.27919753025844,24.549640505072418,12.729557025186025,24.697773553618646,0.06380323275538707
3172,0,41.557370417508864,28.540217712482406,13.017152705026458,28.653267233026273,0.05774027610598663
3173,0,39.58889321065645,26.7737592223292,12.81513398832725,26.95564128249412,0.03407167001135759
3174,0,37.2061272607215,24.80195209621907,12.404175164502433,24.9423107221661,0.036311755763827704
3175,0,37.59925362696802,25.771745780161137,11.827507846806885,26.023031904906535,0.03341136656238682
3176,0,46.45314106397082,33.78557056615017,12.667570497820648,33.97961251235127,0.029635305950778464
3177,0,38.300879273547324,25.256537241155442,13.044342032391882,25.448494567532265,0.03023068105335816
3178,0,39.96525934658098,28.958221937696454,11.007037408884525,29.207931271204753,0.04730337649748849
3179,0,38.11497320129909,25.222105274999848,12.892867926299239,25.339537478598587,0.044933441586709186
3180,0,36.80890876255546,24.278832171872253,12.530076590683208,24.388106960529917,0.03457609248650314
3181,0,48.60140403221051,36.85072148494157,11.750682547268937,37.122369232266166,0.013639751494442959
3182,0,46.9368455178256,36.001547903418945,10.935297614406657,36.345836801882186,0.012794807453377247
3183,0,39.466997164149376,28.77724235765211,10.689754806497266,29.219573890315207,0.051525379170121136
3184,0,41.52866084053862,28.69573535330109,12.832925487237532,28.915399392272214,0.030790419731753907
3185,0,47.30958028120379,35.25726820318005,12.052312078023746,35.46301862032377,0.020848024714418822
3186,0,46.45948100110387,35.19242957885963,11.267051422244236,35.482477361189126,0.014448830986474821
3187,0,46.679168279790304,35.45962189145847,11.219546388331835,35.834153356989205,0.020125199731663056
3188,0,44.94747014304325,32.946673325833316,12.000796817209931,33.178622913919554,0.015317658558859654
3189,0,44.50068984158277,31.988273158799494,12.512416682783275,32.242643895844296,0.02623805455647664
3190,0,40.32727475401198,29.254437340481,11.07283741353098,29.6829482420122,0.029207043445559768
3191,0,37.53951384895947,24.32756729039688,13.211946558562595,24.44443598431871,0.0534889233574771
3192,0,40.67299365905906,29.308411023387617,11.364582635671443,29.622793126593223,0.02705739872978371
3193,0,38.67788252416538,25.23105714985313,13.446825374312255,25.35678698606794,0.030573143966551346
3194,0,38.43877024281892,25.564418478732527,12.874351764086391,25.63675145155853,0.0733996877936484
3195,0,46.58332759609763,35.48555786317523,11.097769732922401,35.800477797126106,0.02737771270630622
3196,0,47.8459294750305,36.91485173490282,10.931077740127684,37.29297435358022,0.01918614216709818
3197,0,49.61414687837909,37.48035228524951,12.13379459312958,37.826229693980835,0.018267277183412086
3198,0,48.69007126331897,38.83343426812702,9.856636995191948,39.30572363832472,0.02851047539921211
3199,0,37.19054687160056,31.883713747116612,5.306833124483948,32.36174331372379,0.06833548367203979
3200,0,38.851575279786246,25.934294522135858,12.917280757650389,26.09590032181703,0.029120819976306125
3201,0,40.113685025515174,29.10513149744059,11.008553528074586,29.28065901330535,0.033206612921730994
3202,0,49.2592481074153,37.86371785959423,11.395530247821071,38.004658510584775,0.029877952477216342
3203,0,45.550816923031604,33.3760909503043,12.174725972727302,33.631511578870445,0.020553785592685773
3204,0,42.33198674475709,29.32870204012288,13.003284704634208,29.522853859150928,0.04421850783093395
3205,0,40.80442721544283,28.734467956378484,12.069959259064344,28.859053386545998,0.03623547557815847
3206,0,39.10249130583457,26.129921635978306,12.972569669856263,26.28487576049864,0.031177163236184496
3207,0,48.819881276433264,38.1744313683929,10.645449908040362,38.42387530581952,0.016373693700207317
3208,0,39.245464685512005,26.513867947069812,12.731596738442192,26.510150346729286,0.031685912922082005
3209,0,40.91819050261188,27.911670635051486,13.006519867560392,28.122542441987083,0.04775892730737404
3210,0,41.82756871358865,29.265662379579815,12.561906334008832,29.466099990621803,0.0382122563937877
3211,0,38.5232048878721,25.353205990496978,13.16999889737512,25.46521247681706,0.02809240100463244
3212,0,41.902400161756646,29.1312988248599,12.771101336896745,29.29322026650226,0.0508704045970496
3213,0,37.840198828831674,24.892002271691066,12.948196557140609,25.042332429550974,0.05270305266652782
3214,0,42.97357832587079,30.694839705417923,12.278738620452867,30.908501647492976,0.03443404498463608
3215,0,47.69232393491035,35.07071420786937,12.621609727040976,35.26302913441119,0.017306648376743197
3216,0,45.6284812979151,33.67544586377335,11.953035434141754,33.84623417053694,0.015316469167818232
3217,0,39.47005206383163,26.57784998216649,12.89220208166514,26.704752762840634,0.0360484551285819
3218,0,38.864437646103056,26.476043332134942,12.388394313968114,26.571663475058628,0.05071825286677243
3219,0,40.55881808396421,32.53561550794906,8.023202576015152,32.76888514993148,0.01975228800122014
3220,0,46.14527036967006,35.92940575390821,10.215864615761845,36.24529182559121,0.03858526060852498
3221,0,42.77362398169561,29.68955318496471,13.084070796730899,29.89074772608682,0.037093794353746934
3222,0,49.083565448659726,38.04748881698859,11.036076631671136,38.218648401793175,0.013078817042768316
3223,0,39.5144240192141,32.40841375556204,7.10601026365206,32.98557629771294,0.02049317108014911
3224,0,45.50658855713331,32.633190733733436,12.873397823399877,32.83172534110332,0.027182377273427417
3225,0,49.20535887279482,37.84467391662314,11.360684956171681,38.24895141181796,0.018095766146724302
3226,0,37.97196173822108,24.53267464156373,13.439287096657353,24.605861496071878,0.03909617665255078
3227,0,41.989243953557676,29.814230280035627,12.175013673522049,30.08543589260572,0.028614238475889113
3228,0,37.369501194073095,24.492929201773062,12.876571992300033,24.612368910625676,0.04057239966512254
3229,0,40.1804411079268,27.45375665563913,12.726684452287667,27.657095421804254,0.031179737745856806
3230,0,39.64721582139325,26.010831591006664,13.63638423038659,26.11009701728506,0.028734347613894883
3231,0,46.192055318499726,34.22013945391295,11.971915864586776,34.51085988032901,0.026038165885198757
3232,0,40.131072953107505,27.430033318639346,12.70103963446816,27.620223059632863,0.03996622318712544
3233,0,38.33997588429931,25.443965660574342,12.896010223724964,25.589409927167083,0.03438843302113618
3234,0,38.928013820312685,33.17222460800602,5.7557892123066665,33.67601683151021,0.049107577318246595
3235,0,42.5104870212176,29.347971205206253,13.162515816011346,29.579170832310304,0.039964449378928776
3236,0,49.35463890051358,38.05817165465935,11.296467245854231,38.315936209415,0.05020290107831697
3237,0,37.42028025631535,24.246054201789903,13.174226054525448,24.315273392721558,0.059470519721507145
3238,0,48.783248675030364,37.92477269525719,10.858475979773175,38.16492043124806,0.020789486457683935
3239,0,41.73655766101419,28.49570056438377,13.240857096630418,28.704145982929827,0.030028723384998818
3240,0,41.665308329094444,28.978296776301296,12.687011552793148,29.171711195233684,0.02839207829605078
3241,0,37.311737781920435,32.01922458839417,5.292513193526268,32.74204524532185,0.03746191195646593
3242,0,46.250464162403446,33.839780662147746,12.4106835002557,34.1064822676191,0.028286740835572113
3243,0,47.063318881265275,34.74723285889381,12.316086022371465,34.95648836783978,0.032193866747871606
3244,0,46.649306747762964,34.08812405052643,12.561182697236532,34.29349689577112,0.024587349703988313
3245,0,39.51872212328108,28.48950641897338,11.029215704307699,28.682801098099958,0.027510864023266333
3246,0,47.73436796162164,35.5471206397091,12.187247321912544,35.79267263607453,0.012379122812191532
3247,0,38.41110600148173,27.12761235935228,11.283493642129446,27.420413005046,0.030997569495537836
3248,0,36.61797704898173,23.985159224415874,12.632817824565855,24.06547724102073,0.030775979277048466
3249,0,46.95750776893426,36.56129585771255,10.396211911221712,36.978121091549596,0.011503871882943755
3250,0,37.16413156132495,24.364014908097516,12.800116653227434,24.460801380445215,0.057022068836125255
3251,0,43.10410892120623,30.490634002333625,12.613474918872608,30.70459854018362,0.022439238506860595
3252,0,37.45248561456316,24.28946872977532,13.16301688478784,24.39167037973321,0.07809923236825951
3253,0,38.369819939040866,25.767057028453888,12.602762910586979,25.919817346898913,0.041346080255788675
3254,0,39.973237527238226,28.198865058440102,11.774372468798123,28.406613293447432,0.041547674509518365
3255,0,37.14793784942762,24.29921701293545,12.84872083649217,24.463630075521593,0.06407008231464098
3256,0,45.93402322980762,33.27610116227618,12.657922067531445,33.45609923049649,0.01940273608289456
3257,0,47.29474778190725,35.2929678632443,12.001779918662947,35.605257677002555,0.01574982046002428
3258,0,40.91913585857878,30.95475882643606,9.964377032142718,31.248711993764637,0.0645672476618938
3259,0,48.55577751498677,37.94686924895561,10.608908266031165,38.516223919507425,0.05684603112496339
3260,0,40.27155729190325,27.673449876698474,12.598107415204776,27.803966222588084,0.04493408373340462
3261,0,37.555804516292156,25.887348301246117,11.668456215046039,25.95648411243437,0.04065428332564667
3262,0,38.80938701814652,25.651404627005828,13.157982391140695,25.76379810907616,0.028271016354733343
3263,0,46.31893109612419,33.904615829615686,12.414315266508503,34.10967673377101,0.01658008208166093
3264,0,41.03062466589883,28.683968982080675,12.346655683818152,28.917018168063382,0.034146197496361365
3265,0,36.81295206501238,23.567054649738168,13.245897415274214,23.57880847913401,0.04436240910126733
3266,0,45.539407016244525,32.8505831975976,12.688823818646924,33.01871583939311,0.018345492193327585
3267,0,48.858107726341174,38.59152985571656,10.266577870624616,38.937701650683515,0.023088841738053645
3268,0,38.82881602587264,25.800177486963076,13.028638538909565,25.884434101855476,0.05425720549918707
3269,0,38.29483170921972,25.441741051014077,12.853090658205645,25.653696675886284,0.04619883759880679
3270,0,42.6560577826224,30.380497076160374,12.275560706462024,30.653903194822693,0.01988615579111014
3271,0,41.103520554556894,28.794853086782897,12.308667467773997,28.995883781217156,0.03925990987710928
3272,0,37.96878072641675,25.10679832311527,12.861982403301482,25.272219879837404,0.053863876814980616
3273,0,35.851505801424864,23.35368345821305,12.497822343211812,23.392246289065355,0.03410349966420028
3274,0,42.08729019898087,29.154126569553398,12.933163629427469,29.334549812047317,0.047083839229627625
3275,0,36.553170778084315,23.898181457442092,12.654989320642223,23.94567219517858,0.037944962188288335
3276,0,49.24707437531845,38.56752683643802,10.679547538880428,38.81151430643722,0.031436717187122966
3277,0,37.67523199792335,24.58947528896457,13.085756708958776,24.725521082629037,0.03276229468227143
3278,0,39.657930817888925,29.318978980209714,10.338951837679211,29.47456696920811,0.04648257193264955
3279,0,46.6931934791655,34.37493366892757,12.318259810237933,34.61661609091024,0.01906311009523112
3280,0,41.61687468897449,28.432364444384532,13.184510244589958,28.613204869498432,0.030746810126134477
3281,0,49.05288723867014,38.2798098353807,10.773077403289435,38.48076653583887,0.017321015704332168
3282,0,37.80166188245545,24.782839128637573,13.018822753817876,24.967721581780875,0.04827915032691434
3283,0,39.663771729315826,26.608000326012448,13.055771403303378,26.832118529315505,0.04168678666213611
3284,0,39.03854358958682,26.166647071882227,12.871896517704595,26.333898518611537,0.03936804608392048
3285,0,44.970358785177794,32.653492785088886,12.316866000088908,32.817455793759756,0.02708392236508718
3286,0,37.49365231210781,24.858386620576546,12.635265691531266,24.97026315778205,0.03900050486964686
3287,0,38.631157881993545,26.234490994507826,12.396666887485718,26.37628574377717,0.030664120598418637
3288,0,48.532574244381294,36.996576182151,11.535998062230291,37.27129424522307,0.014648226049716528
3289,0,43.40871206487135,31.15305827074173,12.255653794129621,31.66970643927367,0.05608200292453405
3290,0,46.36639949962773,33.84224971329874,12.52414978632899,34.037667578268525,0.015846166511373348
3291,0,48.95556264885762,38.603795540656265,10.351767108201358,39.015348714449935,0.019740262892155778
3292,0,36.32110777504033,31.867987138962345,4.453120636077987,32.26188043180463,0.05221626696015704
3293,0,41.621417469216524,32.605645752184586,9.015771717031939,33.05661016936891,0.02694036093066971
3294,0,46.93856937665089,35.63018515249421,11.308384224156683,35.88780463886198,0.01609712909651224
3295,0,40.02519329372727,27.14260857662426,12.882584717103011,27.279546185467215,0.023486076303557184
3296,0,49.00262743012084,38.51269137077544,10.489936059345396,38.80055497313092,0.0210746463486859
3297,0,48.5687758623489,38.574441537292344,9.994334325056556,39.048926367293646,0.030649645772272194
3298,0,36.21181975646809,31.10271581380312,5.109103942664969,31.714540312553005,0.06084166196703065
3299,0,40.01119128769244,26.766180892050187,13.245010395642254,26.877332966651263,0.04320385744334937
3300,0,37.654127305727314,25.677143004795994,11.97698430093132,25.779559388793334,0.038633558918156403
3301,0,37.581320214760716,25.70744819691087,11.873872017849845,25.945622676731155,0.05683631304271938
3302,0,40.272773513358615,28.64856724517532,11.624206268183293,28.985301260913783,0.03908485216346832
3303,0,44.852963736975994,32.81304177591895,12.039921961057047,33.06876000634701,0.059941475766465094
3304,0,40.415122912499776,27.03157427027839,13.383548642221385,27.234790021211193,0.03821693915954259
3305,0,38.96238844011543,25.671637129368587,13.290751310746845,25.810824300008534,0.03130243214611824
3306,0,40.333362976290175,27.413370769014374,12.9199922072758,27.674277149854785,0.02879951876159753
3307,0,49.375275005085925,39.50452722802609,9.870747777059833,40.11413715113409,0.0193243416632403
3308,0,42.6751677969372,29.85632148730721,12.818846309629993,30.027013070559516,0.023168922382981814
3309,0,37.70752858176463,25.548827717371957,12.15870086439267,25.7352984436362,0.06514438855505832
3310,0,37.05636130044474,24.15876787631746,12.897593424127283,24.24825772911575,0.04836438643355371
3311,0,41.668195970720774,28.34425472837854,13.323941242342233,28.432798304614995,0.05991892680502157
3312,0,41.39787328584826,28.479320647895847,12.918552637952416,28.674644628515072,0.03242836820401316
3313,0,39.1790357835098,26.955394261725058,12.223641521784746,27.166810461814386,0.027826321520647693
3314,0,46.7994828873354,34.647564592125605,12.151918295209796,34.87689990865661,0.022852344341791946
3315,0,48.76452120821847,37.19175021645702,11.572770991761452,37.340007792984586,0.015546529227032958
3316,0,47.99681635790695,36.596073722605695,11.400742635301256,36.926136300984396,0.023433063980067028
3317,0,41.29433942533286,28.366551302012912,12.927788123319946,28.597760298425122,0.036683568436726016
3318,0,47.2255522310856,34.790115628572664,12.435436602512937,35.01474862985907,0.029033592377683628
3319,0,46.52558221674373,34.474465407013284,12.051116809730445,34.72107627778095,0.014116574706593362
3320,0,36.571648883099925,31.158451389233207,5.4131974938667184,31.604968100782283,0.047878783665831724
3321,0,45.275705198794896,33.05256126089054,12.223143937904354,33.31536958607776,0.03129517965319371
3322,0,38.19491296784184,25.06761616830019,13.127296799541647,25.239386245468978,0.03284532611734448
3323,0,42.86466736413021,30.161238511328033,12.70342885280218,30.39536043290774,0.03688166119205528
3324,0,46.87041375965332,34.114264949594286,12.756148810059031,34.443902676562146,0.031801651609477934
3325,0,41.87372305383218,28.81994561957612,13.053777434256059,29.003627633873553,0.03574091043707372
3326,0,41.97305248682035,29.368473983740078,12.604578503080273,29.557142003767186,0.03823652599326584
3327,0,39.96713473909668,26.924797239897106,13.042337499199572,27.15113958109247,0.03572637534727637
3328,0,49.36718511948435,38.1726551246624,11.194529994821949,38.52971535516598,0.010456549622443837
3329,0,43.38585041279897,32.30484375186985,11.08100666092912,32.713823968757,0.06205416978044796
3330,0,38.2707377634037,25.941953734557504,12.328784028846197,26.065471100747317,0.04870274035026549
3331,0,49.002741566402534,38.82664937691389,10.176092189488642,39.22654361428435,0.01838133308358846
3332,0,39.061650733991456,25.46344180720962,13.598208926781837,25.544151459239295,0.035544773052301276
3333,0,42.77204113763942,29.690705207730975,13.081335929908445,29.891611154033463,0.03096760673496269
3334,0,39.54976054997398,26.70803720557057,12.841723344403412,26.94989834083356,0.030250627551147175
3335,0,37.95691405200793,26.00067914747465,11.956234904533282,26.189581348784873,0.041247744329413284
3336,0,46.35775020761655,33.645361713847805,12.712388493768742,33.82221547217651,0.021747875390567627
3337,0,37.85490098766323,25.158710444408484,12.696190543254744,25.22578303067349,0.05858205960799871
3338,0,47.32287756170871,34.94357243754395,12.379305124164759,35.260502693721634,0.018004464961064715
3339,0,36.90355731238504,23.744254210769896,13.159303101615144,23.815545380635594,0.044655490927626246
3340,0,39.875232630369624,28.59930655052531,11.275926079844314,28.708476245766718,0.027813120160963625
3341,0,39.50177755356812,28.884136960890068,10.61764059267805,29.282201565904384,0.026632426626999304
3342,0,37.1388464673586,24.25585436317782,12.882992104180776,24.368239284079156,0.054681781566638284
3343,0,38.554921972796876,25.467467503783887,13.08745446901299,25.598380501612713,0.04413990047691272
3344,0,36.67949679938138,23.889652680895832,12.78984411848555,23.948952375413903,0.07176460837277666
3345,0,42.90097789281377,30.04287670570982,12.858101187103951,30.275064116145543,0.034298262984932576
3346,0,39.04994050833872,26.69494286641716,12.35499764192156,26.875392929847532,0.03293160320999479
3347,0,45.807092661023745,33.38693461411167,12.420158046912078,33.5347041202936,0.013760798380177588
3348,0,48.665890016828016,37.82804552062794,10.837844496200077,38.1337469162136,0.011986770273158151
3349,0,49.993210388228206,39.005240144306754,10.987970243921453,39.30381425611198,0.034197521778803856
3350,0,47.162467659417715,34.82319589808684,12.339271761330878,35.08181046831669,0.038222003808253746
3351,0,36.807593613924524,31.23142173207512,5.576171881849405,31.68151921437175,0.03405189557874486
3352,0,49.03763619203809,38.15697126952402,10.880664922514072,38.659464324660206,0.019940971795647404
3353,0,46.631649221331514,34.16132153383106,12.470327687500458,34.39310529131028,0.013332754180909534
3354,0,43.61179577653482,32.98954084372613,10.622254932808687,33.51115557973357,0.05022316589276956
3355,0,39.50778971351411,26.798968014521726,12.70882169899238,27.018770719134995,0.03615546160795414
3356,0,41.90855580355506,30.696595717482136,11.211960086072924,30.900375757126934,0.051043931743252724
3357,0,48.693082261794856,37.76325175533944,10.929830506455417,38.17240543897872,0.02555239320447085
3358,0,48.851907932955115,37.69880823119466,11.153099701760453,37.895601614388596,0.016294206675401084
3359,0,46.76370971642437,34.30784314907433,12.455866567350043,34.470527841988016,0.021299421198012813
3360,0,39.505258529627106,26.107117158982888,13.398141370644218,26.23109851052343,0.02793239478952261
3361,0,49.25985681724994,37.61155473923401,11.64830207801593,37.958092345841195,0.017051110947076963
3362,0,38.75074598847394,26.30737414490228,12.443371843571658,26.414591146979753,0.034513213691405906
3363,0,40.22743829250594,28.494652446255227,11.73278584625071,28.68288770786882,0.040028075822874494
3364,0,41.9044838792677,29.542429640618813,12.362054238648888,29.80224411123022,0.034844812902637905
3365,0,49.950388033811095,36.99970058479698,12.950687449014112,37.252931767022815,0.01346368290595667
3366,0,41.13635775101926,27.649469441226923,13.486888309792338,27.737356879902823,0.03224535469025969
3367,0,42.35369407250465,28.83037434822859,13.52331972427606,28.934222898746686,0.03343890752492826
3368,0,43.84699886158181,29.903652590082892,13.943346271498918,30.0725614980927,0.017908968474745234
3369,0,41.98798876378447,28.034460193384174,13.953528570400298,28.210463389215267,0.0288403150922059
3370,0,40.1269077839992,29.666208352360847,10.460699431638353,29.852734257732966,0.019716399793413317
3371,0,39.79254301089672,30.063417802358323,9.729125208538399,30.38410909529515,0.03360969160385076
3372,0,46.588195141698236,35.18725554882904,11.400939592869193,35.60676827930763,0.02224749275508149
3373,0,42.72966051486242,30.292888304234427,12.43677221062799,30.474075447424582,0.021965914642313077
3374,0,40.797924191813166,29.772278267606957,11.02564592420621,30.2147758807227,0.040795550705650815
3375,0,50.86213841208614,39.4434706235553,11.41866778853084,39.89853414860118,0.02411249877318508
3376,0,41.08936522457053,27.984750390404866,13.104614834165663,28.074974492009204,0.024510643660405517
3377,0,42.36626380313905,29.072932735379915,13.293331067759134,29.163540829338988,0.021931028706161412
3378,0,45.618848800059254,32.44194812840493,13.176900671654323,32.63484535761319,0.02345030638715336
3379,0,40.80030916940224,29.201751415853252,11.598557753548988,29.386229451570365,0.02870607538018874
3380,0,40.19599035223365,34.12599031562854,6.070000036605109,34.62708677295271,0.04116092239688457
3381,0,43.02146871595352,29.72388732759578,13.297581388357738,29.817467377605162,0.030377918270932214
3382,0,40.67647241533467,27.801321375198274,12.875151040136398,27.907944887954077,0.032595433553983366
3383,0,49.9775151041995,36.96803039204516,13.00948471215434,37.15448254226792,0.015468349887133028
3384,0,37.360027168570696,31.79642778549272,5.563599383077975,32.67692490747429,0.03294855149463567
3385,0,41.49025924729706,29.909854655889685,11.580404591407376,30.17620517752717,0.03267563259089632
3386,0,44.50218057659936,31.52930389249164,12.972876684107717,31.699258299876387,0.04047832378058038
3387,0,50.98227085120118,39.66197113046691,11.320299720734269,40.149803442926526,0.02110758511273689
3388,0,39.502120165854066,29.05337825367449,10.448741912179575,29.161106902851525,0.04235763475314419
3389,0,48.75858460461001,36.40812355735294,12.35046104725707,36.6916621187716,0.026543540934735925
3390,0,39.36309430532601,34.440063918273324,4.923030387052684,34.735884721557,0.024755615198987658
3391,0,39.408616364368555,30.366261830963943,9.042354533404612,30.60470131222606,0.04662063592854644
3392,0,50.63363065474424,39.11623080447462,11.51739985026962,39.32008115327008,0.01630148927588256
3393,0,35.66508822422793,29.594600702268597,6.070487521959333,30.577197090588573,0.022917988833609758
3394,0,46.287118316146945,33.2037821691763,13.083336146970645,33.42784120924949,0.024017876586066935
3395,0,45.73831144627256,32.733007875991106,13.005303570281455,32.932459570434986,0.02572070816781369
3396,0,40.13221860473445,29.35509261026257,10.777125994471877,29.595405981735293,0.025048106458490572
3397,0,46.440425772151855,33.820786457062994,12.619639315088861,34.02411631198649,0.029544993961937008
3398,0,40.767970541944536,29.93756441817529,10.830406123769247,30.15551666040027,0.028742701138986748
3399,0,48.84119912657289,36.80029346020872,12.040905666364168,37.0788612974399,0.01765269879666835
3400,0,42.947783473690706,29.869439161949675,13.07834431174103,30.11862179801879,0.016166823577395302
3401,0,48.3077932625238,35.47817403762437,12.829619224899432,35.67896320467979,0.019171329624417754
3402,0,55.40833247592471,54.03801457486706,1.3703179010576463,66.68331991375531,0.031116945220738917
3403,0,43.28201691986432,31.576086290313572,11.705930629550746,31.84640061938166,0.023835590041883084
3404,0,50.48444696016453,38.654041581786984,11.830405378377549,38.949785778509934,0.020937891488168825
3405,0,42.78756123707309,30.410509458216286,12.377051778856806,30.646417931449687,0.0489407012384602
3406,0,49.13072881503888,37.26626675405598,11.864462060982902,37.52387769545988,0.01909802614254839
3407,0,51.82952977498228,41.817837337338545,10.011692437643731,42.401670924477074,0.016023575046729088
3408,0,42.95314747270194,29.212078431175808,13.741069041526135,29.33307990381929,0.031295691543009
3409,0,43.888193124059086,30.459958314142632,13.428234809916454,30.651356548644568,0.032193387184948574
3410,0,47.704705287673406,36.610440751423255,11.09426453625015,37.05471842815663,0.07091328335315737
3411,0,38.386639086374586,29.149450173625873,9.237188912748714,29.57193166070011,0.02699389643231898
3412,0,42.39715403357843,29.35845570407973,13.0386983294987,29.50234468172135,0.015987443798799874
3413,0,51.836183791835225,40.87510031212814,10.961083479707085,41.30965885966144,0.011158690385226079
3414,0,40.04181121099897,27.23366465746995,12.80814655352902,27.32776953792333,0.024134107346347185
3415,0,42.789162027858936,29.599699367408082,13.189462660450854,29.74335137430354,0.018941749193055173
3416,0,44.33988429253105,32.045046142072536,12.294838150458517,32.29056941924497,0.032497826059875175
3417,0,43.68742066105236,29.269792509511174,14.417628151541184,29.38092390611828,0.023411639885738623
3418,0,50.01214497890231,37.97319379160287,12.038951187299446,38.25606127701596,0.01856200868041241
3419,0,41.17265134737886,28.332286684596728,12.840364662782132,28.42291079570376,0.026556536053492296
3420,0,49.47313523691888,37.1998769575071,12.273258279411777,37.47753455330438,0.008979666850407866
3421,0,44.13266935015824,33.80806146129504,10.324607888863198,34.4745862901581,0.04775637747604975
3422,0,41.50252662071409,29.85151239056561,11.651014230148483,30.081375544792,0.016192520193752103
3423,0,42.992142027886786,29.68063817325729,13.311503854629496,29.822541313798833,0.018585486786394625
3424,0,50.761365864843555,39.26512210455376,11.496243760289794,39.6469568626472,0.009082599719233168
3425,0,36.88878822974682,31.96321394878731,4.925574280959513,32.63219455447209,0.04186560970395803
3426,0,40.71596634289382,27.80718958033375,12.908776762560073,27.878501299073143,0.041213664254240376
3427,0,39.257265122280884,28.760663118755122,10.496602003525762,28.77807127039147,0.07751291958274666
3428,0,45.23913682176878,34.31693955563469,10.922197266134091,34.770520586801155,0.02623060419378679
3429,0,49.820817098350204,38.485143870236094,11.33567322811411,38.74116447506834,0.016650432518503396
3430,0,41.81227396176395,28.469739068237992,13.342534893525958,28.622571220675088,0.03135083799201817
3431,0,48.56295041462691,37.42450663473318,11.138443779893734,37.81587618613966,0.02830881877235367
3432,0,46.780807193743854,34.028793948751726,12.752013244992128,34.287482641832355,0.02303230587383153
3433,0,47.42794282149376,35.89128693590108,11.53665588559268,36.235979770810935,0.026672943668926117
3434,0,41.32565793390515,28.4715356050954,12.854122328809748,28.516668953872948,0.03419858857438532
3435,0,41.22984118466849,29.780307666803907,11.44953351786458,29.958711664206376,0.025950927386046617
3436,0,50.701313998682025,38.96816970671637,11.733144291965658,39.23421706353375,0.02664638562086195
3437,0,49.18066493555578,37.150880720508994,12.029784215046789,37.44593536667462,0.01350512447302019
3438,0,51.850683659168155,40.59950483367075,11.251178825497405,41.015793102708585,0.012906560742927455
3439,0,47.0075705140179,34.34056346979328,12.667007044224619,34.546399335600626,0.02342001939296716
3440,0,43.62805936808675,33.67173587873498,9.956323489351774,34.265360660212465,0.02419214065541443
3441,0,49.031743792232575,36.05444994749931,12.977293844733268,36.224672574397815,0.0163139434690568
3442,0,51.263779810023664,40.98940492592942,10.274374884094243,41.54609324135134,0.009212647692686338
3443,0,43.151154396522855,29.694957322409643,13.456197074113213,29.769356777581848,0.019311839077121338
3444,0,48.5272888441976,36.385734362370314,12.141554481827285,36.61063328533946,0.02233259336147563
3445,0,47.59089673776941,36.60326799889251,10.9876287388769,36.98773187095078,0.029515401138539305
3446,0,37.56751004381573,29.015504731751996,8.552005312063734,29.322975184381267,0.02277073663060806
3447,0,71.79652099332391,74.04702283503659,-2.2505018417126763,78.13138937621973,0.0018174583368147576
3448,0,49.63939831924114,37.81732471556102,11.822073603680117,38.08054762057459,0.010420786160894523
3449,0,44.99437452123111,31.592741749497865,13.401632771733244,31.786113455688632,0.024540223117214068
3450,0,39.38168311492112,33.257212910253656,6.12447020466746,34.1847418899217,0.020481965424948727
3451,0,51.27841174368993,39.51998693355786,11.75842481013207,39.88052133786979,0.01716479037397999
3452,0,40.94130337094224,27.523685525508345,13.417617845433892,27.55544742543029,0.04038327143395359
3453,0,43.139355942449356,29.556621746513137,13.582734195936219,29.694910402913372,0.03485398390336236
3454,0,49.7963165155339,39.27274434370964,10.523572171824263,39.82738628035773,0.016174124422364607
3455,0,36.608876086438286,29.41760922059128,7.191266865847005,29.97413566233723,0.033504956366684206
3456,0,50.09384505670731,37.355567550723805,12.738277505983504,37.50401995141927,0.015320504064009387
3457,0,46.014176504031255,32.342948581327136,13.67122792270412,32.507205023931824,0.023999557744375528
3458,0,43.38199765179054,29.365812583320455,14.016185068470087,29.496518041808983,0.02087605605880012
3459,0,41.102681562038214,28.240656018047673,12.86202554399054,28.32204913648633,0.03412140290295037
3460,0,47.0857915829848,34.57229248483944,12.51349909814536,34.75863660493275,0.013553718517313818
3461,0,47.52501381594375,34.73717307148547,12.78784074445828,34.940558141513435,0.02126516329474378
3462,0,40.48476798587495,27.271316123107482,13.21345186276747,27.324900436472582,0.02551611140071361
3463,0,43.4841442739212,32.03664898495845,11.447495288962756,32.49979469836086,0.01931177455319504
3464,0,52.31252121034436,40.064477835765594,12.248043374578764,40.34789788375805,0.010127131319920707
3465,0,49.38995762283248,38.68954689647649,10.70041072635599,39.1347214223574,0.05050091988750606
3466,0,47.099849847299424,34.82179857245302,12.278051274846405,35.05679651983449,0.01565622742953058
3467,0,42.041051711012386,29.674744734797596,12.36630697621479,29.714374752027158,0.039971608784173766
3468,0,41.42513991589993,29.957366163380218,11.467773752519715,30.175784449828424,0.018433339368184466
3469,0,42.98601485515397,29.324914843434822,13.661100011719146,29.480812009812784,0.02539727553485345
3470,0,46.568978767879784,33.8123527709497,12.756625996930083,34.00989970705666,0.018233960435924335
3471,0,45.079008959978054,34.77454492073373,10.304464039244323,35.235301540380746,0.03590160512472079
3472,0,44.32267671559771,32.408739286983504,11.913937428614204,32.73983914033302,0.028208892718493844
3473,0,44.524543117524104,29.67993925520728,14.844603862316823,29.829634834176503,0.025123898413117483
3474,0,43.0905869584459,32.32179379335565,10.768793165090244,32.731416583136124,0.07446454260554428
3475,0,52.42887266048473,41.78612396527204,10.642748695212688,42.20682245104091,0.025693947944780457
3476,0,50.64781816982678,38.3980008009135,12.249817368913277,38.64581732174031,0.016795709213961615
3477,0,43.21165250216134,29.16704143368503,14.044611068476314,29.28256385955263,0.024304971494533808
3478,0,41.22773821021688,27.81755887698283,13.410179333234048,27.91354124014646,0.03488654912896485
3479,0,48.20478415442351,36.95407868923615,11.250705465187359,37.31164400785853,0.01718102566923528
3480,0,48.171163401491455,35.9299673205067,12.241196080984757,36.160787372849825,0.015419111678975193
3481,0,44.71513243851339,31.061744548615252,13.653387889898141,31.23859388445851,0.03240194135459913
3482,0,35.46456792392016,31.32353792523828,4.141029998681876,32.61785358379694,0.025959319798060414
3483,0,50.938978399465114,39.95436971626262,10.984608683202495,40.50878813638323,0.015036162216924952
3484,0,52.53567274217346,41.375440041439205,11.160232700734255,41.97173518277803,0.014409742391923629
3485,0,41.73950691870736,28.530902463455,13.208604455252363,28.680867594851335,0.023783677878505466
3486,0,42.33155525013676,29.618492502598627,12.713062747538132,29.738568790354837,0.016650148613227687
3487,0,43.08958622038685,29.82997795183818,13.259608268548668,30.008742798986784,0.02302525771028227
3488,0,40.20536977891238,28.00924815036633,12.196121628546049,28.075974533319876,0.03782974135231413
3489,0,49.812899527122156,37.265133265212704,12.547766261909452,37.50055268516462,0.01455265966247689
3490,0,40.291594884631664,27.077399338582616,13.214195546049048,27.117668257104395,0.03298235773042062
3491,0,51.342804191771094,39.56682154334277,11.775982648428325,39.91287543083124,0.008869214255671946
3492,0,41.634571813565444,28.56717454418245,13.067397269382994,28.745479894775155,0.024898552902117583
3493,0,39.34479872661309,29.52440876774018,9.820389958872912,29.69084959827985,0.022682670074401765
3494,0,49.442306763202424,36.951125842373955,12.49118092082847,37.2396036825742,0.012226504369319399
3495,0,42.44462721238564,28.56481223445141,13.879814977934231,28.68580391434927,0.026204022486949648
3496,0,39.713274332336226,27.236376104793568,12.476898227542659,27.38717368961441,0.02708840247636979
3497,0,45.712691573149996,35.266207479791674,10.446484093358322,35.718291171452705,0.0366037093239448
3498,0,43.16584142062473,31.06026219869931,12.10557922192542,31.29361423648683,0.028192507942809295
3499,0,43.82240164982694,34.26064006201267,9.561761587814274,34.807280671827115,0.014186360559080723
3500,0,42.08914692763615,30.241862529346704,11.847284398289446,30.471562935251164,0.029101166134897747
3501,0,45.37945573454496,34.294689148665626,11.084766585879336,34.698421035047204,0.02657912588008915
3502,0,44.534891009447676,32.19999542146544,12.334895587982238,32.44475434996559,0.04134058711886319
3503,0,39.80159747656508,30.490673752084483,9.310923724480595,30.743617045921443,0.028219093951241524
3504,0,49.65597979651781,37.70806409836147,11.947915698156343,37.990921805127904,0.01039319357921205
3505,0,45.73501842909771,32.58147872242505,13.15353970667266,32.79607932364428,0.02578204423581745
3506,0,49.900270246415445,39.01667486102933,10.883595385386116,39.49721497269496,0.04242812499182697
3507,0,46.498445790418145,36.045421659371826,10.45302413104632,36.55444157528199,0.028458198114125654
3508,0,52.96543874542046,42.05486420160382,10.910574543816637,42.40780589487012,0.018542698820069026
3509,0,44.73793863868548,32.29181892304794,12.446119715637536,32.5586554642086,0.03459074133965023
3510,0,47.63606624533345,34.87797341994623,12.758092825387223,35.10547693457305,0.017042817569902984
3511,0,57.19981204489949,54.60313709882786,2.59667494607163,63.2805626026812,0.041750090367909574
3512,0,40.70228593934256,29.94526339554244,10.757022543800119,30.134705566750792,0.026573127305740997
3513,0,50.91219234160292,38.522719524664446,12.389472816938472,38.72269963588518,0.018332417495062113
3514,0,45.27341494802097,34.197753830399336,11.075661117621635,34.67230650781235,0.018773227753148183
3515,0,41.82690091063877,28.75183021627822,13.075070694360551,28.936879439769736,0.030196304926379404
3516,0,49.13554621112736,36.381924648040815,12.753621563086547,36.54400675162259,0.018042563113347235
3517,0,46.42404610073433,33.37564167341552,13.048404427318808,33.564405634564665,0.017197122238049034
3518,0,49.729962799429785,37.59196050518424,12.138002294245545,37.885806906803616,0.020930142164620462
3519,0,49.35022291245821,38.24674335958403,11.103479552874177,38.50106381189772,0.04834031470744955
3520,0,72.06678323784207,74.56016024554707,-2.493377007704993,78.13354392232759,0.0018064982859005078
3521,0,48.40569679718713,36.695968326318145,11.709728470868988,36.980478769274484,0.026714146497462333
3522,0,48.42408672642469,37.403563125822004,11.020523600602687,37.646153077467865,0.029634544568448152
3523,0,46.77830902326414,33.576129249430835,13.202179773833308,33.792494939047586,0.021261659645545813
3524,0,40.49037676986151,27.378914273422918,13.111462496438595,27.407241790731582,0.040991878313174565
3525,0,52.90532176745498,41.64510493467705,11.260216832777928,42.072209134390036,0.006863907949925854
3526,0,57.631890214797764,47.478157013191506,10.153733201606258,47.849022674434224,0.014249549915502908
3527,0,44.74916002141265,33.45595381943653,11.293206201976119,33.774455857664904,0.032760666424446715
3528,0,49.3587252678352,36.968296467759174,12.390428800076023,37.215871124442344,0.020361142222158596
3529,0,49.22715674939053,37.90532690473012,11.321829844660414,38.157164207635034,0.010342765980012793
3530,0,42.616806013831166,28.826086190897705,13.790719822933461,28.912427780138668,0.02210705858029192
3531,0,49.045479347855206,39.52015895609371,9.525320391761497,40.06620663172181,0.02982096709630769
3532,0,48.42379656306754,36.41411729396333,12.009679269104211,36.7172238572401,0.01740079953919937
3533,0,50.65842658774706,37.92012421954814,12.738302368198916,38.17409672239432,0.02699298664495818
3534,0,41.917228218842396,28.97203203640105,12.945196182441347,29.08934078868835,0.023114801864400784
3535,0,42.83716691146098,28.96307621108481,13.874090700376172,29.06723083359451,0.03675857104865455
3536,0,50.170615509096265,37.11857055804578,13.052044951050483,37.32277005128707,0.015995892131549796
3537,0,45.33466881493648,34.63457814469925,10.70009067023723,35.18065443940215,0.03046440184014667
3538,0,40.55631974037797,34.516944792233645,6.039374948144328,34.773250159150166,0.05096087654532223
3539,0,52.81501267635852,40.31875805963619,12.496254616722332,40.71509432410797,0.015226414199283196
3540,0,47.872632694167294,34.98755757251176,12.885075121655532,35.21505938664253,0.02336593328714682
3541,0,42.580574626995556,30.27928289987119,12.301291727124365,30.588991525687305,0.026604901037847566
3542,0,37.24018001194166,32.45940688152146,4.780773130420201,33.172101925112216,0.023203294278520643
3543,0,43.88240250903655,29.34203582377253,14.540366685264022,29.488906616492528,0.048573855949412686
3544,0,40.442331774761186,31.422288658336434,9.020043116424752,31.72625112815419,0.022816613142205778
3545,0,48.60449088477685,37.540018202444884,11.064472682331967,37.913431999781025,0.015647329580094117
3546,0,36.85886621543982,32.74267902660369,4.116187188836129,34.19434165131295,0.025033932702680492
3547,0,48.585072233099936,36.601236372620846,11.98383586047909,36.89938589463107,0.019725977294873447
3548,0,41.88302936880194,28.045685284964723,13.83734408383722,28.18470584394365,0.02400232631982917
3549,0,43.40258982856162,30.35405758642789,13.048532242133728,30.43650127659365,0.032032673075194494
3550,0,49.08764120452025,37.177703348141456,11.909937856378797,37.50936945677999,0.01246149083030696
3551,0,52.1730315916935,40.79435154016818,11.378680051525322,41.14739864175482,0.01213295136892232
3552,0,52.24240762324841,42.65594335937212,9.586464263876294,43.17764266992994,0.014022733258983417
3553,0,40.108580253569,30.695535906418755,9.413044347150247,31.227694909036696,0.026086042638511706
3554,0,46.127258823289765,32.75839805109791,13.368860772191852,32.94664808214191,0.025045534104628835
3555,0,42.17244809660477,29.066639558736778,13.10580853786799,29.26208140611219,0.029448214524882974
3556,0,41.09868761699438,30.066782707723686,11.031904909270697,30.245062874410092,0.016777567236684224
3557,0,43.05540867803376,29.530605335847724,13.524803342186033,29.694529619681003,0.021147725447286738
3558,0,47.29861995199607,34.58917119235838,12.709448759637695,34.81117084099387,0.022296956796981366
3559,0,44.554557863223295,32.57902589897873,11.975531964244567,32.83062910221702,0.019312226220679123
3560,0,40.62143335877148,29.6944278317989,10.927005526972582,29.83792044362215,0.025483561230693924
3561,0,48.26305843343337,37.706813226665474,10.556245206767898,38.10349791017052,0.028381268387598357
3562,0,49.80396324932211,37.3374460806515,12.466517168670606,37.59373615516503,0.013267635559091046
3563,0,43.644697438248556,34.59710121173393,9.047596226514628,34.935284477039275,0.026485583393337717
3564,0,46.20607125120023,36.06382293411183,10.142248317088395,36.59487121787494,0.029502360853034523
3565,0,42.094706866797324,29.41435671463056,12.680350152166763,29.63856594909751,0.018462841858085353
3566,0,42.88337400445279,32.30149808498528,10.581875919467507,32.86699493991617,0.02244927842979253
3567,0,46.27617764088251,35.84351226052975,10.43266538035276,36.31320698044287,0.030581474052021357
3568,0,50.659692137147346,39.02965312539146,11.630039011755883,39.27477511402587,0.033572145131138084
3569,0,50.18484495157003,38.309959016205966,11.874885935364063,38.62630667052022,0.018525136283126152
3570,0,49.03796562643912,37.032019491603194,12.005946134835924,37.34369595109935,0.01647707716111793
3571,0,51.182704197014345,39.7048750939783,11.477829103036044,40.00651605669427,0.023889751932190346
3572,0,42.853873105874285,31.406124577439854,11.447748528434431,31.696015874813522,0.039606042027341075
3573,0,40.332126638511895,29.444626404679454,10.88750023383244,29.653312751309155,0.0334705545128106
3574,0,56.02829014457066,54.66935607852902,1.3589340660416411,67.35378822655166,0.03866763185283672
3575,0,44.538082246565864,30.61135802091529,13.926724225650574,30.764005860681042,0.02789871329999517
3576,0,37.055687650489375,30.991647913143005,6.06403973734637,31.808299795493262,0.03164814058562535
3577,0,42.41142252473236,28.738656807710296,13.672765717022063,28.842265855994004,0.018283096664143753
3578,0,41.67497776462429,31.245944646050617,10.42903311857367,31.646277625943785,0.03103633547045754
3579,0,41.30751916486477,27.939462593123544,13.368056571741228,28.010569991239866,0.02272687326551083
3580,0,49.71368301921329,38.09453390857401,11.619149110639285,38.41665059715607,0.02516733807109869
3581,0,46.63337154256352,33.52391354422959,13.10945799833393,33.70190642762354,0.018823285415169998
3582,0,43.5046337538604,29.476601438958784,14.028032314901619,29.65221789316501,0.02386385152160151
3583,0,44.684672208335996,32.84964979101487,11.835022417321127,33.08787331354757,0.043226535452645494
3584,0,40.18781529912782,29.56554332644399,10.62227197268383,29.74227424070772,0.02938009661589041
3585,0,43.90928300731214,31.383816346679723,12.525466660632418,31.574133467279292,0.02138940196403261
3586,0,44.381469193212524,33.29403889508784,11.087430298124687,33.746105011086144,0.03528546830330086
3587,0,37.03439214673858,32.47130401359974,4.563088133138841,33.31023329934807,0.025854849108991683
3588,0,42.14227896372401,28.148220675061605,13.994058288662405,28.159056043130875,0.027913730168442206
3589,0,48.84139057043225,35.83584607631802,13.005544494114233,36.05836317607081,0.024827258265153626
3590,0,39.895261855604396,27.43057697265948,12.464684882944916,27.52608594131635,0.03586375785789635
3591,0,56.355261468649616,54.65279022692124,1.7024712417283752,61.94285619717036,0.032537557742891805
3592,0,46.71133502743288,33.17267758513583,13.538657442297051,33.330075280300626,0.015439472203918458
3593,0,46.44147286994283,33.352438879757585,13.089033990185243,33.60289422366803,0.020343408896414426
3594,0,42.76822176463523,29.20602443499677,13.562197329638458,29.35531265476915,0.01800095055787903
3595,0,48.84517493165116,37.305913417104044,11.539261514547114,37.644196503627214,0.021125197993818644
3596,0,46.90838423912673,36.15810539979201,10.750278839334726,36.463926367888575,0.023888684630035982
3597,0,39.04811143490187,28.302326151712982,10.745785283188887,28.54383499929838,0.02480818284174246
3598,0,39.8871392394189,27.063063159989195,12.824076079429705,27.049966980045394,0.02267663493649538
3599,0,42.01879955704234,30.031111603304215,11.987687953738128,30.35168176158751,0.047912112424562066
3600,0,42.00811903130709,29.148679144389284,12.859439886917805,29.36257689262651,0.02516248802263864
3601,0,41.370972040176426,29.382290811432362,11.988681228744063,29.552467200861944,0.01713755805088601
3602,0,40.77815614810624,27.99045910977754,12.787697038328702,28.099065669348224,0.04431045568414151
3603,0,50.09742562469522,40.26966739692165,9.827758227773572,40.856590098776564,0.02082646798804776
3604,0,46.614088634984995,33.60528345340005,13.008805181584947,33.75623898275089,0.032032526820961554
3605,0,37.95926920375216,33.0653655841984,4.893903619553754,33.95929554121878,0.01835552566386689
3606,0,40.697540217039645,28.0411385793143,12.656401637725345,28.02520701699251,0.034370458806067164
3607,0,42.664445289806764,29.230334131988965,13.4341111578178,29.314642934227418,0.05682266877291116
3608,0,45.19605897385847,34.755299582126604,10.440759391731866,35.1277912986811,0.025004514523732587
3609,0,43.20523905222154,30.13749899239414,13.067740059827404,30.339156343554865,0.038264899314456514
3610,0,36.684770110783674,31.50126343787642,5.183506672907253,32.34111024787106,0.03768921513641254
3611,0,42.13672352069025,28.84640738457267,13.290316136117582,29.07582191425576,0.02597772847423317
3612,0,39.71410923309648,26.708704418088313,13.005404815008166,26.731063821087524,0.04116501321381185
3613,0,47.25515878848627,33.81655444541721,13.43860434306906,34.0005442881818,0.026317135080547196
3614,0,50.069908691581006,37.44242654616012,12.627482145420885,37.68191892018883,0.024167021490906705
3615,0,43.29072130560053,29.52813862862865,13.762582676971878,29.690063669517706,0.02087205557536966
3616,0,46.35112684009849,33.505394238213,12.845732601885487,33.69005610703075,0.021906261629363117
3617,0,48.46841457855358,37.675117539261095,10.793297039292483,38.18985932081549,0.027007369028129953
3618,0,53.26112436092821,42.77312316404026,10.48800119688795,43.25291577842984,0.01347913100931113
3619,0,50.8364634150613,39.299006944703535,11.537456470357768,39.53181954526728,0.023576141485037262
3620,0,49.959412272457186,38.01748708207522,11.941925190381966,38.28708479754995,0.018201887742959253
3621,0,46.95510129112435,34.16005201333088,12.795049277793467,34.37835499841813,0.019081697287599966
3622,0,41.140310539688144,34.80517875840454,6.335131781283607,35.04847128946265,0.02672451764321593
3623,0,41.49575734199633,28.198518358357248,13.297238983639083,28.296078873319082,0.038471307053088016
3624,0,50.558960880746255,39.76458071191425,10.794380168832006,40.107700528025546,0.015951656678477585
3625,0,49.057639925338634,37.019621535839775,12.038018389498859,37.25645976839445,0.017235820462846125
3626,0,50.73701314473141,38.560800174071446,12.17621297065996,38.79955481073303,0.014446683415127877
3627,0,49.893056095126866,38.37808602780193,11.514970067324938,38.71133637248104,0.023289201433993503
3628,0,50.15552668953218,37.85800341591232,12.29752327361986,38.08227249413804,0.010938904685875503
3629,0,42.280295504953955,28.59353182817503,13.686763676778924,28.71530854550248,0.02632679861390906
3630,0,46.549917801629434,33.41350148270976,13.136416318919672,33.629652315287885,0.023531323165830828
3631,0,52.34701064754067,41.65285954717977,10.694151100360898,42.19591353287592,0.018273588880658886
3632,0,40.442870142605926,30.724674734480022,9.718195408125904,31.085784250514703,0.02516754884925793
3633,0,42.59148304245214,28.858779696648067,13.732703345804072,28.938862440812503,0.02887038770930357
3634,0,50.81305827369229,40.29528520701674,10.517773066675552,40.86257177124915,0.01045105433472081
3635,0,42.46618917266842,29.111414447366176,13.354774725302246,29.20860277569862,0.028820067482740106
3636,0,39.88482565599938,26.99200091584628,12.892824740153099,27.065896975013814,0.022439969171670338
3637,0,47.97926776474877,35.46971040099301,12.50955736375576,35.742137174544474,0.02327710319781267
3638,0,42.1321351262079,28.206112019892576,13.926023106315323,28.324360289688784,0.03418000998520664
3639,0,46.93160667675333,36.29774344900753,10.633863227745806,36.69275374713931,0.0422725664087132
3640,0,49.510498216908005,37.17798727850173,12.332510938406273,37.40594774867773,0.01345107277996054
3641,0,50.20318438809656,38.52541689584456,11.677767492252002,38.791148833961714,0.021867700623297688
3642,0,39.1435383244871,26.526758427074938,12.616779897412165,26.58387667269596,0.030426558557373022
3643,0,48.814550486754726,36.50639219968013,12.308158287074598,36.78926131417965,0.020489596454632213
3644,0,41.27043908409739,27.801227652349223,13.469211431748167,27.864655297063727,0.0292245509375619
3645,0,46.97483805512087,35.28417100984329,11.690667045277578,35.70442430635728,0.01964038845743699
3646,0,50.11836758404779,38.21543425637485,11.90293332767294,38.3988259792079,0.011789605336565747
3647,0,43.2713849940196,30.18942337696756,13.081961617052038,30.326058435851017,0.035121943166086855
3648,0,50.62528330632148,39.27114814908282,11.354135157238659,39.723579952731285,0.01827361684102695
3649,0,48.809961080422326,37.381429807891095,11.428531272531231,37.65385564354527,0.01615873223974627
3650,0,47.89455214968082,37.35616283911946,10.538389310561357,37.7262648051966,0.025054971804248656
3651,0,39.05348170365785,28.70530961499441,10.348172088663443,29.100709204288215,0.0380985996484117
3652,0,41.7882942305167,28.58570307254842,13.202591157968278,28.7029339892801,0.01937411111839132
3653,0,49.92919029266319,38.58238002280096,11.346810269862232,38.9083296205242,0.024281583722048406
3654,0,42.64831306213058,29.270475167838796,13.377837894291787,29.3294163584047,0.02026921853019923
3655,0,46.3912570982728,33.54941322229442,12.841843875978384,33.72757727353806,0.015798658619839066
3656,0,51.584728547639216,40.54780016357891,11.036928384060303,41.095479126491625,0.01771920884036231
3657,0,48.719638914348266,37.42585951016593,11.293779404182338,37.76539301183695,0.024593171912937917
3658,0,50.209788005769795,38.6476528243866,11.562135181383198,38.97131988351944,0.026199652066341745
3659,0,46.67851817844675,33.495678624198035,13.182839554248716,33.68780863039028,0.022762372178962324
3660,0,47.152607842810156,36.514804290330815,10.63780355247934,36.99808294316321,0.025102586160261328
3661,0,52.146149734531306,41.44244905328776,10.703700681243546,42.070378181415094,0.020154983976042113
3662,0,42.05999852998538,29.236279649456034,12.823718880529345,29.404003350258023,0.018104830853022134
3663,0,47.36495804001245,33.90153304950356,13.46342499050889,34.090770435971564,0.020996821190056584
3664,0,42.271850063587536,28.95636013201841,13.315489931569125,29.061208382765447,0.028092478650667396
3665,0,48.651859367185,37.20120261772797,11.450656749457025,37.50099502633839,0.023341212020184597
3666,0,47.78826078193316,34.94596734550201,12.842293436431149,35.14551129241816,0.02315075244533636
3667,0,35.96778885568608,31.967965425266442,3.9998234304196387,33.18487159098708,0.026517191514033454
3668,0,42.953666715450495,29.94213054747984,13.011536167970654,30.066368340559944,0.03515101119488401
3669,0,43.24840255175735,29.144073923273428,14.104328628483923,29.23972245745597,0.016683892475883883
3670,0,49.41330380127282,37.53365495420656,11.879648847066257,37.831715255458136,0.010866447542839414
3671,0,50.52211880169956,37.41831586336704,13.103802938332521,37.64092325542842,0.021675184885998094
3672,0,49.48780759117594,38.035677729797676,11.45212986137826,38.33524650509675,0.011903762142370546
3673,0,37.78205988095164,32.97170298283983,4.810356898111813,34.0208800679581,0.027062980049408464
3674,0,52.20570722068686,41.96194401790265,10.243763202784208,42.46791077057904,0.02014296178222299
3675,0,36.47533636672961,29.75662205789817,6.718714308831437,30.17973780883387,0.02317234860346823
3676,0,39.829548734912215,26.761568936716024,13.067979798196191,26.790195972364582,0.022827319812376123
3677,0,50.47749839946671,37.47378219826942,13.003716201197292,37.68461074825824,0.01978086994977251
3678,0,50.66238137676238,39.61655649146324,11.04582488529914,40.013671813669916,0.024771402052955183
3679,0,44.951211408345785,31.5017047797631,13.449506628582686,31.698246546937444,0.022453601532854483
3680,0,51.67197395313059,40.40379757712357,11.26817637600702,40.87826311657001,0.01381378973004841
3681,0,50.14269446138462,38.39321987398485,11.749474587399774,38.69582829557554,0.025399073601599615
3682,0,41.74481156804545,28.02963885243443,13.715172715611018,28.19842842270276,0.021131114141422554
3683,0,46.55711700306493,33.40166817978054,13.155448823284388,33.63427823020394,0.01908672585225611
3684,0,43.46435405757853,30.41022494585799,13.054129111720542,30.618770870389337,0.03964023110508873
3685,0,46.67831457194504,36.12562619105587,10.552688380889165,36.560257636777905,0.040491766265225757
3686,0,43.55776205503521,29.909527616653936,13.648234438381277,30.09578096771228,0.03322083816201721
3687,0,50.13456999001335,37.69532802783006,12.439241962183289,37.96172049335051,0.010416616839856915
3688,0,40.44848359226691,29.229618612140555,11.218864980126355,29.5065237365962,0.01825609214264447
3689,0,42.10047074112978,28.101352843757304,13.999117897372479,28.214026385807845,0.020888031699520988
3690,0,44.26554208764513,30.500338700501853,13.765203387143277,30.682698674106483,0.02971583826319072
3691,0,42.39056891796342,30.828074178114836,11.562494739848585,31.035195822184203,0.024987718515868482
3692,0,39.29383872247311,29.248737584557993,10.045101137915118,29.63912920246487,0.04548830984754183
3693,0,47.39219554064016,34.39328695949608,12.998908581144079,34.58308081678453,0.017565906588006438
3694,0,49.86722724133172,37.154325879191106,12.712901362140613,37.31454770797466,0.018353480255403253
3695,0,44.977850109409786,35.29349545083517,9.68435465857462,35.83567337236205,0.018011513124613975
3696,0,51.850409197087416,40.57501051828889,11.275398678798524,41.06495584207089,0.010156308340379346
3697,0,42.664276177340696,29.519948908443183,13.144327268897513,29.61245501632641,0.0350158056089221
3698,0,49.21886739140632,36.19603948103483,13.02282791037149,36.40384008283799,0.016721120630560155
3699,0,49.404851379652555,38.60535543383047,10.799495945822088,39.1549416648702,0.01733708538817663
3700,0,45.13866532809463,35.140279435753925,9.998385892340707,35.53683482958398,0.019683522702167056
3701,0,42.019991681656094,28.071658922603955,13.948332759052139,28.220053148150765,0.029042255790187876
3702,0,37.429906989755324,32.21010426158443,5.21980272817089,32.7635609470009,0.028320114761050865
3703,0,42.22164497508129,28.6569855648108,13.56465941027049,28.817864176390785,0.023858095987375746
3704,0,50.13675974109454,38.31257614466665,11.824183596427886,38.55392848253108,0.022446300181114348
3705,0,49.35860198780438,37.11039686686577,12.248205120938607,37.2539832695938,0.01535802150095523
3706,0,51.74799946584065,41.0352494378926,10.712750027948047,41.6432744428178,0.016454445393968984
3707,0,39.52344931812948,27.30063274866107,12.22281656946841,27.35237296748098,0.027312913477922907
3708,0,41.49043026464672,28.448482994770004,13.041947269876715,28.586097031183144,0.03505431133733907
3709,0,47.704580281005434,35.15156613709043,12.553014143915007,35.35716476664686,0.01673897440096675
3710,0,41.73624931374093,30.486643771671915,11.249605542069013,30.764293353246845,0.03821775813390336
3711,0,42.71052103039926,28.891511581482238,13.819009448917026,28.949271229475958,0.02596437847388216
3712,0,49.58089825827325,37.02872721514113,12.55217104313212,37.2660236890174,0.015431055057732911
3713,0,44.421422275767554,34.389104339264165,10.03231793650339,34.898012920073,0.0257715659265216
3714,0,42.50239487043369,31.7235301478518,10.77886472258189,32.06629114492401,0.02791704024586128
3715,0,38.39543031117016,31.172188566362912,7.223241744807247,31.903126432349495,0.05329586775670699
3716,0,37.853046830267985,28.646421528643558,9.206625301624427,28.860572125939463,0.030419009257996184
3717,0,39.75129458334061,27.043108353985563,12.708186229355046,27.167063251513532,0.025150161801918224
3718,0,36.182699965220536,32.48102760942612,3.7016723557944147,33.62681868359087,0.03398147416558347
3719,0,49.58993454681605,38.50218772561757,11.087746821198486,38.99137827597319,0.02491564959178895
3720,0,40.05494063553047,27.081361412592944,12.973579222937527,27.074545178933274,0.03327668792182302
3721,0,47.42970253685394,36.79808263785647,10.63161989899747,37.305571761295454,0.023248828813308985
3722,0,48.83767317537077,36.1963155716884,12.641357603682366,36.445914392322294,0.023244654115277517
3723,0,49.47765750949837,38.944117459653626,10.533540049844746,39.42133182785415,0.02727633056250961
3724,0,42.21498789644943,28.619359324656347,13.595628571793082,28.764218289351167,0.020578228670592384
3725,0,42.84859886588771,29.379859756204674,13.468739109683035,29.49186123233532,0.01803320069164143
3726,0,48.6221260204365,37.05394554354483,11.56818047689167,37.34221123398912,0.02500740906737702
3727,0,46.83925846779978,34.29634428933585,12.542914178463931,34.486367118231726,0.026983888771350193
3728,0,44.40941585271872,32.245422937483525,12.163992915235198,32.579969660925045,0.0156953074208916
3729,0,42.513535803299376,30.561407811684727,11.952127991614649,30.810635176250738,0.033148085284318916
3730,0,51.21929129215181,40.572605713571676,10.646685578580133,41.08021624280936,0.01068330175503703
3731,0,40.971370173730996,28.192999819022585,12.77837035470841,28.307663730207075,0.02221419195671921
3732,0,72.06678323784207,74.56016024554707,-2.493377007704993,78.13354392232759,0.0018064982859005078
3733,0,49.373676855119996,37.27374045576265,12.099936399357347,37.45861423849759,0.01206441811566184
3734,0,42.6174494896935,29.3043608022143,13.313088687479198,29.362778688859397,0.036951755683990097
3735,0,49.92063982937111,37.44283307608271,12.477806753288405,37.65647674688411,0.011875930822160772
3736,0,52.273847867688076,43.22043353418941,9.053414333498665,43.792822585865906,0.0121858542957518
3737,0,49.85237425605709,38.30420444599541,11.54816981006168,38.617424925875824,0.015720951379999883
3738,0,49.60006225539897,35.898978720628975,13.701083534769992,36.089652301897175,0.0299421322759072
3739,0,36.95937282647763,31.714977856499413,5.24439496997822,32.216694236688,0.050790946333024396
3740,0,49.1570956782092,37.029302588133724,12.127793090075478,37.3159930192607,0.0186214072561646
3741,0,40.23374937126725,26.96753450619234,13.266214865074911,27.01999289778038,0.04540646769942573
3742,0,46.20517991625063,33.25723241400085,12.947947502249775,33.516467559741514,0.02146826740834884
3743,0,48.60723189769237,36.12843836358,12.47879353411237,36.363371001888126,0.014381387352512069
3744,0,50.34148957526173,37.99123307878001,12.35025649648172,38.31984863600963,0.02655240222061415
3745,0,45.30760394318041,33.91531073357041,11.392293209610003,34.29440162511188,0.02990616879018636
3746,0,51.03622427904635,38.81868555789927,12.21753872114708,39.13190816896454,0.023766127884425982
3747,0,52.53657176846886,41.81563732889529,10.720934439573568,42.27197044146769,0.011685806771729285
3748,0,72.06678323784207,74.56016024554707,-2.493377007704993,78.13354392232759,0.0018064982859005078
3749,0,50.23729851123484,39.68922145447624,10.5480770567586,40.238015956656696,0.037243864101530307
3750,0,40.095122538550825,26.667975541316178,13.427146997234647,26.740526277803067,0.03007262976604691
3751,0,38.747646918626344,28.678777473564743,10.068869445061601,29.113005749906055,0.02104177860851717
3752,0,39.67817685499696,26.40452882719984,13.273648027797122,26.43916128637212,0.04475501263154794
3753,0,46.48557203557685,35.642674531556395,10.842897504020456,36.107555002496305,0.016610584692419432
3754,0,35.95794283983294,28.692521456784252,7.265421383048686,29.688311535335764,0.03382493912038506
3755,0,49.37473898017468,39.21946049356876,10.155278486605923,39.821722132426146,0.04280024737957151
3756,0,52.1932311872023,42.44935471594421,9.74387647125809,43.01157710282159,0.011076612724778992
3757,0,72.06678323784207,74.56016024554707,-2.493377007704993,78.13354392232759,0.0018064982859005078
3758,0,42.15714554713212,29.889612382400657,12.26753316473146,30.158684280788535,0.04405993938949285
3759,0,34.989478864059336,28.35943257030024,6.630046293759097,29.352204397695353,0.024044380864192517
3760,0,48.739031335994355,36.44462094360895,12.294410392385402,36.75751911758675,0.02894895419276129
3761,0,42.23286021323128,28.486090429873357,13.74676978335792,28.608880435437715,0.024299813403674857
3762,0,44.2848478448513,31.33530530385475,12.94954254099655,31.516833379517323,0.020166200385230208
3763,0,44.97946095917159,33.85915336215484,11.120307597016748,34.24498946469974,0.03914971161418285
3764,0,50.57223959612628,39.983732195261986,10.588507400864295,40.485507322418286,0.03684948095921303
3765,0,43.15864907922551,29.21817916590798,13.940469913317532,29.30884603479551,0.02599345940746457
3766,0,40.95759079184343,29.574714310212617,11.382876481630813,29.73196287649611,0.023124947176412336
3767,0,41.09906673197801,27.498691301739044,13.60037543023897,27.557665703712388,0.04094436719544397
3768,0,48.52138385649066,36.5962579240247,11.92512593246596,36.90210418260372,0.02264479452966497
3769,0,41.6012770538718,27.99780212125339,13.603474932618408,28.153353264917065,0.03290113716279452
3770,0,49.27743245851141,37.71926841062324,11.55816404788817,38.00165841243394,0.02752206589079662
3771,0,50.18983774019982,38.88688441228898,11.302953327910842,39.186305207055355,0.031510601384329005
3772,0,41.53915007500113,28.80393779957038,12.73521227543075,28.900480330490073,0.028554220470444463
3773,0,53.78440819976318,43.18394559671361,10.600462603049564,43.711978407579636,0.013807708349994846
3774,0,35.644262082892894,32.05184787496654,3.5924142079263532,33.184789719429936,0.030588565231521484
3775,0,41.9812359715213,28.956196860001718,13.025039111519582,29.119339737725653,0.017668007238793536
3776,0,50.2942464608624,37.670188812461994,12.624057648400402,37.89586391205502,0.01850832047213757
3777,0,50.04424984522001,37.494095212871166,12.550154632348843,37.645633307187545,0.017102027950870142
3778,0,46.811132382622034,36.123663447252774,10.68746893536926,36.71211389845952,0.033817114518922685
3779,0,47.448629329537056,34.90455995920724,12.544069370329815,35.1453055561727,0.01576299409497674
3780,0,40.79039836230672,30.144739002301257,10.64565936000546,30.23853207443167,0.020781765094503635
3781,0,42.12102974454673,30.243935140820316,11.877094603726416,30.46982296814406,0.0432701192140621
3782,0,50.13934430690324,38.19954421665675,11.939800090246493,38.51740966114902,0.014179845793322191
3783,0,41.86759496157249,28.41604210428339,13.451552857289101,28.600320000647066,0.02406310521296235
3784,0,46.670728458260854,33.72800509699178,12.942723361269074,33.9223923080829,0.021725203833664133
3785,0,39.91131419808964,27.09028333795009,12.821030860139551,27.18154314187908,0.02338588838675318
3786,0,50.107782661796335,37.10540846632445,13.002374195471887,37.32094020449516,0.01193614562558063
3787,0,41.81484807279524,28.717686937574943,13.0971611352203,28.875202905619677,0.02475422363297717
3788,0,39.92899340613411,26.637891034768685,13.291102371365426,26.73772349970078,0.04657175260198325
3789,0,35.508496275003225,32.33421928483764,3.1742769901655876,33.62308038360968,0.0249475566733432
3790,0,37.140268195419566,32.14534561381248,4.994922581607085,32.85325415171086,0.024847269285496108
3791,0,47.723640584567704,34.83792702765189,12.885713556915817,35.056569747117535,0.019327142001641626
3792,0,39.423172587095806,27.135719780078855,12.287452807016951,27.21060364350965,0.02294801396731366
3793,0,41.94641881179554,28.201923332497053,13.744495479298486,28.31811481958461,0.03157963768387254
3794,0,40.41359954393633,30.057916672757564,10.355682871178765,30.37484999495219,0.016318251516535952
3795,0,50.27650437159788,37.87633773111233,12.400166640485551,38.143047987704534,0.012464326874402723
3796,0,35.04127232413004,28.822460500669784,6.218811823460257,29.764017658468806,0.021757904559511845
3797,0,37.273352147757876,31.534142056026464,5.739210091731412,32.306972939205,0.03667213049539096
3798,0,49.163305826276144,36.91216960443393,12.251136221842216,37.15616097134762,0.012595137088050004
3799,0,48.37934652314404,37.52126300768569,10.858083515458347,38.00725485281377,0.025034861847219182
3800,0,48.79880894052933,37.163244535374645,11.635564405154682,37.487460849236,0.014943032642774759
3801,0,43.58376139983737,32.99242845916069,10.59133294067668,33.37532979796633,0.045985165588010156
3802,0,42.35881961900026,29.566673490051194,12.792146128949064,29.71043361144962,0.02612822623072765
3803,0,50.130577668889416,39.65298320689607,10.477594461993348,39.89016221581456,0.03573000374273185
3804,0,46.27782507737257,35.245077853018195,11.032747224354374,35.69862711277189,0.016779708355638537
3805,0,51.69480386740432,41.48867884314642,10.2061250242579,42.0060340407077,0.009521945284192278
3806,0,45.44695768096129,34.153305331439405,11.293652349521885,34.5505649018848,0.01955928618367577
3807,0,50.197093372844435,38.5196482815343,11.677445091310133,38.738381861860205,0.017364988640348477
3808,0,43.33363924624483,28.860264118328555,14.473375127916274,28.974298012609157,0.05027979209048849
3809,0,48.83988290964618,36.665333612269805,12.174549297376373,36.86294595263303,0.017651995485871704
3810,0,41.81090223757448,28.263775370010052,13.54712686756443,28.411741783192245,0.018574870449721097
3811,0,43.8622885587003,29.54641750979656,14.315871048903741,29.718710350518815,0.02667461483861723
3812,0,48.553370725486914,36.3882222276937,12.165148497793211,36.632379588389796,0.01717405063280249
3813,0,52.41837677811412,42.2427532043657,10.175623573748425,42.72658357746482,0.008822415589627553
3814,0,43.99022565471479,31.80072869463472,12.18949696008007,32.14238476306721,0.02514343410720291
3815,0,47.16144005236873,34.105205832710794,13.056234219657938,34.24153372013498,0.017968949916631647
3816,0,42.09353226640232,28.319720288815635,13.773811977586686,28.44454590690765,0.03656941700791507
3817,0,49.255724832955636,37.11918921177325,12.13653562118239,37.330553462189314,0.017576391726029827
3818,0,42.42418965994493,29.08277311010271,13.341416549842219,29.151484249151558,0.025436067319343673
3819,0,43.940243935826956,31.75548898798535,12.184754947841608,31.95683018692904,0.02584181527587953
3820,0,41.95134765026043,28.575861170601524,13.375486479658907,28.73198269421552,0.020115516841123303
3821,0,72.06649849960353,74.55755665419261,-2.4910581545890835,78.13378754697155,0.0018113856943762117
3822,0,52.40727268086515,42.00162969104025,10.405642989824898,42.446845503133886,0.008474798313692135
3823,0,42.249145615415344,30.96009327929614,11.289052336119205,31.33559287576917,0.025971850344547444
3824,0,46.48853419856121,36.65380322867196,9.83473096988925,37.33427221395414,0.03368615030571608
3825,0,42.50428287403305,29.112444844466086,13.391838029566966,29.300283751903105,0.01698959931089135
3826,0,41.798463981554576,28.455219955058276,13.3432440264963,28.55628044621489,0.025247046214895454
3827,0,43.55619028605501,32.185883723002874,11.37030656305214,32.70700287693333,0.05011542384063753
3828,0,48.0508817837957,34.755732481005346,13.295149302790357,34.873487366957626,0.013508399062279802
3829,0,50.304604445383035,38.367615551544986,11.936988893838048,38.632796112925305,0.026781924580443064
3830,0,41.804070533357034,27.7896662409648,14.014404292392236,27.89956330389355,0.02004293095430102
3831,0,52.88950547970359,40.209949328137036,12.679556151566551,40.31281553231703,0.06121966033366338
3832,0,45.675980330222345,32.00209214949166,13.673888180730685,32.17558628552845,0.03265798950052906
3833,0,43.975039080105844,29.524703622832327,14.450335457273518,29.621906132099266,0.01961007296606475
3834,0,43.217389557118636,30.7622148864267,12.455174670691935,31.1329861957791,0.02384704303880094
3835,0,42.78171607797792,28.798723321441738,13.98299275653618,28.911216760402112,0.020009753522731075
3836,0,41.784628724124204,29.55929268287256,12.225336041251644,29.68907790247161,0.02381936391379933
3837,0,46.601918870429145,33.841825453566074,12.760093416863072,33.989082231361465,0.013017020327755391
3838,0,45.288178700320145,34.85484262124636,10.433336079073783,35.23007059287397,0.03677108008716615
3839,0,44.87692477464185,34.55539252766984,10.321532246972012,35.07138233405877,0.04409014949178547
3840,0,38.944376051437246,33.19751140498582,5.746864646451428,34.438119588269416,0.038167175677280986
3841,0,49.44086865946271,37.041438309635964,12.399430349826744,37.31366271497865,0.01666809379252987
3842,0,49.598765268527416,39.04002545334713,10.558739815180289,39.48519471553709,0.044258694590465435
3843,0,46.64516283765718,35.404932724454426,11.240230113202756,35.945402707188165,0.029904646025525734
3844,0,42.580166558208916,28.550707142769856,14.02945941543906,28.622312689322307,0.030897701513211678
3845,0,44.63004330294706,32.69020831842397,11.939834984523088,33.00712532955872,0.03143295974381489
3846,0,42.22326245204896,28.41344181464409,13.809820637404865,28.50507845456371,0.019067766571912278
3847,0,40.011144823039345,29.13151076093859,10.879634062100756,29.296158167692496,0.03087804967605892
3848,0,43.94319102483823,30.435207969794437,13.507983055043791,30.60267432799041,0.03470723737572949
3849,0,50.210317539961466,38.08402587859322,12.126291661368242,38.331056239790826,0.008741324607553436
3850,0,43.5793374610667,30.08770388099055,13.49163358007615,30.21948667083134,0.020852453206560394
3851,0,45.50840900225627,34.92010380719015,10.58830519506612,35.45574874665692,0.026053568104053168
3852,0,45.13193167940193,31.974765668160348,13.157166011241582,32.15128075310039,0.02946552844510621
3853,0,35.95636393188467,28.850647025968318,7.105716905916349,29.64746205369001,0.025345535949152807
3854,0,51.892187718937066,41.43776572881495,10.454421990122114,41.698530528339774,0.015894031435299813
3855,0,52.09797929431937,41.03855571140109,11.059423582918285,41.381916876618234,0.012143565314456236
3856,0,67.76671629757114,68.12204923221135,-0.35533293464021654,77.88158887953408,0.004629468041006796
3857,0,46.71547007515689,33.701263283649,13.014206791507888,33.84464719210512,0.03255890440850865
3858,0,49.64006821093123,37.04201735922413,12.5980508517071,37.31643573071116,0.016320807739416115
3859,0,51.174289855315735,39.59531948993774,11.578970365377998,39.96174095583672,0.01707464184575182
3860,0,49.49592795186679,37.52231866430962,11.973609287557167,37.668653877924534,0.0151303079618602
3861,0,49.558934834837544,36.332876842573626,13.226057992263918,36.514527334054634,0.017046963232167617
3862,0,48.52439983615069,35.88128535076153,12.643114485389162,36.120949565129095,0.02684980160011078
3863,0,55.003993219946,53.03247435739155,1.971518862554447,63.96341999013845,0.0345272087054643
3864,0,36.90395578284459,28.995015449112717,7.9089403337318736,29.398206134682958,0.020027797941745112
3865,0,42.98625283760492,30.35767158496778,12.628581252637144,30.513726388809005,0.03481376183850587
3866,0,40.482627320881164,27.396410132185203,13.086217188695962,27.49409912473156,0.03534795972592025
3867,0,42.610546081908964,29.26441363500779,13.346132446901173,29.382033923570972,0.03563353402052405
3868,0,36.031577749275485,32.105059443384896,3.926518305890589,33.70453743273923,0.047739949684414335
3869,0,46.72155807232845,35.87922724017385,10.842330832154602,36.36321295188846,0.033998063267034626
3870,0,48.036522459101775,36.95253837997214,11.083984079129635,37.46245935995451,0.031230466456712118
3871,0,50.248577509307765,39.84878354298939,10.399793966318377,40.37475795183404,0.0252951406119167
3872,0,40.92333066759696,29.77162499287585,11.151705674721107,29.978617442839177,0.029466442534062096
3873,0,41.93016513889074,28.610179695809993,13.31998544308075,28.673367330706103,0.020154478538619444
3874,0,42.79616514773474,30.94260286284383,11.85356228489091,31.172406668492414,0.018737771855647553
3875,0,46.0032288767124,35.352567211926115,10.650661664786284,35.89218957939515,0.017336555216582214
3876,0,49.40868193519397,37.89970537672472,11.50897655846925,38.1594102703278,0.021450460955488197
3877,0,41.10621062372037,29.94555807582987,11.160652547890503,30.178530444739632,0.02594784099157204
3878,0,43.91191427288473,30.974261926523813,12.937652346360917,31.17550189693525,0.03742967150129248
3879,0,46.04602741813166,32.87978098436828,13.166246433763376,33.07103080958999,0.030206428730415527
3880,0,50.88853300820695,39.417102464634475,11.471430543572474,39.72530872502085,0.015184240285656197
3881,0,42.110282351662946,28.79591049264649,13.314371859016454,28.92257168950729,0.033829554731912896
3882,0,46.697981930172986,33.78102386045991,12.916958069713075,34.007151175406165,0.014292231417350115
3883,0,46.73740002084024,33.406149704880896,13.331250315959345,33.576086246109725,0.019311894997857463
3884,0,39.98138421204956,27.11888618196703,12.86249803008253,27.16993157252279,0.032876897674481986
3885,0,45.19481025497885,32.122983662495834,13.071826592483013,32.3091788875369,0.033645091580615266
3886,0,42.37589536071276,28.930958349752398,13.444937010960363,29.053397407546655,0.03484952745085273
3887,0,47.94919881452209,35.803232392057154,12.145966422464937,36.04610873105126,0.021686052865984184
3888,0,51.05283694655719,39.5182293744584,11.534607572098793,39.83529882553289,0.021623879761401187
3889,0,49.97899913248992,37.72429875722986,12.254700375260057,37.91761734111124,0.019308987119578975
3890,0,41.53885462870744,28.37949116945672,13.15936345925072,28.543524552606858,0.028169193297440366
3891,0,42.93432013801693,28.703803189487598,14.230516948529331,28.816226156616473,0.02062631405126703
3892,0,36.47178431772696,32.125845158699974,4.345939159026983,33.70304540289061,0.03456602222348555
3893,0,35.93124123680428,32.1347150136911,3.796526223113183,34.14262291678145,0.024536304825894143
3894,0,46.73272082084624,34.415973853055874,12.316746967790365,34.71012886285442,0.015538518581583088
3895,0,47.14868627265048,35.683322224789116,11.465364047861364,36.08270959182197,0.030701589642419758
3896,0,37.15747568798274,31.91381321008939,5.2436624778933485,32.43968987510353,0.04181751356929567
3897,0,49.845447875483345,37.83032906937725,12.015118806106095,38.15573593376582,0.02391131102019107
3898,0,49.984731095418226,38.78389932175791,11.200831773660319,39.32890361615897,0.026573991926353388
3899,0,37.00508420692136,29.378425456282795,7.6266587506385655,29.815429210887736,0.024624078417602047
3900,0,40.80808192227265,29.246729246493143,11.561352675779506,29.492631289277142,0.02334981090876255
3901,0,35.744095896520506,28.481021369841457,7.263074526679048,29.567636740323866,0.023847803911671246
3902,0,40.43142267793867,29.37376861198712,11.05765406595155,29.62251172414074,0.023144710297186556
3903,0,42.362239368551556,28.94748978882661,13.414749579724948,29.1556814310876,0.017774561910070645
3904,0,49.733140574860485,37.96177424825727,11.771366326603214,38.22082654906531,0.026809340796726987
3905,0,40.86573848949173,29.442883163380223,11.42285532611151,29.673031697211588,0.01615466185539565
3906,0,39.82814270649874,27.404915549398055,12.423227157100683,27.4820838823569,0.03758814226427982
3907,0,37.34253384943711,32.048295686358216,5.294238163078894,32.769297525383074,0.029564764092954648
3908,0,40.02525007958309,29.036628227346117,10.988621852236971,29.161664865968785,0.02818044842098424
3909,0,46.5988129208737,35.562188340522624,11.036624580351074,36.06334182227339,0.031028214058934193
3910,0,36.55703208387041,29.303477556693537,7.253554527176874,29.890723184451154,0.023005631115277043
3911,0,46.57035091789962,36.043608673672374,10.526742244227243,36.52712453918575,0.02154647901021192
3912,0,46.47639191652384,33.97084033556175,12.505551580962084,34.152264083091296,0.01819922075400561
3913,0,47.01297421403612,34.03317489114598,12.979799322890138,34.18899833081578,0.01903835011391312
3914,0,37.64950808845036,31.62301501440177,6.026493074048592,32.30072285081701,0.034950543959066986
3915,0,50.42123403805556,38.73702251379029,11.684211524265265,39.02569632079535,0.02670572397428293
3916,0,48.71399595263857,36.618383938959795,12.095612013678775,36.87382852807427,0.021621756924225993
3917,0,50.65157320483654,37.629475047163965,13.022098157672573,37.84258004611047,0.020508446044301337
3918,0,42.26766497901714,30.488347746103745,11.779317232913396,30.788092234519166,0.0491315716156392
3919,0,53.159083681908,40.886019703714965,12.273063978193036,41.256016601614874,0.010812671483076321
3920,0,41.84591929981907,30.209362258464264,11.63655704135481,30.659592318202133,0.03256701282460264
3921,0,40.64716242173486,27.784989183386664,12.862173238348198,27.897786504591554,0.022792453233402347
3922,0,52.69310281729075,41.268507824942816,11.424594992347934,41.66778604286186,0.012026299530802656
3923,0,41.56656372349032,28.366990053494412,13.199573669995907,28.533184839906806,0.024153632776199915
3924,0,48.039610505305745,36.07122469970446,11.968385805601287,36.28933611746953,0.013749295914916238
3925,0,41.2426057235441,28.02900880006762,13.213596923476484,28.167362133459626,0.027289506348259617
3926,0,42.52573177889548,29.001132058715438,13.524599720180039,29.0808269627762,0.01871483790144378
3927,0,44.84144772153489,35.51090505582888,9.330542665706012,36.07022315848067,0.032958632282720925
3928,0,42.419307064218216,29.057960242237684,13.361346821980533,29.224746351386347,0.033855456786726364
3929,0,49.566314601245764,37.62532251862558,11.940992082620184,37.920595072942916,0.01873348101454875
3930,0,51.669518086715684,40.52581643997645,11.143701646739231,41.04949886380987,0.0103072670665613
3931,0,44.57684071589266,33.13222480011605,11.444615915776609,33.53378689704698,0.015580839824841802
3932,0,47.24073647889186,35.32834489790657,11.912391580985293,35.66633314577533,0.024072866026855443
3933,0,42.106889201554665,28.853333676227397,13.253555525327268,28.995809244052353,0.02052674933139447
3934,0,44.67767281158207,30.702389418934946,13.975283392647125,30.894809265705295,0.01908703126550725
3935,0,45.336004471636954,31.804680444119956,13.531324027516998,31.941489851046434,0.03596374166574555
3936,0,49.97217219235331,37.877298984720824,12.094873207632489,38.13004126152728,0.020725857263164154
3937,0,40.35050657684742,28.946512247202783,11.40399432964464,29.285630279688757,0.027384134987770394
3938,0,40.38996076687218,27.59224942646508,12.797711340407098,27.725466766553414,0.04517860790609776
3939,0,49.97020612265774,37.651662675619306,12.318543447038437,37.94355401038299,0.025235154868435198
3940,0,48.38344612122276,38.07158577329669,10.311860347926071,38.562740497158885,0.02331193321322821
3941,0,45.62619018240255,32.70294123407743,12.923248948325124,32.847222573807635,0.03323017692495003
3942,0,40.010915323105195,28.716267838553485,11.29464748455171,29.01049384324881,0.029390246229497048
3943,0,47.934323222064094,35.39692969721361,12.537393524850486,35.584858894805436,0.012458274312581017
3944,0,44.68558629272458,32.257815949812226,12.427770342912353,32.47753632548857,0.034193056723104055
3945,0,39.634547548700326,26.688499362414145,12.94604818628618,26.68016084440678,0.04545525639089703
3946,0,40.06483477304448,27.37880760945006,12.68602716359442,27.477741537638156,0.04653440615344209
3947,0,44.367724265933134,31.931460427121863,12.436263838811271,32.228432576886334,0.023029524892608098
3948,0,40.09940388362524,26.80436954843755,13.295034335187694,26.917255025569304,0.03471347660145632
3949,0,47.13485953543875,37.1370857979267,9.997773737512048,37.710343765072565,0.0375277134565044
3950,0,39.40471576267986,26.74750183115297,12.657213931526886,26.784724573334366,0.02193074265008816
3951,0,45.18094195629968,34.7663871883815,10.414554767918176,35.31322100028653,0.016694016279920003
3952,0,50.545942404662725,38.55235233179306,11.993590072869665,38.78708980869608,0.010943791297893787
3953,0,39.43114608289578,29.259091810654194,10.172054272241585,29.629569180595816,0.02876888512084454
3954,0,49.97789444736593,39.59593367019025,10.381960777175678,39.96390813903973,0.03442764851274242
3955,0,42.47128059326067,28.571960599827054,13.899319993433618,28.663048484634434,0.031153143134234406
3956,0,46.725850558497214,33.89984272735031,12.826007831146903,34.061941453397196,0.02554796471232928
3957,0,46.3458277807416,32.87073732487502,13.475090455866578,33.031525390863365,0.03977158461265065
3958,0,35.907980595909834,32.310840014042526,3.5971405818673077,33.5437117111977,0.028985814561057668
3959,0,37.98965218122173,29.37163629776161,8.618015883460117,29.752866565734003,0.03534493355377689
3960,0,41.20837370077531,27.86305866899394,13.345315031781372,27.998690433298624,0.03724377376803349
3961,0,40.76578249686568,34.316663304878254,6.449119191987428,34.929247435973814,0.031974050937355426
3962,0,51.564544442688955,38.45933662108715,13.105207821601809,38.86679935781932,0.03897712731771664
3963,0,49.77665653365548,37.26112517729927,12.515531356356213,37.59238579469354,0.01242064180796661
3964,0,52.10911454456641,41.067392986228995,11.041721558337414,41.58308549087492,0.01495814522171247
3965,0,39.712398056407814,30.352561454915854,9.35983660149196,30.511048277429776,0.021881175369906206
3966,0,36.18813903133636,32.31210493104797,3.8760341002883933,33.6748401438295,0.03972940747282734
3967,0,51.310713434350205,40.2245010694337,11.086212364916506,40.55196584567976,0.019040604990056432
3968,0,42.084293940502064,28.360792403085362,13.723501537416702,28.50993237165517,0.021150413944215813
3969,0,50.78922821827628,39.96840301801173,10.82082520026455,40.37971715668128,0.032086051568623104
3970,0,50.3257948280752,39.086763437608084,11.239031390467119,39.56091603852175,0.02461327326677722
3971,0,39.59740908132573,30.179426334845235,9.417982746480494,30.330247060575193,0.021949233056567558
3972,0,42.19376482404829,28.739538230693242,13.454226593355045,28.86020639093774,0.019489385263519846
3973,0,44.875209959725495,31.04114007287748,13.834069886848017,31.212174572681935,0.03387660342817169
3974,0,43.501045598833784,29.385564635932646,14.115480962901138,29.521000455734008,0.024017149118692578
3975,0,43.70857078472147,32.32012847267137,11.388442312050103,32.77705322145714,0.04461894457577119
3976,0,45.69230362716061,35.219146612373436,10.473157014787176,35.80494388984447,0.022739602271104397
3977,0,42.782984171845314,29.07708880573082,13.705895366114493,29.11217925481805,0.02133393289539195
3978,0,42.10259200535448,28.644910387706013,13.457681617648468,28.768285004976708,0.029407583808493263
3979,0,46.05722466373048,32.72266920121598,13.334555462514501,32.92095933073044,0.01958967480216448
3980,0,50.68123311038917,40.21996879805098,10.461264312338194,40.83704901328477,0.010644675581957638
3981,0,47.499730603189676,34.87418691799199,12.625543685197684,35.02183123899506,0.01932585152311567
3982,0,43.68554072520679,30.00315663566275,13.68238408954404,30.121981232823366,0.029919228341277977
3983,0,39.49187402552012,26.709148862091862,12.782725163428257,26.86669859223017,0.023772681364540294
3984,0,45.01718285474864,32.41286062079103,12.60432223395761,32.68460938495095,0.027538820347081598
3985,0,44.305078731414355,32.25505578392891,12.050022947485445,32.60383359684705,0.01793762677661039
3986,0,42.2193580137683,28.935065092175556,13.284292921592744,29.046283762878243,0.019271027693737994
3987,0,48.893889111233264,36.831459331553354,12.06242977967991,37.1889559672631,0.015443946938207208
3988,0,50.83429514150173,40.30642717064157,10.527867970860157,40.7672153759307,0.0180052424743766
3989,0,52.05205629826085,41.04123367233332,11.010822625927531,41.4282424891429,0.019629602207757543
3990,0,46.96864327105462,33.65122438172895,13.317418889325666,33.73214050994214,0.01988445020865833
3991,0,48.72326470750778,37.29536018091021,11.427904526597572,37.617735264150156,0.02079330842491831
3992,0,50.28503247960866,38.13767488236491,12.147357597243747,38.44056107304053,0.016159804375513395
3993,0,37.74697442848483,31.25456513555463,6.492409292930205,32.00522198570215,0.06768750429299189
3994,0,49.465911678762225,36.7393196461165,12.726592032645726,37.01504109486679,0.01852616006268628
3995,0,42.991672422173394,28.493169368680952,14.498503053492442,28.520765347257264,0.032378562185303904
3996,0,47.54119993245699,34.615323661627244,12.925876270829747,34.81342064328581,0.022695073723833743
3997,0,50.78514070603579,38.646738267000714,12.138402439035076,38.93013855604238,0.017657111157828347
3998,0,46.776802385969276,33.44412362559959,13.332678760369689,33.664274725645164,0.024525260480509507
3999,0,47.041441862723985,34.10665088686901,12.934790975854973,34.32893636329266,0.02130358944365165
4000,0,41.43915517250109,29.85252096002685,11.586634212474237,30.069263805046376,0.01671438540805344
4001,0,51.19187766735264,40.21883550882008,10.973042158532564,40.74455922542895,0.014037717865467304
4002,0,44.61905109151199,33.9020404400182,10.717010651493794,34.29408059977064,0.020675834013903032
4003,0,45.297347774910605,31.480632732061615,13.81671504284899,31.661483388281468,0.020450029639712822
4004,0,46.819719131164774,36.33471520156486,10.485003929599912,36.77500647251567,0.023666416910320485
4005,0,42.81732956909259,29.097781885602775,13.719547683489818,29.188068735288464,0.022700389906929307
4006,0,40.883636087515214,30.116549032980227,10.767087054534986,30.390738287201042,0.03489224229006185
4007,0,42.43666658487125,28.112024045726667,14.32464253914458,28.228955659652158,0.021105044322606438
4008,0,43.92825623435229,29.753270755903156,14.174985478449134,29.903501387895712,0.028724656120164956
4009,0,50.708182329574015,37.95723447977913,12.750947849794883,38.15916796315455,0.017047970880816634
4010,0,40.57744296280033,29.03840483990343,11.539038122896905,29.252624999617147,0.033456795708095545
4011,0,49.95757748300959,37.732390910911434,12.225186572098153,38.02013383838508,0.0163621482189951
4012,0,40.68891478036324,28.40798829350829,12.280926486854952,28.47758482485582,0.03955425512409448
4013,0,41.622878774923734,30.396027963295698,11.226850811628037,30.75986304435773,0.04320156469316826
4014,0,42.188362598425456,30.908847066177042,11.279515532248414,31.10284992690715,0.03481364784623608
4015,0,36.19642133309665,29.16370393042259,7.032717402674063,29.76698922505292,0.048034204597902724
4016,0,40.572242319862035,27.82260405961493,12.749638260247103,27.943881081657416,0.03490065621005109
4017,0,41.026264149624694,27.645383800348466,13.380880349276229,27.707786390299322,0.030236834555284583
4018,0,47.244519814467964,35.491937108492024,11.75258270597594,35.78947856023861,0.018910691676530512
4019,0,42.02268925524727,28.622229897091923,13.400459358155349,28.793703684098258,0.020878944579900718
4020,0,50.036449274759875,37.70952318588989,12.326926088869982,37.96924667854539,0.023977557735320995
4021,0,47.61936424484492,35.823295351831916,11.796068893013,36.19286663459296,0.03486514439181433
4022,0,50.271387460685915,39.820393555975585,10.45099390471033,40.17893200357216,0.01940824857699793
4023,0,50.08342238089294,37.461554982243825,12.621867398649115,37.634314749699854,0.018544212981539483
4024,0,40.41682025915465,31.668055172222356,8.748765086932291,31.98786543998373,0.020705697837791186
4025,0,45.93081921614281,35.03925162313909,10.891567593003721,35.59021141501256,0.02104752624213892
4026,0,50.58146923923465,38.790758451776924,11.790710787457726,39.07788738792898,0.018896842691149465
4027,0,45.235980375998665,33.537793885134164,11.6981864908645,33.872141790991705,0.029262235061317345
4028,0,40.94439817175096,28.98021207583467,11.96418609591629,29.185461944496602,0.017038785899908145
4029,0,58.27550487792773,56.91455632061775,1.3609485573099818,69.39215026570893,0.03463711660315792
4030,0,38.32755985714908,33.81028479478827,4.517275062360817,34.43793197697025,0.021192760997045045
4031,0,50.28630850982711,39.005142751342696,11.281165758484413,39.384246132423,0.03976616460284164
4032,0,50.62709411385815,37.938546752291764,12.688547361566386,38.17603854498141,0.016854097990267245
4033,0,46.11672368726518,32.907926558025025,13.208797129240153,33.107796777564616,0.021814461282303518
4034,0,53.20107200769762,42.224283759473536,10.976788248224082,42.720289625292395,0.02384170741997571
4035,0,42.51021865859779,29.165540352354654,13.34467830624314,29.268075891029568,0.03567774796562083
4036,0,44.79859800303092,32.16153543866888,12.63706256436204,32.42673580991273,0.0454547229931063
4037,0,46.908765025763614,35.36254458783147,11.546220437932142,35.65703013341107,0.02317993231560576
4038,0,49.916899595684754,37.8357498489289,12.081149746755855,38.0530111912593,0.032149317278358076
4039,0,40.5778764170519,28.578471813654136,11.99940460339776,28.70516185079285,0.02789667434392416
4040,0,42.13636382264443,29.157584794707265,12.978779027937161,29.297212323285354,0.02000524975267549
4041,0,44.19847147613547,30.846419782555262,13.352051693580204,30.947813386991715,0.0174562126871039
4042,0,41.261788787170445,27.838007608736774,13.423781178433671,27.955259224162436,0.03879272223795268
4043,0,44.252720966004546,30.991220749484675,13.26150021651987,31.14697241473461,0.017053470470134748
4044,0,40.31333415629614,31.045059696497535,9.268274459798608,31.19727104063267,0.04945063812958662
4045,0,48.41046119662113,37.82957275154938,10.58088844507175,38.14962688809091,0.018850245662374754
4046,0,44.09522440195519,31.30193147135097,12.793292930604224,31.552891695835147,0.024036917100273218
4047,0,72.06678323784207,74.56016024554707,-2.493377007704993,78.13354392232759,0.0018064982859005078
4048,0,53.31079564279264,42.2280110610708,11.082784581721839,42.52975879340208,0.007962173463336025
4049,0,40.78032858679886,29.434530145026468,11.345798441772391,29.56933271011392,0.01855886851599925
4050,0,44.19426130240534,31.372464330703302,12.821796971702035,31.527396901895653,0.028699235844001175
4051,0,46.84324798848658,34.32744677908061,12.515801209405971,34.537018160447786,0.021442328114959
4052,0,44.12367096123434,30.756045352426273,13.367625608808066,30.938911820640627,0.035986953398855694
4053,0,47.33429311908614,35.74022652234876,11.594066596737377,36.02777319854604,0.022735033391389953
4054,0,44.27418159632791,30.97985861174082,13.294322984587087,31.121143417128213,0.03623331187582995
4055,0,38.18891297163975,29.205437539079096,8.983475432560656,29.418007750330798,0.023758045187258412
4056,0,50.45588964832507,38.10475078977003,12.35113885855504,38.42366780318194,0.013045799074282972
4057,0,39.16649372183057,32.163200194950406,7.003293526880164,32.179863647998594,0.05117292797670724
4058,0,44.3158815497534,31.019162515627595,13.296719034125804,31.267634393785375,0.033842917637049164
4059,0,44.81619000689939,32.353613229440114,12.462576777459276,32.630147295477315,0.03610095609661286
4060,0,47.227471374377615,36.12840795695681,11.099063417420801,36.48563581087795,0.014980408171447116
4061,0,42.75564116200239,29.46064442974159,13.294996732260802,29.541687504006877,0.03546607507460343
4062,0,51.13719004551402,37.82354804659892,13.313641998915095,38.00397303712569,0.010696543140112105
4063,0,45.79448273491276,33.947745105440916,11.846737629471846,34.20886218587805,0.019073216692886898
4064,0,39.792103072551726,31.704480298833882,8.087622773717843,31.93946188314587,0.04219923711727332
4065,0,50.94638663140219,37.76052350221177,13.185863129190423,37.9678211773725,0.011763118264820509
4066,0,37.0990130096251,29.72899701583749,7.370015993787607,30.05821408692408,0.020591021614379687
4067,0,47.191171377731905,34.54704076913706,12.644130608594843,34.72271020668521,0.025435329595786337
4068,0,46.58227035010151,34.34776388998972,12.234506460111788,34.60212643192854,0.011038191637175503
4069,0,43.93178343671396,30.763392088892534,13.168391347821423,30.985972015842226,0.023798413506347846
4070,0,48.39823825670692,35.72614592891849,12.672092327788427,35.925151034244564,0.02948662561820804
4071,0,44.59352133409524,31.436953079015968,13.156568255079275,31.629542208757094,0.023105583546130376
4072,0,49.91469087683875,38.245624751410304,11.669066125428444,38.62948380245851,0.024566568698125343
4073,0,43.76838296481074,30.543474915331448,13.224908049479293,30.655191971916427,0.026005501361953922
4074,0,50.064973764145805,38.14438011958879,11.920593644557016,38.41936836057156,0.015726885430421732
4075,0,72.06267378093817,74.54683042647653,-2.484156645538363,78.13496793677842,0.0018090290923930318
4076,0,43.04899129321231,31.4764497575714,11.572541535640909,31.87680280782857,0.04782926800479081
4077,0,50.67287707072657,38.43521352102623,12.237663549700343,38.72757974006269,0.014994436704058655
4078,0,43.108003435648214,31.31095989632543,11.797043539322786,31.641741901961385,0.027237908715196827
4079,0,50.763343568185846,39.659668969453875,11.10367459873197,40.00943836587933,0.014769917099315365
4080,0,50.03968658962302,39.249307960884764,10.790378628738253,39.727303282913056,0.025904199158621768
4081,0,44.82230149991295,31.689893064667086,13.132408435245868,31.904841686123802,0.01985003959876373
4082,0,43.887327511178114,31.597198644973243,12.29012886620487,31.795952736793126,0.03176166183075611
4083,0,63.12568148919796,62.769061042403536,0.3566204467944232,76.69708432159655,0.009352850656740007
4084,0,44.45886081038839,31.25874563889376,13.200115171494627,31.471015447700434,0.023842270419052448
4085,0,43.14819713761442,30.111338938095777,13.03685819951864,30.346702791735304,0.02037524715244729
4086,0,48.821353102087954,37.860802543520094,10.96055055856786,38.236117717727,0.03260939868243175
4087,0,40.65193301701475,27.954083732809284,12.697849284205464,28.05516661020633,0.029254324427953237
4088,0,44.14481761033326,30.964302603782063,13.1805150065512,31.16924187667187,0.019415905416251936
4089,0,44.39753569700797,32.406441916736625,11.991093780271342,32.70620164167984,0.02596376513275446
4090,0,43.791960640537084,31.04062434821174,12.751336292325345,31.247307885707755,0.016740496090228606
4091,0,51.94977551627737,40.513692624011256,11.436082892266114,40.78339584698698,0.022684855284705718
4092,0,42.1520297627019,29.163111976853916,12.988917785847985,29.223810365900942,0.023873792507846454
4093,0,49.88850755862899,38.09432344790571,11.794184110723279,38.384040848021854,0.02039600665033483
4094,0,66.02454177806533,65.941873168631,0.08266860943432164,77.44721877805304,0.00778110803445736
4095,0,44.71277068026977,31.55782698733164,13.15494369293813,31.760270506918424,0.02347809737902779
4096,0,43.384072991643905,30.757209915789137,12.626863075854768,30.94483681517823,0.02514575266695454
4097,0,53.30445512012167,41.096404583181695,12.208050536939979,41.53427657974639,0.007249159881273223
4098,0,39.104630482591304,32.07690979062363,7.027720691967673,32.6753011898537,0.03236926643832194
4099,0,37.87308035382026,28.6867912540463,9.186289099773955,29.057113410692274,0.03172135373399789
4100,0,72.06678323784207,74.56016024554707,-2.493377007704993,78.13354392232759,0.0018064982859005078
4101,0,46.30919766758417,35.07835431070316,11.23084335688101,35.488215538517835,0.014837867246099555
4102,0,51.582472133157935,40.68472686109544,10.897745272062494,41.107030727040545,0.011348403633326804
4103,0,44.243794507147356,30.818904849956073,13.424889657191283,30.924936253944562,0.020083715148648672
4104,0,50.90780488629957,39.34739275079019,11.560412135509381,39.713838102842246,0.029873612167774045
4105,0,48.39157063887038,37.72106265594548,10.670507982924896,38.07629254046649,0.029936512241926665
4106,0,49.353631902024176,38.198753446488496,11.15487845553568,38.75928639456616,0.030273712129961303
4107,0,42.15019342548884,30.420422215715664,11.729771209773173,30.603678147923592,0.03961063613089348
4108,0,44.3077115964534,31.357333162679787,12.950378433773615,31.562114555358658,0.02044323311900835
4109,0,52.57686271507633,41.35067373438126,11.22618898069507,41.63669383721816,0.013292124539918597
4110,0,49.7518804884227,38.058442879600236,11.693437608822464,38.37594121321324,0.02140595450192553
4111,0,53.04802013875137,42.63062370874229,10.417396430009077,43.1905504581493,0.00760309835118828
4112,0,48.741908814243814,36.363796063344935,12.378112750898879,36.65008171581577,0.018167412609138348
4113,0,47.03885456319199,36.36334474087434,10.67550982231765,36.91775514876131,0.013462438669577895
4114,0,50.823862997561264,38.055421923318505,12.768441074242759,38.32240683269271,0.011596287351782518
4115,0,49.60734711056311,37.61615256237501,11.991194548188105,37.8836931154174,0.03390452508187828
4116,0,43.88024065303124,30.185456974282804,13.694783678748433,30.344377202775796,0.029133494772770475
4117,0,50.83413687226685,38.729609460319864,12.10452741194699,38.864369310130485,0.013680599441384538
4118,0,49.40580020464765,38.08198352282407,11.32381668182358,38.401376320366126,0.023372731958181063
4119,0,42.95481464797679,29.42031632633695,13.534498321639841,29.58102025934713,0.02383203262274653
4120,0,72.06678323784207,74.56016024554707,-2.493377007704993,78.13354392232759,0.0018064982859005078
4121,0,50.531462253804904,39.1227416279809,11.408720625824003,39.33567349202738,0.016248106480858865
4122,0,46.583498979230086,33.74485835404643,12.838640625183658,33.928330768549955,0.021772028846978427
4123,0,44.29104079349226,33.89333611065659,10.397704682835666,34.1231597981197,0.018853577247769263
4124,0,53.60504977632921,42.555185214007096,11.049864562322114,42.923967228435686,0.008589289568514912
4125,0,40.53624727368714,29.789579710372816,10.746667563314322,29.826480200212746,0.0195775443040205
4126,0,45.18360876057798,32.29187072371198,12.891738036866002,32.49239739431198,0.023080434270457043
4127,0,48.41079089228165,36.88792523477122,11.522865657510437,37.08718060553139,0.014380538862881254
4128,0,39.58042460727235,30.01309682296196,9.56732778431039,30.228050604708084,0.016347362561283964
4129,0,50.05277695768052,38.28043742015019,11.772339537530328,38.529364194781635,0.01620316986778755
4130,0,47.24736898094008,34.295970551228336,12.951398429711745,34.49410197420672,0.01242733293912369
4131,0,44.230329389382675,31.203947849477878,13.026381539904797,31.373030256306198,0.02063722934879907
4132,0,41.60385665378455,29.86479413175216,11.739062522032388,29.97037796566562,0.028927700011438802
4133,0,48.29573123092068,35.9372302151717,12.358501015748978,36.11257203332643,0.013674367505502945
4134,0,49.96592166144504,37.431592713641365,12.534328947803672,37.60444156990992,0.011004973960208112
4135,0,40.38959697621725,29.460435256305114,10.929161719912134,29.68125702254443,0.03241781639126593
4136,0,72.06678323784207,74.56016024554707,-2.493377007704993,78.13354392232759,0.0018064982859005078
4137,0,50.87869069464655,40.43069187049486,10.44799882415169,40.93921628894019,0.03241286087369175
4138,0,49.1842942524502,39.14996506980242,10.034329182647781,39.71840249943905,0.014037967357982323
4139,0,49.94327561654309,37.04349276377842,12.899782852764673,37.279250072956955,0.016658866871069287
4140,0,43.85621290601401,30.795407610819087,13.060805295194921,31.011965886237714,0.021737837618433238
4141,0,43.92009090104699,30.812309687916706,13.107781213130284,31.01028576908295,0.01599863762461377
4142,0,45.166408482358264,31.16291421048657,14.003494271871695,31.25859491480008,0.024358681210784078
4143,0,47.71545025603537,34.7525326012818,12.962917654753568,34.955968868144126,0.031182602608184427
4144,0,62.84863746252134,62.60820579655727,0.24043166596406707,75.26459262950796,0.008835006288071264
4145,0,46.57617391016211,36.299310136478034,10.276863773684077,36.73611575198956,0.016471780822167655
4146,0,44.962426842781,32.181418477288304,12.781008365492696,32.39239157145751,0.026976586813690827
4147,0,72.06678323784207,74.56016024554707,-2.493377007704993,78.13354392232759,0.0018064982859005078
4148,0,52.23275917312324,41.668125034761445,10.564634138361797,42.103012735748635,0.021003400479741415
4149,0,50.455364402921816,38.4781268191178,11.977237583804019,38.791992655655726,0.016441723426500608
4150,0,44.612014825178136,32.08905623069419,12.522958594483946,32.2371302579642,0.02463403276466476
4151,0,40.92399290090975,28.537456660450733,12.38653624045902,28.584334554948924,0.02733540436783277
4152,0,50.91021237248752,39.199169570233835,11.711042802253687,39.487382735894684,0.018379709231443296
4153,0,50.89925529577995,38.3035608739543,12.595694421825655,38.4534614725347,0.016717372865841025
4154,0,46.47762059512297,33.23661786378661,13.241002731336359,33.428337483570346,0.025901274073962935
4155,0,38.72628200441076,31.853152446916454,6.873129557494309,32.08399147823117,0.02682107339732547
4156,0,47.60024961482304,36.58875355463427,11.011496060188769,37.01715658813451,0.016115794792991415
4157,0,50.42640597118569,39.958686679847865,10.467719291337822,40.398136268146715,0.0352504683748794
4158,0,42.30521213893961,29.04120554240838,13.264006596531228,29.16662855677517,0.020063946398542604
4159,0,42.97770398932538,29.6617236064962,13.315980382829178,29.849209456337917,0.017323235444278752
4160,0,44.54351733484407,31.083658596238323,13.459858738605746,31.272153669152406,0.030298870008824808
4161,0,40.244591444246936,27.919548128695023,12.325043315551913,28.09831553420528,0.018138384543080754
4162,0,50.0982652026176,38.36587189549334,11.732393307124255,38.57924039173912,0.03402287271669612
4163,0,38.07788761677766,28.628465654811883,9.449421961965776,28.719333044459237,0.03229073651842246
4164,0,52.62611381338566,40.894436178878166,11.731677634507491,41.26532442051521,0.010356764445823096
4165,0,41.2329151032825,28.328626291980214,12.904288811302287,28.428829707427898,0.02899888925932314
4166,0,43.72184773403609,30.18804436794139,13.533803366094698,30.362243509696533,0.03255734938188488
4167,0,49.41036229551179,37.01332114405005,12.397041151461735,37.268016505305184,0.03172066332798651
4168,0,42.31671498970469,28.53205968770711,13.784655301997581,28.69494064078384,0.028168648933586327
4169,0,39.570591179033784,28.041616081881784,11.528975097152,28.204699885160228,0.030430354715036877
4170,0,63.108157469680336,62.724363381078376,0.3837940886019595,73.43103632605775,0.010850095029118014
4171,0,43.49658318384181,31.691375524335186,11.805207659506621,31.958906499829418,0.040601706432446996
4172,0,46.8172980260732,36.00437307593139,10.812924950141813,36.388121961850345,0.02088551741719292
4173,0,42.54534855596884,31.486804002035786,11.058544553933057,31.8892652168978,0.022374619945470915
4174,0,48.32009063267647,37.4544402065287,10.865650426147766,37.85022358851343,0.018400210633625645
4175,0,44.63031126608294,32.36997706412033,12.260334201962614,32.62993401762361,0.03350448104042715
4176,0,40.321776688699245,30.86216108957247,9.459615599126774,31.18251524581107,0.03268376465828748
4177,0,51.260334133247454,38.51479706714555,12.745537066101903,38.65115361852608,0.011393305833637428
4178,0,46.68980695382125,34.60617059259657,12.083636361224677,34.86587896415908,0.012454178118659879
4179,0,47.546964517487226,35.81782632972228,11.729138187764946,36.27887029740215,0.017941687482372064
4180,0,61.7609730022713,59.95838071658079,1.8025922856905083,64.07070584835431,0.022201629148269033
4181,0,51.98012661123403,40.76675758066588,11.213369030568145,41.15677985607915,0.019676091696655094
4182,0,44.50132170820933,31.747956891932365,12.753364816276967,32.00573938688482,0.01923216493292884
4183,0,49.22037054367948,36.931972112492375,12.288398431187105,37.156941755279234,0.011327467770040718
4184,0,69.93680885894419,71.06420913903348,-1.1274002800892902,78.10936735331475,0.0021934447667706115
4185,0,43.26531437991815,30.143662566724295,13.121651813193857,30.324686693852378,0.034666419302007354
4186,0,50.633048129095116,37.95250977704225,12.680538352052864,38.206601840599724,0.012738456557743855
4187,0,47.43276139881037,37.11977582782872,10.312985570981652,37.57434215465895,0.020826700274166447
4188,0,40.90843766356738,27.678228138095555,13.230209525471828,27.75794734479729,0.029152490616672543
4189,0,51.448070777625716,38.22130691752121,13.226763860104505,38.39110984954487,0.011535046617934527
4190,0,47.63936494705814,34.68978562158708,12.949579325471063,34.892524088259464,0.036639442674328504
4191,0,51.37792389840156,39.12680534514088,12.251118553260682,39.40554361261229,0.01159711971043176
4192,0,49.57105746072648,37.821406505533275,11.749650955193204,38.118977474387776,0.01568823237237305
4193,0,72.06678323784207,74.56016024554707,-2.493377007704993,78.13354392232759,0.0018064982859005078
4194,0,49.41622520089908,37.28838173467565,12.127843466223425,37.52871428354014,0.01414603202974584
4195,0,49.4662619058566,37.79674344150768,11.669518464348918,38.276048496317344,0.02658152832094497
4196,0,47.42991196326395,34.993001903863174,12.436910059400773,35.19367984227088,0.035415169998349566
4197,0,39.811154635118484,28.891624738660436,10.919529896458048,28.997054075420333,0.027782720788487196
4198,0,53.62142581037338,42.652694945267314,10.968730865106068,43.1220149789967,0.008039108029157794
4199,0,64.35548213559326,64.15100258771172,0.20447954788154732,77.12334334978007,0.0074020880672384
4200,0,62.88287450249608,59.46805998111408,3.4148145213819987,61.902625598337664,0.022704472709097784
4201,0,51.10233462426521,39.47540007847229,11.62693454579292,39.77270287424757,0.017573070894623035
4202,0,49.98773715766295,37.94976865643051,12.037968501232442,38.2213647294189,0.014927973833775629
4203,0,42.267583543694315,29.002881704185164,13.26470183950915,29.17862278770304,0.0268623469001981
4204,0,63.07067503182709,63.01993151817399,0.05074351365310292,77.33748918573205,0.0104037787293212
4205,0,50.91857578667519,38.945228588258985,11.973347198416207,39.129618971853105,0.011742665255582886
4206,0,50.09555098565605,38.160817316302484,11.934733669353562,38.5164179278058,0.012617126842132287
4207,0,42.86714359720459,29.09334372317426,13.773799874030328,29.24830855214879,0.02138847927188655
4208,0,44.32047073774652,30.694904046587364,13.625566691159154,30.837382527946676,0.02788977888700047
4209,0,50.90175397614564,38.499040704656764,12.402713271488878,38.85941824683986,0.011867932006097391
4210,0,49.00134395231987,37.77226807827327,11.2290758740466,38.11851011283723,0.021165626535239287
4211,0,47.495862770425376,35.5683888335068,11.927473936918574,35.90929144367439,0.03269262594416571
4212,0,53.53157743931368,42.6002097129209,10.931367726392779,43.12896932581569,0.007717757905918816
4213,0,50.72324789067437,38.01710346296568,12.706144427708693,38.17362007162525,0.0132761053998164
4214,0,43.454962340409,31.87632719323833,11.578635147170669,32.169887829187864,0.05061526058650081
4215,0,38.9953030314623,31.761961937633345,7.233341093828955,32.15072285993031,0.01915782046504854
4216,0,44.61261597844127,30.434168833649867,14.178447144791402,30.56037178640686,0.02673038932050903
4217,0,39.95329698092377,32.299727959805864,7.653569021117903,32.65829119285388,0.0289778910229083
4218,0,50.907762912132526,38.86223500107427,12.045527911058258,39.206953880300645,0.013782816094627934
4219,0,42.59508749796812,32.96964468007933,9.625442817888796,33.28340911976336,0.026501677811353926
4220,0,50.80633374188834,39.235241497886264,11.571092244002074,39.4906363594952,0.014621431413922605
4221,0,42.02511671392955,28.832226527052313,13.192890186877236,28.923166116502863,0.02382729226496119
4222,0,44.60107619549282,31.324652595517247,13.276423599975576,31.500880237091504,0.027172655668531883
4223,0,50.40167626314529,38.416272570973845,11.985403692171445,38.67061266668951,0.018336347002173646
4224,0,48.9873930494055,37.48649299000556,11.500900059399939,37.839903318166364,0.024874674747792317
4225,0,51.6862781469048,41.031010706514834,10.655267440389963,41.420515334439095,0.01257091501631681
4226,0,40.69525418209693,30.583681170922997,10.111573011173935,30.979609141327966,0.030103751806497873
4227,0,47.24533899114407,34.04153176164796,13.203807229496107,34.19542875802905,0.018028049531525325
4228,0,42.591788613606184,29.62575163369115,12.966036979915035,29.833910615426348,0.018374272015253938
4229,0,44.29556603183559,31.20743386845246,13.088132163383133,31.411682886052766,0.03726323848579999
4230,0,43.93264857848487,30.68900760583753,13.243640972647341,30.88213634030248,0.022646611953589024
4231,0,48.573385934285426,35.66438806089714,12.908997873388287,35.93781969078483,0.014095052750976738
4232,0,44.51564291128372,31.79246486142151,12.72317804986221,31.928031235771872,0.023181861581002064
4233,0,44.27483471566303,31.169054815398443,13.10577990026459,31.377651658603536,0.024524598034866184
4234,0,49.10965038442443,38.101066155489775,11.008584228934652,38.49041916842867,0.010212991157847616
4235,0,50.10795110927076,38.38253715195413,11.725413957316626,38.645405242444696,0.015108374164071084
4236,0,47.544135719472905,36.844311099111266,10.699824620361639,37.23822580076057,0.020881648132412594
4237,0,52.388316929112975,41.71844883796453,10.669868091148444,42.096429764086224,0.020700196097675528
4238,0,43.71661728117087,30.81535319858199,12.901264082588877,31.0093895375982,0.016231667935235734
4239,0,72.06665168204123,74.56016102940626,-2.493509347365034,78.13306742132256,0.0018069859792098763
4240,0,52.13769578474894,42.033662326467436,10.104033458281506,42.4600202264747,0.032403726437154216
4241,0,49.59451971434062,38.79886842436967,10.795651289970948,39.16247887599373,0.021776222902187784
4242,0,49.86611861892925,37.59328878561362,12.272829833315626,37.79463400633334,0.02299679405559478
4243,0,50.40726606974495,38.14545718826395,12.261808881481002,38.36770851990953,0.017077166882067608
4244,0,49.13921085959436,38.741634934307335,10.397575925287022,39.13573784416959,0.014135180180741325
4245,0,44.77765152769639,32.605078732764326,12.172572794932066,32.90192732898272,0.026094561947580554
4246,0,43.89340144251909,31.12662313614148,12.766778306377613,31.303280246792998,0.02230626913478674
4247,0,65.97489515828288,66.3346532420888,-0.35975808380592866,78.09974420187064,0.00249090369647422
4248,0,44.778467648374104,32.33396774948291,12.444499898891195,32.53005532442104,0.02148352516612072
4249,0,39.72597004770483,32.060981610184655,7.664988437520172,32.579673365144544,0.023368320672419837
4250,0,42.51854712541554,29.33472524738678,13.183821878028759,29.452022694492165,0.024321650929481783
4251,0,43.26439972457764,31.62439348564831,11.640006238929335,31.93911420616698,0.029774322749987026
4252,0,41.94886383367539,28.80765631106096,13.14120752261443,28.863643025740327,0.030379434583200214
4253,0,50.600627372545944,38.45996468714975,12.140662685396194,38.7461491397908,0.01985093217974418
4254,0,48.08742880633068,35.41118595678418,12.676242849546497,35.55704067269514,0.027809035796428974
4255,0,43.35415274793334,30.37472310701092,12.979429640922422,30.603308401244895,0.017695502893975524
4256,0,44.11138292077898,32.0578034053847,12.053579515394276,32.20761070743545,0.024870629097613447
4257,0,44.52146841267124,31.56689434139185,12.954574071279389,31.796713247472802,0.025033057328080387
4258,0,44.56936807865905,31.586594992164944,12.98277308649411,31.75411909466565,0.023169193383472265
4259,0,72.06694570151157,74.56029585529252,-2.493350153780952,78.13388616083196,0.0018046768191394003
4260,0,41.82546426317718,33.434111395345155,8.391352867832026,34.02764863469234,0.03561385637380077
4261,0,43.84415034222495,31.068641672744985,12.775508669479965,31.168628369346962,0.024188380575289173
4262,0,50.4937399188136,38.35479881321117,12.138941105602434,38.599547276415606,0.01795390508781655
4263,0,40.53317941390551,27.66312682842882,12.870052585476689,27.734457251818064,0.018911035804137433
4264,0,66.3603889754463,66.7223763943867,-0.36198741894040154,78.0543310734327,0.0020484722747399187
4265,0,47.88516815651319,35.11331560983791,12.771852546675277,35.2735824771697,0.03220394108356423
4266,0,47.67564389316958,35.08957059864136,12.58607329452822,35.22749173701217,0.02748194465684765
4267,0,43.47285993442483,30.0675627196902,13.405297214734631,30.202840619625697,0.021747154873390635
4268,0,50.32435429812084,38.1756908572889,12.148663440831939,38.41845730665551,0.015928128007890157
4269,0,51.20461407143813,39.016100640460714,12.188513430977416,39.429977329733454,0.025039759640648213
4270,0,72.06678323784207,74.56016024554707,-2.493377007704993,78.13354392232759,0.0018064982859005078
4271,0,41.18574132271716,28.047555469589867,13.138185853127297,28.143177079635787,0.02650440717343632
4272,0,41.158388089086785,30.78927458680386,10.369113502282925,31.1158486970749,0.02957348342619502
4273,0,41.04996456366699,28.551253752882733,12.498710810784257,28.656055436015873,0.01828302227868362
4274,0,43.74080473509218,31.20173957742761,12.539065157664574,31.445860946898424,0.018900119656618437
4275,0,40.370180609954105,28.092764907464403,12.277415702489701,28.23814154329609,0.029720750684779525
4276,0,50.23636155305596,38.42023275033743,11.816128802718524,38.69856878146896,0.03134131426049661
4277,0,48.504571285536755,35.81671259737013,12.687858688166628,35.99712316723982,0.020029545161724144
4278,0,43.376241717803836,33.62898920723481,9.747252510569027,33.893559165533546,0.030893462291253913
4279,0,40.51663190317166,27.910078851451814,12.606553051719843,27.990202777542716,0.025567093905679027
4280,0,44.44439706251623,31.777052138677643,12.667344923838588,31.98676287307147,0.020659741746684366
4281,0,61.4215717405517,61.27926235806366,0.14230938248803682,77.24066226968534,0.008530725990476613
4282,0,43.399655446767696,31.046204909078106,12.35345053768959,31.264475831452582,0.033303783669272995
4283,0,39.12346876732057,32.16956305307943,6.953905714241138,32.500190289340466,0.027408346515714863
4284,0,42.81490197617252,30.08534560102987,12.72955637514265,30.29388503967428,0.023253844473179866
4285,0,39.70660719887481,28.25904550716439,11.447561691710423,28.28295411417851,0.02776507779623984
4286,0,49.2736347977697,37.01768039261994,12.255954405149765,37.21625994915857,0.024568134478736837
4287,0,50.065024728664184,38.184261975819126,11.880762752845058,38.45244647018632,0.017922367943439738
4288,0,43.65201318989256,30.801096931872014,12.850916258020543,30.990734912481226,0.027250959754689323
4289,0,47.2730865740715,34.33336826371399,12.939718310357506,34.515419189792865,0.02432170685021791
4290,0,47.00097616552739,36.12416141411628,10.87681475141111,36.436030530751296,0.013408571945106966
4291,0,53.17428432049452,42.73606511011481,10.438219210379714,43.24744369084091,0.014209592398744237
4292,0,53.42771966965077,41.03221392037067,12.395505749280098,41.27660016873372,0.011172350100423318
4293,0,50.38729841027288,38.361911257190826,12.02538715308205,38.63458591820702,0.016466840440210788
4294,0,49.37524429512237,36.87033068610691,12.50491360901546,37.0834648080195,0.0200514488839047
4295,0,47.70624043113462,36.14407110695143,11.562169324183188,36.4797314389335,0.019783702550136985
4296,0,40.788626718660055,28.239405789761268,12.549220928898787,28.30438320336367,0.022450652789422675
4297,0,52.54678196569316,40.71592427796084,11.830857687732319,41.032574450762226,0.015068106896909142
4298,0,51.67844653100913,38.91551474903442,12.762931781974707,39.094252005921135,0.013700169548230653
4299,0,50.380195699160154,37.079436182729125,13.300759516431029,37.3065173466498,0.015219540278240917
4300,0,51.73179350110905,40.17207957098769,11.559713930121362,40.45779151344624,0.02078859244591777
4301,0,51.449654903166106,38.30820144109693,13.14145346206918,38.479010504220064,0.02824232041391118
4302,0,42.76968682035587,29.051102796659475,13.718584023696398,29.14012536498867,0.017515619866046266
4303,0,48.80059860497198,35.99835478924615,12.80224381572583,36.21937247535553,0.02681023983010007
4304,0,51.35415935162433,39.69722341477932,11.65693593684501,40.11035666165125,0.030491568616115013
4305,0,40.45022207047857,30.893250037841366,9.556972032637201,31.49708878487018,0.0305346361339218
4306,0,44.181196911834476,31.728801170736386,12.45239574109809,31.907412002830196,0.03664524122450513
4307,0,48.28704730942276,36.85819444343528,11.42885286598748,37.2656779733894,0.030705390101678696
4308,0,43.554860110547196,30.149856764663834,13.405003345883362,30.30997790235844,0.022970803818082034
4309,0,40.02618333859654,28.067025347757088,11.95915799083945,28.053027337312727,0.024929074870053976
4310,0,50.383610408235484,37.809109194748444,12.57450121348704,37.951990229674706,0.014318959378420199
4311,0,42.74047629517932,29.819210335763916,12.921265959415404,29.962196414556903,0.020746754412094462
4312,0,49.684538198281984,38.66954562947923,11.014992568802754,39.221283367043185,0.01617333507966623
4313,0,49.379798429897534,37.72040721684055,11.659391213056985,38.04983589133069,0.02834966887009279
4314,0,49.952504897042516,38.03499341760168,11.917511479440833,38.2813695130814,0.02245627927579584
4315,0,40.33499589389038,27.32766509425448,13.007330799635898,27.419736649172652,0.019711377681149805
4316,0,51.33245912833607,38.41132147725611,12.92113765107996,38.631577630033675,0.013528614408388895
4317,0,40.99228958457244,28.016078818059547,12.976210766512892,28.062360466109407,0.02249883710678431
4318,0,47.566457781108966,36.73295711015196,10.833500670957008,37.11315227992941,0.02492490232282005
4319,0,50.221293830362,38.3696346857577,11.851659144604298,38.581765207330704,0.015084989582224956
4320,0,44.85545068227859,31.83202958367877,13.023421098599815,31.95624207282427,0.029031019871099423
4321,0,49.652197437211925,39.23861748251227,10.413579954699657,39.82407758757609,0.015305544191697247
4322,0,49.94184011825023,38.372661093153226,11.569179025097,38.720211223313115,0.023558481286409562
4323,0,51.297029198003685,39.827152522197046,11.469876675806638,40.162514207338425,0.012474579508756465
4324,0,72.06678323784207,74.56016024554707,-2.493377007704993,78.13354392232759,0.0018064982859005078
4325,0,42.42273750395489,29.03606198132324,13.386675522631652,29.16597315356149,0.021998894971841414
4326,0,51.01205029566316,38.84538076115452,12.166669534508635,39.14583994838097,0.01811469441055552
4327,0,43.161186534907074,29.366472439915306,13.794714094991768,29.48952071376095,0.037089118519887894
4328,0,48.01617596002019,35.3672176771914,12.648958282828794,35.567074505926385,0.01724341277817383
4329,0,53.58722409853854,43.11392554839421,10.473298550144335,43.663718228261914,0.007316877204223355
4330,0,50.54483176066816,38.83113311722711,11.713698643441049,39.16360097215066,0.022052213242938812
4331,0,51.84740791300837,40.940464790324995,10.906943122683373,41.257198263547735,0.01730886799980784
4332,0,48.12383146317721,35.28808995468685,12.835741508490358,35.44724713493789,0.03426381581147974
4333,0,50.13884800604542,39.182437680668315,10.956410325377107,39.5309854268738,0.01603959956382514
4334,0,51.36016670497433,40.00671466078343,11.353452044190902,40.45366307520065,0.01942543775096366
4335,0,42.86259568392312,29.69617321683018,13.16642246709294,29.854976906926765,0.017120116261111106
4336,0,49.35623308609756,36.858716318156795,12.497516767940766,37.00758461598528,0.026342905598977197
4337,0,44.00772880235499,30.86889667672936,13.13883212562563,31.031905711991502,0.02678653589037581
4338,0,50.522826031672366,39.49395341883613,11.028872612836238,39.82678463500951,0.01536330816131656
4339,0,49.70841419045871,37.70022716130532,12.00818702915339,37.87557335905731,0.020674866155008565
4340,0,38.786788582942435,30.96732764724821,7.819460935694224,31.572778600771645,0.026724315468246863
4341,0,45.37642766300057,32.02134383787737,13.355083825123202,32.182158961770384,0.02967293200300024
4342,0,44.04984829090901,30.489610194249853,13.560238096659159,30.66043750048493,0.02295702795981746
4343,0,51.339770354326745,40.39232184510488,10.947448509221864,40.71856058229533,0.01356060322024979
4344,0,51.19112655878766,38.43139585511302,12.759730703674641,38.73383248961319,0.021152764765930598
4345,0,49.73263609463238,37.453963197445944,12.27867289718644,37.73312949121308,0.026498875322155058
4346,0,43.326515142953,33.9022741520551,9.4242409908979,34.40312289796811,0.04487722094795593
4347,0,52.22227839951121,41.51997499508521,10.702303404426004,41.957018573050604,0.009706934712803164
4348,0,42.84526887241036,29.182445312696093,13.662823559714266,29.286323439694,0.017625162135722
4349,0,39.59196503977203,27.759199419139588,11.83276562063244,27.82799850597519,0.026339782978677714
4350,0,50.77409607453566,38.20747732177811,12.566618752757556,38.46985786637322,0.01705953679460551
4351,0,50.012073506410374,38.2823142884631,11.729759217947276,38.6265523371374,0.024577260312712887
4352,0,46.73558197727671,33.69929070891048,13.036291268366227,33.83957259139496,0.03390624571991289
4353,0,47.28824416048903,36.32588698115009,10.962357179338937,36.60788045010702,0.02082057623617175
4354,0,52.5077093819999,39.936012221224615,12.571697160775287,40.13429440230807,0.019253535257318665
4355,0,42.305935250314775,29.042432814800133,13.263502435514642,29.196402694942204,0.020512444376934256
4356,0,47.667220929942204,34.84462948359723,12.822591446344973,34.994522132700666,0.016971856306558234
4357,0,44.246495385347,31.06275238791525,13.183742997431754,31.172758716090044,0.04044322706626948
4358,0,52.608260205988756,41.813641428204335,10.794618777784422,42.24980569689885,0.01399335013834618
4359,0,44.306210800268246,30.738090101772496,13.56812069849575,30.95105744288911,0.015785785032210002
4360,0,51.649007815184746,39.59820484416608,12.050802971018669,39.942489100131326,0.024543757339381536
4361,0,43.89883934083193,31.080441085399677,12.81839825543225,31.310800663994986,0.016391370029816592
4362,0,42.06921828343512,28.885531678506368,13.183686604928752,29.043103365599773,0.022922565730781816
4363,0,44.370217141650116,31.803597541252927,12.566619600397189,31.9407439630457,0.03777460780809022
4364,0,43.67253345963803,31.194455502569593,12.47807795706844,31.44571643895149,0.03353617304222707
4365,0,72.06678323784207,74.56016024554707,-2.493377007704993,78.13354392232759,0.0018064982859005078
4366,0,48.76068793934712,36.55437042926749,12.206317510079629,36.80648754878467,0.025689493643068367
4367,0,50.80586157568163,38.2484623462946,12.55739922938703,38.51359408600818,0.015998762370871278
4368,0,46.17015216555227,35.21587181933522,10.954280346217047,35.67000994202097,0.023630459876992273
4369,0,53.31675395328719,41.98121114977499,11.335542803512197,42.3566931867652,0.006683028027335294
4370,0,44.14837374268552,30.900604404625167,13.247769338060355,31.113245131808487,0.03535459493634121
4371,0,50.68778424632988,38.85878539834502,11.828998847984863,39.131422452982235,0.01419007391103916
4372,0,48.02166985676081,35.77974288559136,12.241926971169448,36.03161469425373,0.019946715797535687
4373,0,49.66583080549745,39.4274827097864,10.238348095711046,40.03443570659984,0.01426928993535494
4374,0,42.5576358424252,29.879986384830435,12.677649457594764,30.065654243241013,0.01596676067774698
4375,0,39.322887798962256,32.25218414226514,7.070703656697113,32.666548904093645,0.02298339243610273
4376,0,42.43336924777624,29.398452242549823,13.034917005226418,29.568658393290278,0.017462671532126307
4377,0,51.753282961093305,39.9701966380144,11.783086323078905,40.28479463873447,0.037742050738859126
4378,0,51.38963197480366,39.576293811837,11.813338162966666,39.8747127370974,0.008918597566536207
4379,0,50.556300584404994,39.57536246606059,10.980938118344405,40.05358910809326,0.026172926256069207
4380,0,40.60871882678906,27.532191576074446,13.076527250714612,27.588533701441843,0.038360122063447084
4381,0,42.36913978414174,29.76361246691267,12.605527317229068,29.798373898049146,0.04100194256606201
4382,0,50.64603740661535,37.41855706219224,13.227480344423107,37.542934207530415,0.012776703115056864
4383,0,41.50721596194351,31.319734898983807,10.187481062959701,31.74719647083456,0.03067077301521994
4384,0,43.19614857691512,29.880552106914436,13.315596470000685,30.057692600805144,0.017943966252369145
4385,0,50.52736438853229,38.512202794086875,12.015161594445416,38.787219822316786,0.014746029266401155
4386,0,45.75762034054462,34.50251530012379,11.25510504042083,35.022927968977285,0.03213743412193157
4387,0,43.22779959208974,32.05356015954324,11.1742394325465,32.41601258759995,0.032662671786780735
4388,0,40.3158511771517,32.141363309097294,8.174487868054406,32.64250604899145,0.021619027562143595
4389,0,43.03098524129274,29.05955740854797,13.97142783274477,29.191310493076724,0.033622306194717184
4390,0,40.44372121716728,28.10943200887397,12.33428920829331,28.157948175784796,0.020942715727058355
4391,0,41.31144477041586,33.44918464915659,7.862260121259268,33.6831639421202,0.023888230811754355
4392,0,47.85990550756431,37.1253681397517,10.734537367812607,37.44862058830857,0.023210469339124955
4393,0,40.52896380930201,27.616374307082374,12.912589502219639,27.741133540704137,0.024711390499903164
4394,0,48.53174489362192,36.72846941350933,11.803275480112589,37.06552755525479,0.022733252531024137
4395,0,50.62628777528431,38.003077685078665,12.623210090205646,38.20647174168659,0.012412606428344993
4396,0,49.80771626198393,39.38073461176148,10.426981650222444,39.79606867887317,0.013305400337754363
4397,0,41.65449139629622,29.04027189431229,12.614219501983932,29.221505093415058,0.035505492741178736
4398,0,42.960954025932736,29.485943629077408,13.475010396855328,29.647982533395787,0.0276393120606953
4399,0,50.8726372611323,39.31054558396194,11.562091677170358,39.6112353142569,0.01952437873954867
4400,0,48.69757627406227,35.819260836371775,12.878315437690496,35.98796290967326,0.02835495337965658
4401,0,43.068827079171314,31.367178523290235,11.701648555881079,31.711038881352813,0.05495301918291167
4402,0,44.09022732874624,32.30942784391743,11.780799484828805,32.65974356452607,0.03611525890027554
4403,0,48.31004961644294,37.12247117038821,11.18757844605473,37.47827629806952,0.02632511669023023
4404,0,38.27974141144008,29.005817220089327,9.273924191350751,29.27724297222132,0.022360839785611254
4405,0,72.06678323784207,74.56016024554707,-2.493377007704993,78.13354392232759,0.0018064982859005078
4406,0,49.765603035772585,37.40111095090958,12.364492084863002,37.611388792357474,0.014610852716206085
4407,0,45.19578950264942,31.750297794984125,13.445491707665294,31.913684032099457,0.027817234636663878
4408,0,49.75626186270162,38.645221423274464,11.111040439427157,38.99518491179472,0.028206141848436016
4409,0,52.805652407433314,42.3030540283887,10.502598379044613,42.75764414844987,0.02195797174698582
4410,0,60.91777967398535,60.80362350041237,0.11415617357297947,77.67218878592021,0.004529393044417101
4411,0,50.07785722168019,38.61207520195212,11.465782019728067,38.80907911755988,0.011588251972160903
4412,0,39.36166194196889,32.24777994248254,7.1138819994863525,32.59430838005095,0.03861756988921982
4413,0,49.8143626618774,38.30042230884881,11.513940353028588,38.6556464238176,0.030634708442014567
4414,0,40.302952945844865,28.43122596317702,11.871726982667845,28.589758921343584,0.04706133864675535
4415,0,47.61545615514191,34.35085851283041,13.2645976423115,34.46028532476636,0.0205520276549204
4416,0,51.36970828933387,39.17784135570463,12.191866933629242,39.43035226222784,0.021782085976290708
4417,0,52.636536963177306,41.24927939657188,11.387257566605427,41.56170164087217,0.00864987807300791
4418,0,48.15344733923983,37.817414776152205,10.336032563087628,38.22746653128371,0.019854055137776994
4419,0,51.91761111214295,40.9115947046334,11.006016407509549,41.29520605730076,0.012764759736299144
4420,0,53.1702135181518,41.58774486290646,11.582468655245336,41.954830641866295,0.01329491751089766
4421,0,72.06678323784207,74.56016024554707,-2.493377007704993,78.13354392232759,0.0018064982859005078
4422,0,48.39952190819248,37.759225574926916,10.640296333265567,38.25316686423423,0.034237720184887376
4423,0,40.44389792314526,26.858172479743885,13.585725443401373,26.952307241457344,0.023762209131302163
4424,0,43.94897615327331,30.69847753249903,13.250498620774277,30.915238527132512,0.03453521419947591
4425,0,39.626406008753506,28.388770972918955,11.23763503583455,28.583162346293275,0.03895536984976903
4426,0,48.37703697365315,37.44270681079795,10.934330162855197,37.8279010714312,0.02619615056794132
4427,0,41.41117829481984,29.489399645423553,11.921778649396288,29.61469536830069,0.024320984182243374
4428,0,49.39746443515763,39.03064075551123,10.366823679646402,39.45281256226485,0.012353285281304359
4429,0,53.24925486073231,42.68591449693287,10.56334036379944,43.15387240663654,0.016321952991139747
4430,0,72.06678323784207,74.56016024554707,-2.493377007704993,78.13354392232759,0.0018064982859005078
4431,0,41.19683241698233,31.080673648713788,10.116158768268544,31.458240006930602,0.04562342294920938
4432,0,37.96603670553484,28.49040853365813,9.47562817187671,28.85433844873312,0.017310098256002583
4433,0,51.41803104687949,38.60613049638159,12.811900550497903,38.79384844919366,0.013588334528373804
4434,0,42.26716076740412,29.349514256059475,12.917646511344646,29.516716984755234,0.017941708990347496
4435,0,44.25561485143504,31.601641598519038,12.653973252916003,31.846122528585656,0.03199157998837262
4436,0,46.128782468517855,34.9326271310295,11.196155337488356,35.41151326802492,0.01917383530355565
4437,0,50.7816967489957,39.39927205058993,11.38242469840577,39.81516164060584,0.02170446865152574
4438,0,44.61293039849173,30.94183744003202,13.671092958459706,31.12280558011646,0.02400098852375726
4439,0,43.845933384462185,30.92509168047086,12.920841703991325,31.103589216449603,0.02589854686267808
4440,0,37.93566355542415,28.66430160352671,9.27136195189744,28.87491570974363,0.02489917663340513
4441,0,50.61917552641236,39.38049155159071,11.238683974821654,39.75808731274137,0.020599644161730615
4442,0,41.467502068540554,28.508263325294507,12.959238743246047,28.68129317035951,0.023940069334141986
4443,0,50.6967440239557,39.014803772618166,11.681940251337537,39.314453628456285,0.01875990141157015
4444,0,49.17263439315697,37.92008663699821,11.252547756158762,38.278209526688016,0.010461825528817453
4445,0,42.667405045765264,31.269382485255964,11.3980225605093,31.442998641859457,0.02693011883276871
4446,0,53.05941328537597,42.22039292182693,10.83902036354904,42.62562438542159,0.016741295111515928
4447,0,39.322337955257865,32.139760596357796,7.182577358900069,32.532319203283436,0.02634082181389111
4448,0,44.45054133273972,31.79420352402719,12.656337808712529,31.9950843112519,0.018942747163115246
4449,0,51.10470526927331,39.24000369667765,11.864701572595663,39.61602269184685,0.0209057521204799
4450,0,50.7306009066061,38.25800361816961,12.47259728843649,38.55826494195655,0.016907959337744315
4451,0,62.497145239633454,61.0091496623412,1.4879955772922528,65.82679147946229,0.019317148066742857
4452,0,49.11405475688993,36.78253976334318,12.331514993546747,36.960865337795276,0.019433548408499292
4453,0,44.19891498702138,31.256258759847906,12.942656227173476,31.46386042426996,0.037647439752547474
4454,0,42.96458601225264,31.09481219694069,11.869773815311948,31.40768725908408,0.02128524314060765
4455,0,51.720410431249206,40.10537695154791,11.615033479701296,40.42207043550119,0.01308349825362122
4456,0,42.46800596664798,29.117535947947964,13.350470018700015,29.278786976269917,0.016252190845393515
4457,0,47.48679359224154,34.56503047958272,12.921763112658823,34.728631890672304,0.018116701104663385
4458,0,39.47471360794676,27.648020320500272,11.826693287446489,27.77954625178119,0.02895133727643922
4459,0,50.08429899168965,37.89485494866872,12.189444043020927,38.195701185050254,0.025525480274812048
4460,0,41.78356004177367,28.778267329354062,13.005292712419607,28.813210134106555,0.02676628398070848
4461,0,41.57915551755852,28.6632047330901,12.915950784468418,28.798206000369166,0.04487913824659952
4462,0,40.215507959578325,32.66251079780504,7.552997161773284,32.84339227082509,0.02872404529366267
4463,0,37.98968294487826,31.28554159140717,6.7041413534710905,31.431869765629756,0.02119488813581533
4464,0,50.22781368831444,37.37632085730273,12.851492831011711,37.56340798078797,0.010398316778960094
4465,0,40.92320351367981,27.751022932656983,13.172180581022825,27.872977978369786,0.03832442478726376
4466,0,41.56181553051826,28.77663061027893,12.785184920239331,28.842293051489037,0.030069059442125103
4467,0,44.073337707148156,31.05292618097287,13.020411526175284,31.27795346369368,0.03954882651109529
4468,0,51.15121558880455,39.013774525096125,12.137441063708422,39.28368788601051,0.021321446048193693
4469,0,37.38963728467709,29.352605875186743,8.03703140949035,29.892361643034278,0.020127615077304137
4470,0,39.78821732430352,32.621691734453485,7.166525589850032,33.08304196595312,0.020713604169560206
4471,0,50.182033994026284,38.06011622708607,12.121917766940214,38.33867934196306,0.01866927755708492
4472,0,48.4406606179556,38.29149361260599,10.14916700534961,38.807916893491196,0.026465925103792327
4473,0,49.78050016974389,37.78242430065298,11.998075869090911,38.04344892816897,0.024666008671740392
4474,0,61.68965996584099,60.202216137278455,1.487443828562533,70.56384547952183,0.03782242173592407
4475,0,43.984200466917684,31.004109185885387,12.980091281032298,31.153315855118088,0.03088275562108357
4476,0,49.1058208301681,37.0480036887313,12.0578171414368,37.45227095684397,0.010343797287434786
4477,0,62.48084177282546,62.423654829473804,0.05718694335165253,77.32211869765752,0.007875286081882824
4478,0,52.38342426899145,41.63316547999398,10.75025878899747,41.985064207363635,0.01788604850072549
4479,0,49.0135019765231,37.647844149697384,11.365657826825718,37.9748081766476,0.01112244437951904
4480,0,50.63484632950248,38.4473019336524,12.187544395850082,38.652173310335165,0.011364637853183325
4481,0,44.02728247912977,30.1425627130935,13.884719766036266,30.302553728154038,0.028432139051091525
4482,0,49.85423744017935,37.15906356955503,12.695173870624316,37.41061632511074,0.028330384819319928
4483,0,41.841957594634835,28.865014565669274,12.976943028965561,29.040351882543856,0.016472514244129904
4484,0,43.81228216033597,30.681291302851093,13.130990857484875,30.849918510373612,0.022959944441286118
4485,0,51.04306822904249,38.140432541385735,12.902635687656755,38.282865817616624,0.011449491117859988
4486,0,53.291101309414245,42.67909120811956,10.612010101294686,43.13466026201348,0.008543917956640472
4487,0,43.1971595151314,31.56447173668915,11.632687778442254,31.89236722025359,0.06294678947525632
4488,0,48.4842830091154,35.84571711184107,12.638565897274333,36.034046545118244,0.022837921093466846
4489,0,41.44115719106143,28.496852578436492,12.944304612624936,28.713129941947884,0.040546177141475126
4490,0,50.15985418591981,38.51414984981143,11.64570433610838,38.814947503433885,0.026719981611197197
4491,0,44.53832542756021,31.10450452232118,13.433820905239031,31.17655151290079,0.03297814861962846
4492,0,43.622474225922346,31.662450696083848,11.960023529838498,31.895411990789164,0.028230308209632078
4493,0,42.00326882591747,29.39894723939536,12.604321586522115,29.57964321197476,0.02054646569247353
4494,0,72.06678323784207,74.56016024554707,-2.493377007704993,78.13354392232759,0.0018064982859005078
4495,0,53.069782680497454,40.67813157195232,12.391651108545133,40.97962758362755,0.01073069565430152
4496,0,72.06678323784207,74.56016024554707,-2.493377007704993,78.13354392232759,0.0018064982859005078
4497,0,61.80355471665034,61.57390151032337,0.22965320632697228,76.8222473709304,0.012719206044325698
4498,0,43.205253447254336,30.050649339132786,13.15460410812155,30.203550790478012,0.01853267610351744
4499,0,42.44980745649346,29.170148357699503,13.279659098793957,29.266998034344553,0.017900040514143165
4500,0,69.4660283791788,70.21105052347396,-0.745022144295163,77.62519963513202,0.00811458865584032
4501,0,49.52296465212984,37.08967384652578,12.433290805604067,37.36051232534783,0.024941910829792146
4502,0,51.533507643303835,38.69293778178718,12.840569861516656,38.91338665616209,0.014667113278342659
4503,0,42.410785372325535,28.807755692554935,13.6030296797706,28.89374463047451,0.019955936266603642
4504,0,72.06678323784207,74.56016024554707,-2.493377007704993,78.13354392232759,0.0018064982859005078
4505,0,46.80333881236545,34.35794425565206,12.445394556713396,34.55184300640492,0.029740118616656576
4506,0,44.5900098692329,31.424764542901524,13.165245326331377,31.587773445561364,0.01604300322970664
4507,0,44.17548873182521,31.87362437932613,12.30186435249908,32.117870795747834,0.030276839389589204
4508,0,42.48608787172216,29.173334037221732,13.31275383450043,29.284723009684484,0.027769536399547018
4509,0,43.91051792083603,30.907957121785497,13.002560799050531,31.13794004087616,0.017551323105264367
4510,0,47.898509401610866,35.38091383774173,12.517595563869136,35.595901858965796,0.023305805591027465
4511,0,64.86325033832463,64.81713841305583,0.04611192526880359,76.45439434819383,0.007590780211218628
4512,0,56.53484954773971,48.455714208793324,8.079135338946386,49.56430730529222,0.03145265459691852
4513,0,43.89533155088496,33.96037067273862,9.934960878146342,34.237722696715004,0.03430364643118336
4514,0,51.258124217166,38.784853843684715,12.473270373481284,38.963096298146965,0.013754019066321236
4515,0,49.65392642196596,38.93513709938024,10.718789322585721,39.284799338860495,0.016482759568227222
4516,0,56.10409280307461,45.54177756349907,10.56231523957554,46.01521547289774,0.01131026461589096
4517,0,44.516677057909234,31.304203430373587,13.212473627535648,31.441630829259722,0.036966350996118655
4518,0,43.80986790058081,31.72252809342,12.087339807160813,31.88087882086753,0.023785691538879467
4519,0,42.902697768453535,29.12387544920902,13.778822319244515,29.34082323223957,0.03411917897829064
4520,0,42.09368555602008,28.954051922711777,13.1396336333083,29.14026583592188,0.026136156221269646
4521,0,44.59182184454018,31.764907165108653,12.826914679431525,31.912480068562115,0.02524036840168006
4522,0,50.96502078367027,38.59290779369165,12.372112989978618,38.819383216556275,0.020732686045364
4523,0,43.88544046819398,30.897755603022958,12.987684865171019,31.027214754066204,0.026616779892678986
4524,0,64.46856454806442,57.942779356817,6.525785191247422,59.3120387071405,0.02145573040946918
4525,0,46.54770369541579,34.03874862220866,12.508955073207133,34.219852667433265,0.022009909206060444
4526,0,38.598473553120414,29.176700144849065,9.42177340827135,29.483570783333573,0.02163742333353109
4527,0,51.69849543457535,42.0454876954293,9.653007739146048,42.54828908308929,0.021668863692018456
4528,0,53.008697059855194,41.635732576131744,11.37296448372345,42.0241461048107,0.010421342142059455
4529,0,72.06678323784207,74.56016024554707,-2.493377007704993,78.13354392232759,0.0018064982859005078
4530,0,48.61429334730572,35.58902921731928,13.02526412998644,35.76311048209165,0.021333657593306417
4531,0,50.8360939447425,38.230260887974566,12.605833056767935,38.472874721708685,0.015294494469318753
4532,0,52.89639531802227,41.68624718986587,11.210148128156405,42.03467006605581,0.007844071557137502
4533,0,49.721335987397325,38.45890443515613,11.262431552241196,38.74307059145017,0.028727886618074933
4534,0,50.42230809802298,38.48714147960847,11.935166618414513,38.69378435753885,0.011912909484322028
4535,0,51.04157790507479,37.925645426614565,13.115932478460223,38.06906773813553,0.01409658519422631
4536,0,72.06678323784207,74.56016024554707,-2.493377007704993,78.13354392232759,0.0018064982859005078
4537,0,43.13745473267376,29.1847124324342,13.95274230023956,29.26228579112988,0.021844990352038414
4538,0,44.57471322336639,31.318268072041313,13.256445151325075,31.525097103596163,0.04391469603139655
4539,0,40.97291856043795,27.518579017578755,13.454339542859191,27.669255962200307,0.0268665627653654
4540,0,44.70197410692886,31.653048021149534,13.048926085779325,31.831883971887628,0.036703222424676316
4541,0,39.87479706201367,32.54417058125104,7.330626480762632,32.946387682099584,0.03119435026436571
4542,0,49.02999307531027,37.12973288488695,11.900260190423325,37.415967200433734,0.029224365968973178
4543,0,48.41965920422798,37.421035241263205,10.998623962964778,37.78563730401876,0.013663034953247511
4544,0,47.399207909982636,36.394467235905935,11.0047406740767,36.846271919425035,0.020939616427798517
4545,0,39.80419146664721,30.518573031660853,9.285618434986358,31.049720476346774,0.0248521064291709
4546,0,42.51627988381391,29.175387138006588,13.34089274580732,29.32139694201521,0.026427331192676085
4547,0,43.938361240706655,31.05302096546499,12.885340275241663,31.30463611696698,0.02051616666871996
4548,0,61.046743835314444,60.50808526059316,0.538658574721282,71.4074143281408,0.012164906603079227
4549,0,51.51252249838868,40.078421031509606,11.43410146687907,40.40498511470105,0.008492836514988064
4550,0,44.07804958145395,31.175572590015033,12.90247699143892,31.361440421359678,0.02358881613495969
4551,0,43.80751539004362,31.35551922850297,12.451996161540649,31.605775569746317,0.03439993140159812
4552,0,47.237290952237075,34.70332303088147,12.533967921355604,34.90744606766704,0.011598719903803945
4553,0,49.56760797039797,39.204553227745365,10.363054742652608,39.54593861018768,0.015378627216818425
4554,0,41.31742695553477,28.65115510094136,12.666271854593411,28.762619302288847,0.02971907091189824
4555,0,47.751986018271694,35.054920781693625,12.69706523657807,35.22047336907832,0.03649571347770266
4556,0,48.09836364658372,35.65674660610385,12.44161704047987,35.80842026754045,0.014321596256208234
4557,0,40.2858936745077,27.631388660819585,12.654505013688112,27.788616826351866,0.02198073148658859
4558,0,44.088166890921,32.14392254847397,11.944244342447035,32.413770910505875,0.036756889124975725
4559,0,44.20190294155047,31.291553221331156,12.910349720219315,31.434904531165547,0.020956052822624104
4560,0,49.810280233725294,37.579191871191824,12.23108836253347,37.79258067536487,0.011743557836563338
4561,0,51.02969950111569,39.22670721821386,11.802992282901826,39.49045900791339,0.009196898477675823
4562,0,49.88420718096896,38.052703351323466,11.831503829645492,38.31261537741619,0.020185744682505804
4563,0,42.01121045816659,29.151455416570748,12.85975504159584,29.244774711048706,0.026060181091659564
4564,0,43.03262441228435,29.74552805870367,13.28709635358068,29.88365877088865,0.022838978706965204
4565,0,38.52231976045541,31.201718537550892,7.320601222904518,31.745573586851176,0.02235066006083901
4566,0,40.404943181571824,33.96724437965156,6.437698801920263,34.13737922296707,0.025499722323433976
4567,0,49.12470338122624,36.441923286281686,12.682780094944555,36.685421868888,0.01688165400839148
4568,0,50.70582517544514,39.39095397743148,11.314871198013662,39.79654466640605,0.012860518619918904
4569,0,38.92989222658778,31.953888298266293,6.976003928321489,32.18199629688567,0.020619850904649534
4570,0,50.83621057137903,39.022120291362135,11.814090280016892,39.37335535056138,0.013921735032548278
4571,0,48.362542632135884,37.289333816329204,11.07320881580668,37.65650622119111,0.02747138880257022
4572,0,43.249792267094506,29.985392915461937,13.26439935163257,30.089104601174956,0.02196858378206426
4573,0,44.17481181966494,30.95805094181655,13.21676087784839,31.16427865945185,0.019699118135153227
4574,0,39.892336982675545,28.883300762281724,11.00903622039382,29.01312549483281,0.02226812473773173
4575,0,44.20625703485378,31.13898645855519,13.067270576298586,31.381406620578673,0.01643467956454643
4576,0,43.12970691861753,29.920321463626955,13.209385454990574,30.05706598940053,0.01661279356149636
4577,0,52.04607113785882,40.113907622297354,11.932163515561463,40.41886995280436,0.027482757658319003
4578,0,43.76135885895911,30.87841956365658,12.882939295302535,31.084285021030656,0.030361335621873688
4579,0,40.496054835190606,27.519419192735263,12.976635642455342,27.590439161611048,0.03520712120119256
4580,0,39.643221805935,32.78328917727059,6.85993262866441,33.18995251774072,0.025319848974093662
4581,0,44.26368879456187,30.889919505519433,13.37376928904244,31.08941980198928,0.03326071394846923
4582,0,58.40827643883017,47.49003950028917,10.918236938541,48.52618092222458,0.024775456306324224
4583,0,42.78101262946579,29.022858767139702,13.75815386232609,29.062073032722928,0.01985065902845619
4584,0,53.96424305409127,45.471036868201395,8.493206185889875,46.15297691213419,0.016252733878569077
4585,0,48.26694412798736,36.066911034462834,12.200033093524524,36.31763485168916,0.027032610788097645
4586,0,48.20481620169551,35.76801995058469,12.43679625111082,35.96454902969671,0.026340417463952978
4587,0,38.93932154576375,32.00014751936169,6.939174026402057,32.22380715070062,0.0325865055933813
4588,0,52.69213751763316,40.70096377039377,11.991173747239387,41.02503092966991,0.010238351582419073
4589,0,50.76033008513406,38.3144730538004,12.44585703133366,38.454421615545314,0.022796393494501598
4590,0,51.075809992374445,39.440919346220866,11.634890646153579,39.71728489965838,0.010664798443772371
4591,0,44.58471166451005,31.402434469570725,13.182277194939328,31.615742588289102,0.034563576994737534
4592,0,53.15767089182887,42.11818852682441,11.03948236500446,42.580840248477884,0.010328841716717732
4593,0,72.06678323784207,74.56016024554707,-2.493377007704993,78.13354392232759,0.0018064982859005078
4594,0,38.633887789999775,28.468727520023222,10.165160269976553,28.738283719146477,0.0220370931362097
4595,0,52.75896408090057,43.12856492986194,9.630399151038631,43.5344912758041,0.01001716641852772
4596,0,42.430740454821276,30.907843018234747,11.522897436586529,31.070740148148786,0.028529152925077777
4597,0,50.51945683250163,38.18026284794088,12.339193984560751,38.36335117652288,0.014535136039493185
4598,0,42.08328596610225,30.012827723710114,12.070458242392139,30.202734198190388,0.037691879531386294
4599,0,42.93157609101932,29.567224648074337,13.364351442944987,29.73087293439765,0.03473537387124424
4600,0,53.484607063444685,43.70964366981707,9.774963393627615,44.560405732078834,0.011520100725806419
4601,0,44.11103366781839,30.637902832847953,13.473130834970437,30.708991584962906,0.01719250770191997
4602,0,51.056267777721686,38.99999252539946,12.056275252322223,39.24513465120472,0.009260255596306381
4603,0,53.74377114820564,42.33164558176533,11.41212556644031,42.700514638570255,0.006112253676900241
4604,0,46.77617761583767,36.05904368366387,10.717133932173795,36.550488640374994,0.011711630322432427
4605,0,63.45327130336854,63.4632579921154,-0.009986688746863592,77.4857119332129,0.006934071805081443
4606,0,42.9111275509438,30.109188534640378,12.801939016303425,30.27849075709195,0.01755983703733936
4607,0,46.08714565564611,33.31429557099703,12.772850084649079,33.49700204155732,0.029517349761113497
4608,0,46.93327785757825,34.31411746451795,12.619160393060298,34.47991604691584,0.027126299529082017
4609,0,51.279434527885925,38.851241089004844,12.428193438881081,39.10250044342163,0.011322801614770617
4610,0,43.60757556917879,30.8477923858188,12.759783183359993,31.01742649985007,0.02305828320655902
4611,0,38.74426354868983,28.888309237399827,9.855954311290002,29.029109979622504,0.04548603430374107
4612,0,51.305831520146356,39.14485299332617,12.160978526820188,39.413064677796,0.011083721110659462
4613,0,48.7203041051265,38.6177211683022,10.102582936824305,39.24553315070536,0.014231367073072194
4614,0,47.618073330269866,34.51926219034431,13.098811139925559,34.68564305243271,0.019887196777121075
4615,0,42.67168880719895,28.798680038594597,13.87300876860435,28.917001007206444,0.032506526035937656
4616,0,50.20503798386123,37.70551270217463,12.499525281686601,37.894061713734814,0.010217894976246247
4617,0,44.545646396226374,32.08263809959353,12.463008296632843,32.32322840597417,0.02591976232964479
4618,0,40.60725782301522,27.372182867492008,13.23507495552321,27.439343519871276,0.02866561027520986
4619,0,39.15386664790833,28.385121554248776,10.768745093659554,28.422687633796148,0.04830144979584285
4620,0,44.01151959616375,31.47756585506757,12.53395374109618,31.612808162149296,0.03327458444182571
4621,0,41.035397740108024,28.77197174704274,12.263425993065283,28.882258693538525,0.046425437040370235
4622,0,53.62091499250499,43.542810936489175,10.078104056015817,43.97788282779075,0.01272448927849793
4623,0,40.99066970549217,28.171517308651858,12.819152396840309,28.267693014645285,0.020777826984201928
4624,0,46.781006962238436,35.41285362661403,11.368153335624406,35.89794097350547,0.02238667946729597
4625,0,50.824351982170725,38.62718990683733,12.197162075333395,38.901762258564915,0.02641255306275635
4626,0,44.188842474516036,30.75219173541844,13.436650739097598,30.912999502943467,0.017332246093704297
4627,0,50.48185034280861,39.22517155841246,11.25667878439615,39.72006047753554,0.016945259544138287
4628,0,42.31497378558433,28.091155454295436,14.223818331288893,28.23122137517289,0.02593042813466181
4629,0,47.16024178901095,34.26890087628381,12.891340912727145,34.45628880178434,0.022844558454685346
4630,0,47.01438356896226,34.49731946013888,12.517064108823377,34.6340219503234,0.01873101189896909
4631,0,39.26738800989877,32.18859654168609,7.078791468212678,32.6986725621267,0.02259330873807443
4632,0,42.501128163746955,30.445311767620474,12.055816396126481,30.577695009098097,0.023726824210120463
4633,0,40.67178496549397,27.585759302909178,13.086025662584792,27.689210123650447,0.02348827925459758
4634,0,47.13250843439212,35.08039184426799,12.052116590124129,35.41348468767404,0.0250266242926285
4635,0,65.01470058648157,65.02543371888436,-0.010733132402791057,77.48153446039282,0.007638232166756805
4636,0,50.73989683103322,37.431394944538496,13.308501886494724,37.61284623004818,0.019189860896050476
4637,0,50.55606074281168,39.41170061299091,11.144360129820768,39.78227325891447,0.030432288338307696
4638,0,40.545029506169755,31.192660418194507,9.352369087975248,31.381778496174494,0.02874143449179992
4639,0,38.77914894085495,31.369514451105662,7.4096344897492905,32.011373098964185,0.025742383905454656
4640,0,52.45699405603082,42.143549646234746,10.313444409796077,42.529586295696134,0.0065489946260344645
4641,0,42.340324252008784,29.629260517281903,12.711063734726881,29.818533153942756,0.015995535099157618
4642,0,50.83867152766764,39.26294697998077,11.575724547686875,39.58860244775482,0.01055107609907131
4643,0,48.04414486855657,37.28709025840338,10.75705461015319,37.640202147138524,0.019790995904606177
4644,0,39.50743862921966,31.145030121809942,8.362408507409722,31.403695925707265,0.041102178341666844
4645,0,42.890781945427335,29.764579541249244,13.126202404178091,29.969239911310776,0.020861647866057827
4646,0,46.560375187570486,33.73298011383966,12.827395073730827,33.905890150919035,0.034642018503879074
4647,0,44.581626346493394,30.95544336971235,13.626182976781045,31.106862200017783,0.01837808753009568
4648,0,68.84585818563139,69.48494383617412,-0.6390856505427394,77.93037722008016,0.004550828430432609
4649,0,48.884041366393376,37.70455958488439,11.179481781508983,38.08622140715981,0.016520121072351176
4650,0,43.106198597638794,30.268200291095038,12.837998306543756,30.48677145859156,0.017122731528021552
4651,0,42.628630080160576,29.192203678827088,13.436426401333488,29.312028116996917,0.01795582790082022
4652,0,47.12882175104552,34.4468629551981,12.681958795847422,34.610588800066566,0.023447946962086012
4653,0,47.1109037339574,36.041220230972044,11.069683502985356,36.5537774217637,0.027272837667299356
4654,0,49.68269352756943,37.87170705764851,11.81098646992092,38.173227943845745,0.016339001335834543
4655,0,44.495427463034815,31.24271745326175,13.252710009773065,31.396090842450956,0.019342161020886206
4656,0,40.43492829254497,27.486108614777606,12.94881967776736,27.549117841464227,0.025393563258293787
4657,0,44.114946906192316,32.2120599734216,11.902886932770713,32.52490371541219,0.03380456891685285
4658,0,43.915073966560556,31.07083762253811,12.844236344022445,31.32904731090554,0.02044687946462554
4659,0,42.32709386105873,29.5794110949936,12.747682766065129,29.69861944432097,0.024250342905977516
4660,0,49.816891515255975,37.98737592172762,11.829515593528356,38.29424907337524,0.018398765297676575
4661,0,48.54896785615274,37.44687238409236,11.102095472060384,37.8334972191891,0.025122605783793984
4662,0,50.97461532241367,39.11719660591815,11.857418716495516,39.57217457757863,0.030346077864101807
4663,0,48.078048112953226,35.08924273667613,12.9888053762771,35.28989901538544,0.025722861116154492
4664,0,50.22086860867347,38.43976675694412,11.781101851729353,38.71038826994025,0.01276323912243606
4665,0,52.739451192076146,41.40192140944723,11.337529782628913,41.87518700342466,0.00825743548777404
4666,0,40.28980404497861,32.633358021971716,7.656446023006893,33.192852348513284,0.02530153493301281
4667,0,51.24277128123839,39.791224668023425,11.451546613214965,40.133382516371086,0.01794676766616924
4668,0,45.31288287651867,31.881619695222998,13.431263181295673,32.04706822697061,0.028257145861376867
4669,0,49.00446737112405,36.24142549228128,12.76304187884277,36.44534096541585,0.018653279924958157
4670,0,51.42919988515759,40.92366524609865,10.505534639058936,41.370038560012176,0.011977678601539737
4671,0,48.30474764103134,35.682773365964714,12.621974275066627,35.88767649337153,0.021274482700498722
4672,0,49.32042678065055,36.47596267856456,12.844464102085993,36.66773657986974,0.019200292264135284
4673,0,44.22707648714187,31.42073193476427,12.806344552377602,31.667728227176745,0.018750605664588183
4674,0,49.91426916474778,38.96615822787932,10.94811093686846,39.41864364606246,0.021857280009200595
4675,0,48.03160730216189,37.67247398905194,10.35913331310995,38.0978946914498,0.020481277169734885
4676,0,46.46163689276483,33.634287828893974,12.827349063870855,33.811823050422305,0.019475553484519143
4677,0,48.78304518552355,37.74742754650981,11.035617639013736,38.194605283107244,0.02776790179341414
4678,0,43.34449645413082,30.12677793082327,13.21771852330755,30.29427696889226,0.023530705886935913
4679,0,44.86030069164404,31.64821160465431,13.212089086989732,31.884275822323875,0.02701790578529438
4680,0,42.61886352157407,28.706618698481556,13.912244823092514,28.88627649932432,0.03476934356764248
4681,0,44.207860230421275,31.118441614368653,13.089418616052622,31.34584267729605,0.02337837995252966
4682,0,50.57384930128954,38.35985604755692,12.213993253732625,38.632874022180516,0.011283749583777659
4683,0,42.678943645364484,29.285266586514936,13.393677058849548,29.486369241974852,0.03257143925659076
4684,0,51.32756130174907,39.178201648682304,12.149359653066767,39.4318059859296,0.014144957706372982
4685,0,38.65604958211262,29.988999112801018,8.667050469311604,30.282258199785016,0.02863084048212553
4686,0,42.820526886278785,30.794231681752205,12.02629520452658,31.065957102959683,0.02722878503201832
4687,0,44.55793446796959,31.62226734168029,12.9356671262893,31.875086825000512,0.023459525242241746
4688,0,42.44347337970643,29.194645766878963,13.24882761282747,29.258177565384766,0.022462077825972468
4689,0,40.168805745113644,27.96379718115447,12.205008563959176,28.100023106575353,0.03667787742642655
4690,0,40.29054665977873,29.473043334325045,10.817503325453682,29.587667641520312,0.018435365419470218
4691,0,49.00402880714749,37.06898516288466,11.935043644262834,37.290058549343186,0.016078736551321058
4692,0,42.28864131512539,29.37160479932449,12.917036515800898,29.520476863623216,0.01633962506712209
4693,0,51.587529588118386,39.1911674288024,12.396362159315984,39.45332072869287,0.008744878262794286
4694,0,49.12563340448733,38.08497892119384,11.040654483293494,38.54587860402543,0.021180221847367845
4695,0,49.9896274678307,38.61150880538676,11.378118662443939,38.89217463747825,0.025869964914125708
4696,0,51.033025244920864,38.38567831623911,12.647346928681756,38.706805218279214,0.00945718369476597
4697,0,39.84634362054389,32.3701465367441,7.476197083799789,32.60131617304687,0.033603854339318354
4698,0,59.75429623349733,59.34951760209984,0.40477863139749104,75.65506195828294,0.01590943222110832
4699,0,50.683959563079625,38.47595339437845,12.208006168701175,38.7527612753469,0.00973711537201502
4700,0,48.21787585448966,37.891235197942834,10.326640656546829,38.432686702851996,0.024714625299408224
4701,0,43.97142682065528,30.88644436021695,13.084982460438333,31.081113737540434,0.021044618363860436
4702,0,64.96025878404843,65.11765051696983,-0.15739173292139697,78.04199575697058,0.0030505729414940395
4703,0,43.696704922197355,34.13107977859326,9.565625143604095,34.41505493170108,0.029210359975371476
4704,0,50.49444962398886,38.94808260995198,11.546367014036875,39.276959025815415,0.028792941791365892
4705,0,50.58730150200989,38.83673700422178,11.750564497788112,39.15775183682159,0.01817265195195373
4706,0,47.09717714083719,33.94089854795534,13.156278592881847,34.09767371899025,0.01528026586817132
4707,0,52.513361005226955,41.68596061477824,10.827400390448716,42.11579856643094,0.019753954869316165
4708,0,42.38303291186524,29.24404094854487,13.138991963320372,29.412735889177114,0.022853910122403436
4709,0,44.61188566932327,32.492271347328725,12.119614321994547,32.784031814567115,0.021279195097916006
4710,0,49.12178170590465,36.60121942070958,12.52056228519507,36.762567387203205,0.028524677115390255
4711,0,50.87456237997452,38.930795502902114,11.943766877072406,39.165644840041836,0.025413565675446097
4712,0,43.724279755872814,30.80655372039039,12.917726035482424,31.004542433268192,0.019660627462319058
4713,0,43.83719401760726,30.43354656378092,13.403647453826341,30.588986893529327,0.03239037659469604
4714,0,38.7144384603922,29.092007543200058,9.622430917192144,29.35524640780279,0.0289742862862258
4715,0,44.13262970561628,31.060194792064184,13.072434913552097,31.30622492589653,0.027365724160800093
4716,0,40.2628211008965,28.760334752824896,11.502486348071606,28.982544545390148,0.021637154483838184
4717,0,39.03898976154019,31.94053845353599,7.098451308004204,32.108601785686815,0.03985873062750843
4718,0,50.08030967700232,38.75014183748986,11.330167839512455,39.110011643207045,0.010824160712341394
4719,0,45.70961035579229,32.943889432443555,12.765720923348738,33.129921320359905,0.02202437762113395
4720,0,72.06678323784207,74.56016024554707,-2.493377007704993,78.13354392232759,0.0018064982859005078
4721,0,53.32042751579638,43.329970368652226,9.990457147144156,43.829281051803875,0.008095290087184041
4722,0,40.986830288657266,27.692403019854165,13.294427268803101,27.766759764606885,0.036587956882737964
4723,0,41.302063843295926,28.80288048450275,12.499183358793175,28.88351935393921,0.030195545694846632
4724,0,45.65532098402335,32.23113117219853,13.424189811824817,32.456641422417434,0.020650390078966272
4725,0,46.865244503096335,34.610740492977655,12.25450401011868,34.853517861911854,0.03517707886110831
4726,0,52.13457140405275,42.061644044085526,10.072927359967224,42.52947063051785,0.01984399585766717
4727,0,41.639884554442474,29.31495689488279,12.324927659559684,29.42903132333453,0.028926368667759526
4728,0,41.71533747925939,28.66948277344842,13.04585470581097,28.872317589044062,0.020475452809987738
4729,0,50.870673952312075,39.409743584956985,11.46093036735509,39.76145616016884,0.02773152750536254
4730,0,42.55454583911833,35.1431510545509,7.411394784567435,35.300441786165436,0.03413910181593385
4731,0,47.11315538646113,34.47616028173374,12.63699510472739,34.67694788960889,0.018170821623244415
4732,0,45.02350188948273,32.88444500316314,12.139056886319594,33.11028491177592,0.019830458737929896
4733,0,48.646311189829575,37.61016837010611,11.036142819723466,38.12713288288906,0.02898464882878922
4734,0,43.20421653941638,29.10794593441965,14.096270604996729,29.198447675764324,0.033931919790186775
4735,0,50.91562044549272,39.27352412704366,11.642096318449063,39.628590034199235,0.012933280100807364
4736,0,51.753457768829406,41.04144001235503,10.712017756474374,41.45277779284585,0.01321397531118427
4737,0,40.07501869410561,33.51812314068148,6.556895553424127,33.46600461151232,0.03254735677649889
4738,0,51.55258226165081,40.245406018834785,11.307176242816027,40.53764897457775,0.014859479535212996
4739,0,42.29722914404539,29.17791722394794,13.119311920097449,29.38286545325165,0.01922734416816884
4740,0,47.676909261936075,35.50741956779754,12.169489694138534,35.799590169355184,0.02318995073056226
4741,0,45.484313444316214,32.61486723411769,12.869446210198525,32.81393513100818,0.025282997208987457
4742,0,47.22023637766891,35.371072227555814,11.849164150113097,35.664789264277715,0.03238522965768801
4743,0,49.125588046881575,36.845636328659445,12.27995171822213,37.06398864440952,0.0112576044888418
4744,0,47.52271607041551,35.217187117570504,12.305528952845009,35.42111821196316,0.016334421212466175
4745,0,50.37400952325284,39.04870930779026,11.325300215462576,39.34729994227848,0.01845016290656784
4746,0,45.17727048601898,32.36961487249086,12.807655613528127,32.580027050219364,0.018184455528871137
4747,0,50.55042927137593,38.32548263228048,12.22494663909545,38.57345530211897,0.013362527671300873
4748,0,72.06678323784207,74.56016024554707,-2.493377007704993,78.13354392232759,0.0018064982859005078
4749,0,43.408521807223934,32.076444371024365,11.332077436199569,32.193328321448405,0.03109191207897536
4750,0,51.16790041975675,40.00302874388776,11.164871675868987,40.30952863111114,0.014192050493981414
4751,0,38.504128703195036,32.23194141598673,6.272187287208304,32.70324354815628,0.024135802664566296
4752,0,51.74297570732165,39.88748162092806,11.855494086393591,40.19148302497287,0.019230859398820084
4753,0,49.79815512927476,38.996955260581245,10.801199868693516,39.575189771262885,0.03242709708266509
4754,0,41.38509072083646,28.59738024749314,12.78771047334332,28.74689375503323,0.04071374147647537
4755,0,47.04477807360115,34.91220341298339,12.132574660617763,35.1386112230464,0.019810264899796235
4756,0,59.36564258041405,49.138895251726055,10.226747328687992,50.09919223058745,0.04009154585837607
4757,0,45.87025296072488,34.00549695692422,11.864756003800665,34.25274310137853,0.01910610238732333
4758,0,44.5870189148158,31.973261841369176,12.613757073446624,32.101273190835386,0.019489918661310574
4759,0,48.987112196708765,38.72609347321043,10.261018723498331,39.2616823332248,0.020676965333410784
4760,0,43.2885649100179,29.951735874101033,13.336829035916864,30.112208621129277,0.016228434211129444
4761,0,45.15881582202101,32.69378297656792,12.465032845453095,32.91705819071614,0.021610731936019246
4762,0,45.82475566983628,34.30633352502511,11.518422144811169,34.65978504258874,0.032841803110968626
4763,0,37.332125374672366,29.364688067626783,7.967437307045582,29.812349865647647,0.0167198946759605
4764,0,52.72541470217003,41.79307645511088,10.93233824705915,42.17238741807901,0.015550830822119477
4765,0,41.661374101976534,28.422114466545434,13.2392596354311,28.62004122046036,0.04120313825106366
4766,0,50.878644272794176,39.313178692011014,11.565465580783162,39.6144067795085,0.020062805094933106
4767,0,72.06678323784207,74.56016024554707,-2.493377007704993,78.13354392232759,0.0018064982859005078
4768,0,44.94385967260321,31.89584901979705,13.048010652806159,32.09997964871144,0.023538106781282268
4769,0,42.73734711058408,30.127233272697016,12.610113837887067,30.248063824590595,0.019515347540664526
4770,0,53.51939797472079,42.958222245069024,10.561175729651765,43.46836425865821,0.011104501041123663
4771,0,45.20531383566913,36.17321192422233,9.032101911446802,36.369481976056676,0.022415244209467996
4772,0,41.2657149820483,28.54280765337998,12.72290732866832,28.665340912570677,0.01894063723072531
4773,0,72.06678323784207,74.56016024554707,-2.493377007704993,78.13354392232759,0.0018064982859005078
4774,0,53.911197549484484,43.91125889928196,9.999938650202523,44.74014010359157,0.02166991758281465
4775,0,53.07509196408648,41.347818755903106,11.727273208183377,41.70428184454393,0.013423836155271478
4776,0,41.10407212563587,28.714957515260107,12.38911461037576,28.806001994467255,0.033198323613334364
4777,0,52.06781496773026,40.67887731553931,11.388937652190947,40.90957206385386,0.019276585354589773
4778,0,52.22473133091839,43.20195059733031,9.022780733588078,43.631521365891984,0.025501617176069587
4779,0,51.78186728186317,41.88927476400127,9.8925925178619,42.537201323572404,0.02029107214325068
4780,0,41.44196867054441,28.713590773528725,12.728377897015687,28.789009137086794,0.03558861676463062
4781,0,45.57940831628878,33.00588200286704,12.573526313421738,33.236409550973654,0.026107133359220908
4782,0,53.763315504251594,42.639350034239285,11.123965470012308,42.98170800701692,0.012274522230469813
4783,0,51.52760320721042,39.71383889175151,11.813764315458911,39.941210076372485,0.01590235824798854
4784,0,54.21495016821366,43.62915918542451,10.585790982789149,44.10360178427891,0.010940487672867342
4785,0,50.007177097493525,37.59882540220815,12.408351695285376,37.81028775449883,0.01048453795087427
4786,0,72.06678323784207,74.56016024554707,-2.493377007704993,78.13354392232759,0.0018064982859005078
4787,0,50.677135558752056,39.20077083470326,11.476364724048793,39.52276930354914,0.0121334382842238
4788,0,49.58213793950712,39.007679254608746,10.574458684898374,39.47999012168607,0.015450196080469148
4789,0,42.73594697729463,30.65661783158921,12.079329145705422,30.899502749603187,0.01760621576016343
4790,0,50.821972096107615,39.195498282999665,11.62647381310795,39.498695759188834,0.018427166579235314
4791,0,49.14152880360578,39.08006765620797,10.061461147397807,39.49573018931517,0.0164996207455676
4792,0,42.91318626083438,29.09810063568217,13.81508562515221,29.22718010583136,0.025131424053721346
4793,0,72.06678323784207,74.56016024554707,-2.493377007704993,78.13354392232759,0.0018064982859005078
4794,0,51.27653600850866,39.444795270164065,11.831740738344593,39.785989251344915,0.016915007501293575
4795,0,45.28644445516542,32.08408914981892,13.2023553053465,32.26803316148814,0.030195289749938986
4796,0,52.33137741523353,41.68449531897228,10.646882096261251,42.089705418983726,0.007984116437571742
4797,0,53.69274694058585,42.55072824186418,11.142018698721671,42.887577285427255,0.013275204215645776
4798,0,41.320801079753096,28.41506264027047,12.905738439482626,28.494306730807235,0.033515228575750816
4799,0,41.854625406549715,28.529592105448213,13.325033301101502,28.601932306650717,0.028390755555561673
4800,0,48.14351231897051,38.03935485025525,10.104157468715258,38.60786898139595,0.018321201085874015
4801,0,41.88873321602985,28.884834263709788,13.00389895232006,28.940701616849754,0.02043755716390104
4802,0,51.026781445047064,39.900568162302875,11.126213282744189,40.210527750141225,0.023034334075914827
4803,0,46.42926592895043,33.815597096876814,12.613668832073614,33.99275802401577,0.029750300492226364
4804,0,37.91143981804488,29.21044254822433,8.700997269820554,29.602721331985425,0.023783009494343026
4805,0,41.54748689791113,28.316542273238536,13.230944624672592,28.47315676018536,0.04278948048706996
4806,0,49.96685709983579,37.40142345749799,12.565433642337801,37.66099487225685,0.011546984619698388
4807,0,49.72288387995199,37.98354972963969,11.739334150312303,38.27876658188926,0.011128431889988737
4808,0,40.99331864509736,28.230514445526943,12.762804199570418,28.368981653774163,0.03455477355233431
4809,0,72.06678323784207,74.56016024554707,-2.493377007704993,78.13354392232759,0.0018064982859005078
4810,0,52.45707535053478,41.80146197405472,10.655613376480062,42.30551923163809,0.011309787435833111
4811,0,49.72159349211455,39.53178171901877,10.189811773095784,40.16655257161513,0.028759116198403056
4812,0,50.068374372959994,38.681977976714776,11.386396396245217,38.985327677082935,0.010709991001751334
4813,0,40.015024784655964,29.191107555843974,10.82391722881199,29.483475417646307,0.022505721809720283
4814,0,45.17690596129201,32.57729559107875,12.599610370213256,32.816727620858934,0.02835984859486504
4815,0,42.51188117149019,29.60751215882245,12.90436901266774,29.712936683571236,0.02515011233357473
4816,0,48.75632619121396,36.55522019212424,12.20110599908972,36.8496223323579,0.014702829422346023
4817,0,47.79109949994236,37.852870709349816,9.938228790592547,38.375438409793944,0.013373754989419798
4818,0,48.94401206699315,38.47616459690124,10.467847470091911,39.055981967225854,0.022031726896339268
4819,0,44.0114909459742,30.48908153086295,13.522409415111252,30.58979450772668,0.04178135005940331
4820,0,72.06678323784207,74.56016024554707,-2.493377007704993,78.13354392232759,0.0018064982859005078
4821,0,52.622418598541,41.441390872212665,11.181027726328338,41.79842148377668,0.01163231858762597
4822,0,50.77869529144333,39.42830900166909,11.350386289774235,39.805560753916765,0.013040843636743304
4823,0,41.41557853058221,29.26269876163906,12.152879768943148,29.33697684677734,0.03322349654778067
4824,0,43.99467164169201,31.137566569079336,12.857105072612672,31.296358226536572,0.02075379612325109
4825,0,50.7916824892438,39.78147002406828,11.01021246517552,40.05091289164015,0.02938368629699011
4826,0,50.71869538925357,39.203684248252344,11.515011141001224,39.42210285512104,0.015767845218835563
4827,0,44.99912961750448,32.064989542137226,12.934140075367253,32.24343180727489,0.024134602519537158
4828,0,52.227319336431464,40.822571018798826,11.404748317632638,41.192090828464664,0.013435377334888607
4829,0,48.70725111313966,37.492111974878384,11.215139138261279,37.95351328940406,0.03726180605463618
4830,0,51.02202839924145,39.38659067562147,11.63543772361998,39.82973319684274,0.011931524637058937
4831,0,44.900885910884014,31.75458353096268,13.146302379921334,31.95365750107136,0.017337597277991924
4832,0,43.309370399447886,30.05212502986382,13.257245369584066,30.152971843635164,0.03485865543562632
4833,0,41.16136375338455,29.57192718122055,11.589436572164,29.71933844071499,0.04569488104678662
4834,0,44.00577812679123,30.50057219059986,13.505205936191366,30.657071089586236,0.015756785817868123
4835,0,51.01217174457477,38.89363655608738,12.118535188487392,39.189253208498904,0.013574314554588067
4836,0,41.480489590334045,27.990250308205244,13.490239282128801,28.15488014987707,0.022002835232940665
4837,0,53.49101670383075,43.21419934080228,10.27681736302847,43.64054095287588,0.006085289246976581
4838,0,44.12174878629669,31.276324314753627,12.845424471543065,31.49634091296031,0.019707248149866748
4839,0,41.94443618378692,28.7161501306854,13.22828605310152,28.799440448080624,0.02456611057824863
4840,0,50.723595441358256,39.647648316927175,11.075947124431082,39.92835210151984,0.014443047491880997
4841,0,43.64666318752302,30.340551620829515,13.306111566693502,30.439739462013705,0.0270000477132927
4842,0,42.14806352807584,29.503280539979734,12.644782988096104,29.68649948119827,0.015772617838584056
4843,0,46.382273683911734,35.43761494442249,10.944658739489242,35.8624194888031,0.0227359603851311
4844,0,39.40966561639411,33.06268970888175,6.346975907512359,33.27069183653282,0.027451854999217453
4845,0,71.86001605732726,74.17483819931222,-2.314822141984962,78.12028344711756,0.002236219290611566
4846,0,38.5878227249685,33.12883123234256,5.458991492625934,33.499523832968535,0.028964523816176944
4847,0,48.764977454389566,39.24462288794517,9.520354566444396,39.888505642297446,0.02443841987890287
4848,0,45.73810325660267,33.71634939710194,12.021753859500727,34.02724705093925,0.030379277574979557
4849,0,38.79996302985654,31.952311369792234,6.847651660064308,32.080881659738935,0.04067701015603158
4850,0,51.181840826942306,39.338401476317415,11.843439350624891,39.70352301520272,0.011454077693620989
4851,0,44.95122414372054,32.43054313827869,12.520681005441844,32.6378970408458,0.027244952577151
4852,0,51.94032396335699,42.07065101053429,9.869672952822697,42.477032291735384,0.02441521109302147
4853,0,49.32347112272879,38.06540424564394,11.25806687708485,38.498471763696,0.01733095023818448
4854,0,51.93626893241414,42.595729806151496,9.340539126262641,43.279080982606644,0.014715325556072358
4855,0,45.436437710903604,33.00260319586572,12.433834515037887,33.11451921102247,0.016600212471267067
4856,0,49.98353575863915,37.654098174872715,12.329437583766435,37.887143226639346,0.014885657967510775
4857,0,71.87813964942076,74.18930922822004,-2.31116957879928,78.11724545742963,0.002115580921985308
4858,0,46.99690668221031,34.64905573682972,12.347850945380586,34.89454144902747,0.02817865895742825
4859,0,51.32284562951253,40.04325496446016,11.279590665052368,40.5197950990658,0.009207866469747673
4860,0,49.90783289815482,40.77263382638037,9.135199071774451,41.48922061990473,0.015047030156383973
4861,0,43.705654352174776,30.589643679904018,13.116010672270757,30.804413017897904,0.032288654546400584
4862,0,51.26398131107224,39.33898037462942,11.92500093644282,39.599676416559475,0.011206545630563598
4863,0,48.44678579181917,36.1650127511217,12.281773040697466,36.47005398960253,0.038838745003783336
4864,0,51.197022972683925,39.468701300539664,11.728321672144261,39.77072812615256,0.01542715675080242
4865,0,52.50970820206368,43.26077962766445,9.24892857439923,43.901563949242714,0.017772547688171384
4866,0,72.06678323784207,74.56016024554707,-2.493377007704993,78.13354392232759,0.0018064982859005078
4867,0,50.276991209113675,39.59829549049661,10.678695718617064,39.986352759603676,0.03450516110540395
4868,0,53.1734133508897,43.35400925118758,9.819404099702126,43.96662681263385,0.023979456889551692
4869,0,48.209037825926245,36.129371858355995,12.07966596757025,36.419871486533346,0.02683426638945582
4870,0,41.87752602181625,28.97093548298543,12.906590538830823,29.177975613645565,0.02241159860763217
4871,0,54.79035140855301,44.44547574760446,10.344875660948546,44.832043720580785,0.014042335627792682
4872,0,67.68946506404374,68.07799381288763,-0.388528748843882,77.94454945960999,0.0034197718911600163
4873,0,51.42289219856683,39.86505241568869,11.55783978287814,40.3693722649556,0.02472598841184776
4874,0,52.37934134013858,40.762972062865856,11.616369277272725,41.14509278881106,0.019097421768438736
4875,0,51.07773058449328,39.83671826418849,11.24101232030479,40.19473140113347,0.010475920780517203
4876,0,42.765744994531474,30.04769491737482,12.718050077156654,30.220002895849696,0.021392268977157774
4877,0,57.50795467572007,50.26522436231356,7.242730313406511,54.21623241096654,0.01629614992098142
4878,0,50.362361530313024,38.692268039415076,11.670093490897948,38.9562552590818,0.03137427523284706
4879,0,51.29727342675842,40.04253813334944,11.254735293408984,40.4079245257591,0.01797781442870619
4880,0,42.72212864677344,29.94672190333539,12.775406743438051,30.13236842747098,0.028152483751326784
4881,0,42.45469828469746,28.843417166189358,13.6112811185081,28.94019844172445,0.02262961635140219
4882,0,51.485645113496986,39.82324878550523,11.662396327991758,40.23023000694326,0.017248691798992327
4883,0,49.51255830438775,39.00323866628466,10.509319638103094,39.52834242063467,0.021389447130781017
4884,0,53.14350050979654,43.00470231663242,10.13879819316412,43.356277480154546,0.030079286484443298
4885,0,53.880767115845984,42.787289604233536,11.093477511612448,43.25730971629949,0.014252954722445619
4886,0,50.16306308823988,38.48924592934229,11.673817158897592,38.768308102969584,0.015457162513711764
4887,0,39.28159009725767,32.29042739234471,6.991162704912959,32.57283569120378,0.02990028635890555
4888,0,49.447362119505726,38.254598231794716,11.19276388771101,38.667901747302,0.021988760413817577
4889,0,38.064323463259356,29.633510692415523,8.430812770843833,30.042441468068947,0.023886839245743863
4890,0,39.56752069558467,33.25428691353777,6.3132337820469004,32.82356108445206,0.025994721925622463
4891,0,50.55906231084272,39.97972658936398,10.579335721478742,40.364307859833744,0.02618592782721821
4892,0,52.08945121471828,41.77410416003195,10.315347054686328,42.50083090347671,0.023967696328585152
4893,0,51.05022211498671,39.29345868197139,11.756763433015323,39.51321858000042,0.024017367344838895
4894,0,43.63478277388421,30.470547619304362,13.164235154579849,30.676898863769683,0.02584690836446197
4895,0,42.582734671926545,29.385911856756422,13.196822815170123,29.497896201886096,0.015904625188599135
4896,0,50.875797154857054,39.68062950915807,11.195167645698987,40.01764963982157,0.01146954730495088
4897,0,49.42943327944866,39.30224917929471,10.127184100153947,39.85336633859717,0.03385176583907424
4898,0,52.894527649464635,41.634141313377626,11.26038633608701,42.27856409189195,0.01917897786048158
4899,0,38.431181338286734,32.39793350238932,6.033247835897413,32.50870982815863,0.038323627328221296
4900,0,46.367144146814695,33.34097812905894,13.026166017755756,33.522925773518516,0.02150846151283727
4901,0,45.02609427244815,32.28205221538997,12.74404205705818,32.50678197921712,0.014676038012748414
4902,0,45.66054279845811,33.31100768987133,12.349535108586778,33.50910287748771,0.028368477594608595
4903,0,45.23721894532241,32.26222050834582,12.974998436976591,32.47490073276376,0.016105049408465293
4904,0,49.59197961428454,37.57891617030131,12.013063443983228,37.86144450046755,0.010076312275568577
4905,0,44.5531608347123,32.744980430203796,11.808180404508505,32.9167824051664,0.01777489958528494
4906,0,47.64178890664738,35.81951827407163,11.822270632575744,36.05271106109258,0.018061079329397156
4907,0,48.15694490198126,38.092725945687164,10.064218956294098,38.57954740740779,0.03122388071463466
4908,0,51.026596880205076,39.841194101318706,11.18540277888637,40.13908494728351,0.008723948314201445
4909,0,52.42039803424538,42.94761597273066,9.472782061514721,43.23499269717807,0.027824960301439265
4910,0,48.981314839775834,38.46807465633075,10.513240183445085,39.09930757046835,0.03314723571928933
4911,0,44.694639210787656,32.029245658595485,12.665393552192171,32.311774700904294,0.030775114656436075
4912,0,72.06678323784207,74.56016024554707,-2.493377007704993,78.13354392232759,0.0018064982859005078
4913,0,49.34013110384285,38.16125872104267,11.17887238280018,38.874186966079925,0.014173789147440372
4914,0,50.97986137471996,40.77950942558958,10.20035194913038,41.550633594014585,0.01586881656030141
4915,0,50.578692429438505,39.96749435849853,10.611198070939977,40.36016720121644,0.008490131887077416
4916,0,50.92574504014553,39.77180146757439,11.153943572571137,40.139907816702625,0.0093488329669292
4917,0,52.09003661691753,42.65504490509656,9.43499171182097,43.277336860312374,0.020116770756091026
4918,0,39.812302037198265,32.44413615500902,7.3681658821892455,32.70856302780464,0.04488139779678494
4919,0,45.83818886365711,33.0289163149858,12.80927254867131,33.22736941196968,0.025646208842510277
4920,0,68.99341907152609,69.32919718807399,-0.3357781165478997,77.65212253575615,0.008148234634101185
4921,0,44.67213815317881,31.13113411441753,13.541004038761276,31.276494045784574,0.020791153325779962
4922,0,41.17797882902263,33.46802904948082,7.709949779541809,33.4907157584049,0.021281055537790923
4923,0,43.79010348265284,30.124588421748978,13.66551506090386,30.24010151571715,0.028946850712763983
4924,0,41.98664606354025,31.90714217881169,10.07950388472856,32.04072690128747,0.02325792668691697
4925,0,41.30338702631278,28.503574618255314,12.799812408057463,28.690400789410564,0.06158727895135233
4926,0,50.78255348822465,39.32106406571619,11.461489422508457,39.60646347004759,0.010616925992054507
4927,0,48.69642535358419,35.65486157887713,13.041563774707058,35.90906235621313,0.021018167855673432
4928,0,36.76068075926601,29.05006121005176,7.71061954921425,29.57087748151099,0.017459902380289362
4929,0,46.144468011391055,33.63798334395156,12.506484667439494,33.85494359114637,0.017561568429361685
4930,0,46.398721491932235,33.939675423385324,12.459046068546911,34.14867891902823,0.025072743844348606
4931,0,46.494584573773096,34.180765577494455,12.313818996278641,34.39700262836587,0.01640314779716348
4932,0,72.06678323784207,74.56016024554707,-2.493377007704993,78.13354392232759,0.0018064982859005078
4933,0,51.9036134921523,42.17677698667765,9.726836505474651,42.91963011822253,0.016717070678786198
4934,0,41.52551724796099,28.789411434930717,12.736105813030274,28.857593215431994,0.050340530613110133
4935,0,50.41689098344756,37.94629401081865,12.470596972628911,38.22075158952591,0.02238152031436743
4936,0,42.22598475295973,29.434685597966773,12.79129915499296,29.600798281208007,0.021925161330463402
4937,0,71.97212725239747,74.3893122041687,-2.417184951771233,78.13044091188482,0.0017659234930395035
4938,0,49.11733023988067,36.84954917419347,12.267781065687203,37.145459854871575,0.019323702876369954
4939,0,48.08354184773604,35.4856639482514,12.597877899484644,35.67314221081355,0.014599758902477953
4940,0,44.92915541846675,32.51141330005021,12.417742118416541,32.757811158696654,0.025465131046545738
4941,0,50.501610204132874,39.92718799295648,10.57442221117639,40.18995217972633,0.021987781800935392
4942,0,49.01613249606744,38.482280871664045,10.533851624403397,39.02459448220111,0.016161732565378218
4943,0,72.06678323784207,74.56016024554707,-2.493377007704993,78.13354392232759,0.0018064982859005078
4944,0,43.339049611896755,30.234015913794803,13.105033698101952,30.388145742505134,0.016210102963668246
4945,0,38.67710904994921,33.070452061193905,5.606656988755304,33.57118870206249,0.03762840949588472
4946,0,43.70959120709486,30.965309688505705,12.744281518589155,31.133425783737565,0.029077621354191688
4947,0,45.21503782713731,32.55573624452804,12.659301582609267,32.777789255323846,0.020543630941311515
4948,0,44.52416736710643,31.303319075405515,13.220848291700914,31.421816968905222,0.024471180827081798
4949,0,51.64268450636426,40.04477241559467,11.59791209076959,40.639408549760915,0.023418873017876603
4950,0,49.71101446309591,36.406845242982115,13.304169220113792,36.607699356301815,0.013020475584008638
4951,0,51.861135254024575,42.03402348852643,9.827111765498145,42.83758150314807,0.023233764627315995
4952,0,44.36755187988973,31.322620373407883,13.044931506481849,31.494562142341618,0.032029476990045214
4953,0,40.75727405073765,28.648457942378432,12.108816108359218,28.73852403828669,0.06441549168883652
4954,0,53.643064975612404,44.516484353450764,9.12658062216164,45.58476519599553,0.010823631946602411
4955,0,45.976201378651666,33.95223955690457,12.023961821747093,34.19406541667028,0.02417474500488455
4956,0,43.17888552936131,34.46662589486522,8.712259634496093,34.57075536507514,0.027104529156349148
4957,0,45.13248383316554,32.84298534013952,12.289498493026016,33.047736831241565,0.014911205140729609
4958,0,41.65613455201881,29.027306270679865,12.628828281338947,29.202218134330252,0.024930567523548997
4959,0,49.719893979731424,37.92140987779318,11.798484101938243,38.21704475785651,0.012141112329858149
4960,0,51.49451609739336,40.244449109972976,11.250066987420382,40.55762989015156,0.022857895550251098
4961,0,42.40763377278597,30.463799573967123,11.943834198818848,30.624147680588916,0.016837397047343838
4962,0,46.74049234316932,34.00978939296264,12.730702950206684,34.14497970020157,0.02877988645027831
4963,0,49.0272295420818,37.55269599493196,11.47453354714984,38.01412889622533,0.015235350763075438
4964,0,52.54995985756878,41.87810123428652,10.671858623282262,42.338261713481415,0.011474327452490775
4965,0,52.983940742267194,42.737612735870954,10.24632800639624,43.26014915051803,0.006605025673638347
4966,0,50.69246874556211,39.28610981794819,11.406358927613923,39.59522634685132,0.018106490022536916
4967,0,50.067921779377315,38.108989515961966,11.958932263415349,38.376537232400054,0.011271214735695544
4968,0,52.408655664259754,43.26063650518985,9.148019159069904,43.65702260578972,0.02070537091656461
4969,0,44.50051922168518,31.4283366191753,13.07218260250988,31.62718769331506,0.020126591297673545
4970,0,52.66593010501924,42.39562994163445,10.270300163384789,42.87296098798275,0.008289787784419746
4971,0,50.4695116512937,38.80071138918557,11.668800262108128,39.084185795338655,0.013873066785739407
4972,0,51.076922473626354,39.70896748004468,11.367954993581677,40.09158575044495,0.0127094304694988
4973,0,53.153612358941515,42.36641201302278,10.787200345918734,42.81012676537851,0.009583498959082814
4974,0,50.66649285981194,39.27909740371908,11.387395456092861,39.62230490702338,0.015082874310153243
4975,0,43.500789932069125,30.78050648990818,12.720283442160945,31.002448521477973,0.04497881602070932
4976,0,49.48284833567004,37.53339040574722,11.949457929922822,37.73408023161865,0.01173499336074608
4977,0,51.097534377600795,40.949151105670154,10.14838327193064,41.544785816609476,0.02575460903869054
4978,0,37.68978292137085,33.075308647454,4.614474273916848,33.015884945688875,0.046338326544613326
4979,0,41.489271278893206,28.852694553405946,12.63657672548726,29.003999217538325,0.04460041330413846
4980,0,48.31421003153473,38.197165661590304,10.117044369944423,38.76877389640511,0.026882943540019803
4981,0,44.70060263699911,31.92306745663012,12.77753518036899,32.134847262738006,0.015331917271172692
4982,0,41.91045670263463,28.92174488742658,12.988711815208053,29.063476826107237,0.016454430338386183
4983,0,50.88016871632196,38.98810093439083,11.892067781931132,39.33233540567805,0.016297364046194588
4984,0,45.02609293208472,32.15301388697366,12.873079045111062,32.42774529543507,0.03135113910367422
4985,0,49.558702971955654,39.093322751017254,10.4653802209384,39.41099764905022,0.021664091072269964
4986,0,50.9331394188215,39.400702193609064,11.532437225212433,39.802868778316224,0.014022399885364212
4987,0,51.15701128247788,40.035075031211306,11.121936251266575,40.43526826669472,0.007833219708132989
4988,0,41.881660242509426,28.95536009891117,12.926300143598255,29.147353530571646,0.021798614855410656
4989,0,50.502861218952376,38.727797254532234,11.775063964420141,38.97988551633436,0.008979082371175486
4990,0,43.739292222313,30.522370714422838,13.21692150789016,30.65810377436092,0.02418172864450751
4991,0,50.39630211552725,38.54011206617578,11.856190049351468,38.883642816172056,0.017566077576411127
4992,0,51.29610257892523,39.11957604309417,12.176526535831059,39.34169354130965,0.020019746128117057
4993,0,41.519599944092306,29.12535558223405,12.394244361858256,29.263908319933265,0.03163495619668517
4994,0,51.72228735622292,42.19035700626195,9.531930349960973,42.77438742083267,0.01940518369049879
4995,0,50.594913290852006,40.07300187867287,10.521911412179136,40.4504844134087,0.019872850957507536
4996,0,49.97357517856234,39.4259723512619,10.547602827300445,39.8902443764016,0.01675931987032721
4997,0,72.06678323784207,74.56016024554707,-2.493377007704993,78.13354392232759,0.0018064982859005078
4998,0,43.05004082904526,29.810346363966385,13.239694465078873,29.970536870705526,0.03111202848839746
4999,0,50.61859129267266,39.07625676479816,11.542334527874502,39.30148670175447,0.016688559706552752
5000,0,42.12334839108203,29.915160708887885,12.208187682194147,30.07022101553866,0.031814012242959044
5001,0,49.502117348208586,36.93164450769534,12.570472840513247,37.21746807269436,0.009422149353583821
5002,0,55.162805004986325,43.69340360067244,11.469401404313885,44.016819240165475,0.012446463207872209
5003,0,51.79331224514621,40.636095594762864,11.157216650383347,40.92092197686627,0.034119600337107384
5004,0,53.699366155464816,42.57829715718975,11.121068998275064,42.91403754532173,0.010808463116471916
5005,0,48.47896795816162,35.84375862699538,12.635209331166237,36.126455468276134,0.020284341543483894
5006,0,49.476209210104926,38.81694446825182,10.659264741853107,39.34052351558081,0.025664307803836803
5007,0,50.97225927794091,40.68560530178607,10.286653976154838,41.34486764680007,0.018948532808506613
5008,0,44.97479621767741,32.2851471369716,12.689649080705806,32.54777889218468,0.015411241910764407
5009,0,49.81301016996987,37.98201680752831,11.83099336244156,38.213392464257296,0.01000676623700729
5010,0,41.65002356191235,29.11121923792186,12.53880432399049,29.25295494147371,0.03872471832122991
5011,0,50.72591080544113,39.46296834153077,11.262942463910363,39.89615936502305,0.02798216639547117
5012,0,50.40579363992573,38.06550787672742,12.34028576319831,38.29740898949957,0.022370449549034537
5013,0,50.707559552942186,40.04030811846431,10.667251434477876,40.46192544196512,0.023491537712875616
5014,0,42.156216508387615,29.317203642405044,12.839012865982571,29.4754761494697,0.04351848901276259
5015,0,42.40524774867711,30.150335003273128,12.254912745403985,30.440644139557605,0.020819399749915587
5016,0,52.299540322270886,41.37255217379679,10.926988148474095,41.77684306701566,0.027230137883673032
5017,0,51.30922569137401,39.377716077518045,11.931509613855965,39.60344546440797,0.010291156517563516
5018,0,51.694246565016996,39.974083729044025,11.720162835972971,40.234455780307925,0.012722328802365726
5019,0,52.66213508796196,43.0554367756464,9.606698312315558,43.61712881218642,0.015161357950593462
5020,0,52.99676499748652,42.20041739686717,10.796347600619356,42.65029609997376,0.011507804616251605
5021,0,42.8081297283003,29.664076459922097,13.144053268378205,29.81184718215157,0.028220162897620523
5022,0,41.74917508644212,28.62743873592213,13.121736350519992,28.795393165952557,0.016440103875950532
5023,0,51.07567370714936,39.661701676646246,11.413972030503118,40.00105884314985,0.01306508742665092
5024,0,52.4838261247384,43.64270301147505,8.84112311326335,44.389453148727,0.014335857119318814
5025,0,44.936652976031425,31.750795786190093,13.185857189841332,31.973481647960217,0.053328947656401525
5026,0,48.386750382861436,37.40419623975509,10.982554143106348,37.702454394078515,0.024458005508794352
5027,0,52.55118876912255,41.16752296616528,11.383665802957267,41.60104394978278,0.023571555984675033
5028,0,44.53524733775906,31.512616682396306,13.022630655362754,31.786304327247407,0.02135956179891743
5029,0,48.05312062679677,35.76232234828882,12.29079827850795,36.0828459028219,0.013926684017695317
5030,0,42.01909956959467,30.304294460823673,11.714805108771,30.507510504644998,0.025133724986136818
5031,0,49.099202338336156,38.31105129375602,10.788151044580133,38.75646852387804,0.020389489733778753
5032,0,39.1420926482691,29.236796839156398,9.905295809112701,29.38104198788847,0.024836607782074173
5033,0,51.21519883209996,39.53706242340412,11.678136408695835,39.875598093914476,0.012881357697315543
5034,0,45.59070667038978,32.56543837880555,13.025268291584226,32.78328363249557,0.030446739490721426
5035,0,43.23068125556402,30.141301568419614,13.089379687144408,30.31417133036605,0.02901093802716048
5036,0,44.543664863854616,30.542556711207098,14.001108152647518,30.68345868120081,0.02887038125691094
5037,0,40.96520669642793,32.955927711303886,8.009278985124041,33.268092467427195,0.03147731133995444
5038,0,72.06678323784207,74.56016024554707,-2.493377007704993,78.13354392232759,0.0018064982859005078
5039,0,49.7193011835015,37.74282432861969,11.97647685488181,37.95194676159251,0.009516206956346862
5040,0,51.33967045782292,40.754612477370515,10.585057980452405,41.09772189152535,0.021259052878923382
5041,0,56.82215265011071,46.50119115942607,10.320961490684638,47.14632767645456,0.042692195612593256
5042,0,55.05962378117131,43.98303051693142,11.07659326423989,44.41461727797417,0.016411133654335542
5043,0,42.69522762391318,29.348385055742728,13.346842568170455,29.433746652216453,0.0242994869607985
5044,0,51.37306125565519,39.600207698320546,11.772853557334642,39.882143158100504,0.008192153405342264
5045,0,48.831481807025185,37.29506124045734,11.536420566567841,37.75433952485823,0.020275392074906393
5046,0,72.06678323784207,74.56016024554707,-2.493377007704993,78.13354392232759,0.0018064982859005078
5047,0,44.99861191820112,32.07112458846923,12.927487329731889,32.325983884226815,0.025670764498061667
5048,0,48.34760785714718,36.93183075713774,11.415777100009443,37.21281677690307,0.016587607722264794
5049,0,45.065653782218945,31.86071313946695,13.204940642751996,32.05897505936893,0.01486234009594553
5050,0,52.476392334152635,41.50685154827322,10.969540785879417,41.975698918561605,0.024920185623807684
5051,0,50.99368108073054,39.07212344902641,11.921557631704133,39.353456185350154,0.016540209521405218
5052,0,51.084658788320596,40.42329363468056,10.661365153640034,40.94289307207765,0.01580760271142271
5053,0,43.07760358864867,30.01464818747464,13.06295540117403,30.192261626860024,0.016453579697957823
5054,0,41.49325817342867,28.92627810335506,12.566980070073612,29.069764692600508,0.04953030797218403
5055,0,50.13682133814795,38.264162048554965,11.872659289592988,38.54641439666613,0.01608798175456076
5056,0,39.14636604692002,33.33798838369054,5.808377663229479,33.68622204228963,0.030173768869721136
5057,0,45.46538925128962,32.50879551240409,12.95659373888553,32.732322810903526,0.03096226845546032
5058,0,51.429376029200384,39.846229210792515,11.583146818407869,40.17631668421975,0.013993404983683533
5059,0,60.997561990681476,55.29877713836399,5.6987848523174875,57.37940106090065,0.016902807014283705
5060,0,42.99965226629199,33.1347052368736,9.864947029418389,33.522892396558355,0.025322313788078237
5061,0,40.760689484419245,34.017103056512816,6.743586427906429,34.50222952414605,0.024310696917593966
5062,0,42.95480660584818,29.477083112133304,13.477723493714873,29.61034317903202,0.030435746764477828
5063,0,41.71418108924405,28.945528580035855,12.768652509208195,29.098111954843638,0.017917753407310673
5064,0,52.126144523581345,42.65103350816021,9.475111015421135,43.2330506439303,0.01616890228592957
5065,0,49.315896057707704,38.38537579512975,10.930520262577957,38.82849988166575,0.01943477436309895
5066,0,44.01421568179522,30.674393028846396,13.339822652948826,30.908528515483017,0.023989593598373073
5067,0,49.36020035612715,39.331224243319994,10.028976112807158,39.83321513603806,0.011411330592448712
5068,0,50.32343619542526,38.48857236274032,11.834863832684938,38.78099119175633,0.02032212460392633
5069,0,50.35338213976499,39.27634030573992,11.077041834025067,39.76340993850789,0.03196006645172915
5070,0,44.44331669186998,31.430010382600027,13.013306309269954,31.62270352287476,0.019779702066706522
5071,0,42.581478926002575,30.23777533629899,12.343703589703583,30.384913374708074,0.03379882413661481
5072,0,51.32429851496457,40.184621033775926,11.139677481188642,40.43976370531229,0.04783660652600841
5073,0,49.38388813776818,36.86806344654447,12.515824691223713,37.08869471168259,0.01238628711880813
5074,0,43.5899472157423,32.40870954992752,11.181237665814777,32.42970520815693,0.022233043697185876
5075,0,39.20151536440896,32.42400677640407,6.777508588004892,32.79454429468451,0.03264814530017356
5076,0,47.873667148713096,37.15009577931292,10.723571369400176,37.566869673094075,0.032681228867983976
5077,0,41.21517663078836,28.362156360396032,12.853020270392332,28.48200378477385,0.02392680751649025
5078,0,72.06678323784207,74.56016024554707,-2.493377007704993,78.13354392232759,0.0018064982859005078
5079,0,50.70262389155016,39.60190444391429,11.100719447635868,39.91461073117708,0.010784169858220803
5080,0,41.545043982764426,28.921296839087326,12.6237471436771,29.105268280881006,0.06738764009951069
5081,0,50.98758037636905,40.066415399818524,10.921164976550529,40.45421376431308,0.02562679574388482
5082,0,52.90540641908578,42.752614060931194,10.152792358154585,43.15537653242771,0.0211481211940347
5083,0,65.18591731057299,64.51096091072462,0.6749563998483694,76.37451122470517,0.010923484542889106
5084,0,51.0705883339881,39.714685736993395,11.355902596994703,40.030737229440916,0.008056268167356688
5085,0,42.783928153372784,34.93508146199083,7.848846691381951,35.09606765813966,0.027029627631905143
5086,0,51.14469044144968,39.68778876187987,11.45690167956981,39.916640441783514,0.01137285741865082
5087,0,41.320490806633515,28.66047169157944,12.660019115054077,28.893200541131197,0.021901823026321494
5088,0,47.805348102188105,35.430389789668254,12.374958312519851,35.62858425972311,0.012291873559051678
5089,0,50.74336695029591,38.69055320485319,12.05281374544272,38.94623202039352,0.015494907935197193
5090,0,53.294597660959354,42.65793092112041,10.636666739838944,43.06218688660205,0.010393548460806687
5091,0,49.177434899750935,39.234206702673546,9.943228197077389,39.85995710075031,0.02197357148156708
5092,0,53.839726280602335,42.680360663092486,11.159365617509849,43.00710646820687,0.00923946061025938
5093,0,53.600589710640534,43.133750459331836,10.466839251308699,43.76157323368707,0.012915441385983573
5094,0,72.06678323784207,74.56016024554707,-2.493377007704993,78.13354392232759,0.0018064982859005078
5095,0,51.43906567846504,41.506871814751776,9.932193863713266,41.921287633729705,0.016103145952639508
5096,0,43.01704950066555,29.38364605870345,13.633403441962098,29.547319182625497,0.019031669736743757
5097,0,45.395858499150094,33.47191781800067,11.923940681149425,33.730616422733874,0.019904532205319746
5098,0,41.367621070665336,28.677632528197936,12.6899885424674,28.9155194754011,0.031808633098303354
5099,0,48.139474207325506,38.23356008675205,9.905914120573456,38.81598072933713,0.013285997993116623
5100,0,42.67492078383617,29.045127542738804,13.629793241097367,29.138920303702378,0.019559116270669853
5101,0,50.803572910106524,39.514613404034435,11.28895950607209,40.01361771486711,0.022883494342610968
5102,0,52.93807079361737,43.052093868198966,9.885976925418404,43.60859155235747,0.0160337182079431
5103,0,72.06678323784207,74.56016024554707,-2.493377007704993,78.13354392232759,0.0018064982859005078
5104,0,38.4497146174088,32.746384272274156,5.7033303451346455,33.301476602259214,0.040311464907174334
5105,0,42.349216648677555,28.999284606917133,13.349932041760422,29.151312735078047,0.02068628688996327
5106,0,51.131008891950756,39.63161266824187,11.499396223708885,40.020860830128115,0.011192593406900474
5107,0,43.813019743141595,30.383392341734506,13.429627401407089,30.555367471562686,0.020631011393101507
5108,0,45.72761641922749,33.66772736008659,12.0598890591409,33.88992094665116,0.03183063790796844
5109,0,51.33350331321783,41.597533875659295,9.735969437558538,42.35308561328188,0.021843170777316814
5110,0,51.851279954883566,41.81264616676086,10.03863378812271,42.42164097930325,0.009603987870879202
5111,0,41.729840565269214,28.95283559822668,12.777004967042533,29.09087809159772,0.019045923072062935
5112,0,47.54097032131742,35.04872279044432,12.492247530873094,35.24704320567399,0.025100035314375022
5113,0,41.984696890945344,28.404445321688172,13.580251569257172,28.514300432953494,0.017805004298497937
5114,0,51.6127350712065,40.14347083866155,11.469264232544951,40.42106173341921,0.016237278290627325
5115,0,44.35699677908737,31.64322999233798,12.713766786749389,31.872631013670915,0.019121691367916874
5116,0,51.16063413992917,40.48461755854744,10.676016581381731,40.785978517744724,0.040924209920868544
5117,0,51.89086481225061,42.83106382356438,9.059800988686234,43.32156994628977,0.02173273807745817
5118,0,41.821085827184845,28.91200622859971,12.909079598585134,29.012160991246674,0.026631895697813015
5119,0,52.35834768012859,40.93685139772782,11.421496282400767,41.38227713433602,0.017694995305755315
5120,0,52.29870036926367,42.29356153566064,10.005138833603027,42.73997559023664,0.018608319653113867
5121,0,45.145955954804236,32.27509716959409,12.870858785210146,32.507822254851504,0.01705256821056535
5122,0,51.38172044642782,40.104166144796665,11.277554301631156,40.37340049646774,0.010398517878530389
5123,0,50.852765833090245,39.4555973110071,11.397168522083149,39.80419361463194,0.012206355697934147
5124,0,49.23974976006308,38.534804561093225,10.704945198969853,39.049022039375885,0.03314943585444642
5125,0,49.87463803313885,38.090073673380466,11.784564359758384,38.36531203766183,0.022874886850842845
5126,0,46.38966392737642,34.14207583820003,12.24758808917639,34.36675262021271,0.027393970584935718
5127,0,38.7829293042348,32.81350561043236,5.96942369380244,33.139528226467576,0.025746345295737435
5128,0,52.051268216837826,41.23434688510994,10.816921331727883,41.74264739479719,0.012127052566317863
5129,0,44.88656501921314,31.85364997763985,13.032915041573286,32.039059915033135,0.028766856918761245
5130,0,47.94268589346689,35.947814146346985,11.994871747119902,36.25283144225705,0.015049942336257546
5131,0,41.66112910310997,28.92332780069208,12.737801302417893,29.076580478809984,0.015994009108300674
5132,0,51.06080878682589,40.23195644424973,10.828852342576155,40.51330441092787,0.02382193462828093
5133,0,44.20216866166079,31.853843151987355,12.348325509673437,32.10794748495698,0.03083630266727132
5134,0,41.168746593643206,28.26334451220631,12.905402081436897,28.44588018235885,0.028354030687510523
5135,0,52.765829291973745,42.193504164627626,10.572325127346119,42.561688509872994,0.027122608760497786
5136,0,49.9190225945472,38.91202039626495,11.007002198282251,39.308071189065046,0.026798511531096678
5137,0,50.6024569675064,38.6506870946339,11.951769872872497,38.94555290460166,0.016244795328041017
5138,0,43.41753062669301,30.60557385221296,12.811956774480048,30.82558042533998,0.016732304777785104
5139,0,44.2649316096157,31.54845369652858,12.716477913087122,31.816022367274538,0.02558298614872617
5140,0,45.30476559864202,32.939477289059155,12.365288309582866,33.169494683659124,0.024275755060706176
5141,0,51.27140202453573,39.396756865736535,11.874645158799197,39.659684292377044,0.015341160323614848
5142,0,42.44778801535803,29.581188391037937,12.866599624320092,29.69599806012084,0.01978232173811421
5143,0,42.31764069252442,34.925253940242754,7.392386752281666,35.303217490867084,0.01946661476992936
5144,0,50.9597873614312,38.84629850051202,12.113488860919176,39.16885301012975,0.014494717176661486
5145,0,49.6094982720264,38.984621077658375,10.624877194368025,39.48908590234454,0.020714006368700796
5146,0,50.71781180457475,39.446792889413054,11.271018915161697,39.88685517357101,0.008667116715317134
5147,0,72.06678323784207,74.56016024554707,-2.493377007704993,78.13354392232759,0.0018064982859005078
5148,0,41.08675591047077,29.246270187836576,11.840485722634195,29.312092940827284,0.026686050629154738
5149,0,52.350564675563774,42.95038707527566,9.400177600288117,43.426497582544286,0.022906727257673253
5150,0,50.39266218963233,40.98238812449725,9.410274065135084,41.62901828240744,0.01547482486313701
5151,0,51.89480378270822,41.60469017172181,10.29011361098641,41.94621655107545,0.01292570821805632
5152,0,49.02992483607811,38.97750146999431,10.0524233660838,39.686248621678004,0.028346068435005378
5153,0,50.75547074183012,39.33223232100339,11.423238420826735,39.6014031918418,0.014253068714707566
5154,0,39.47296631080125,28.74100632139773,10.731959989403517,28.905619047308672,0.027228184682700215
5155,0,50.4705996753966,38.55142180586074,11.919177869535858,38.79670005401353,0.024134994454383996
5156,0,44.62807629901019,31.48376818194028,13.144308117069908,31.655940350922563,0.02122112786584309
5157,0,36.998051986697135,29.341205509586697,7.656846477110438,29.97818412577978,0.02392614076925184
5158,0,50.476780879038756,39.114896362567364,11.361884516471392,39.38241448555199,0.014189017869445418
5159,0,52.87658539561835,43.38462741998745,9.491957975630896,43.83244566224387,0.008655894929135178
5160,0,43.962657435452485,33.083943720425765,10.87871371502672,33.23880622548346,0.022258284838294083
5161,0,50.0660648205931,37.617671970969894,12.448392849623204,37.86491958051178,0.011796715873243761
5162,0,44.58245364380464,31.75857434469169,12.82387929911295,32.003057128929484,0.01969479718288882
5163,0,50.32034550382767,39.69383725783223,10.626508245995439,39.93314967498759,0.01703706741267108
5164,0,41.75982846041738,29.156229076144974,12.603599384272407,29.24841627876872,0.055564022050595845
5165,0,45.71699219069731,32.71972467281219,12.99726751788512,32.976093605863,0.024924725957421505
5166,0,44.597126307185746,31.88316630517335,12.713960002012396,32.112375065764695,0.024922299422285417
5167,0,72.06678323784207,74.56016024554707,-2.493377007704993,78.13354392232759,0.0018064982859005078
5168,0,53.290419678304374,43.555724343892436,9.734695334411938,44.13239220965394,0.014251479180899211
5169,0,72.06678323784207,74.56016024554707,-2.493377007704993,78.13354392232759,0.0018064982859005078
5170,0,55.841378940986814,47.06262258567908,8.778756355307735,48.213907197323195,0.011884973850431406
5171,0,45.25868848783031,32.03522339029864,13.223465097531673,32.23096027776952,0.029993912726761166
5172,0,43.585592330075,30.469486474645926,13.116105855429076,30.59843285940727,0.03180729745302899
5173,0,72.06678323784207,74.56016024554707,-2.493377007704993,78.13354392232759,0.0018064982859005078
5174,0,50.461427891393555,38.04927732460763,12.412150566785925,38.27831760643883,0.015695580572179596
5175,0,50.68886664027356,39.46858796887827,11.220278671395292,39.78228581481196,0.015957331557795475
5176,0,43.004205826493774,29.28707048349028,13.717135343003495,29.450676041240673,0.029171138031372598
5177,0,72.06678323784207,74.56016024554707,-2.493377007704993,78.13354392232759,0.0018064982859005078
5178,0,45.16155249993831,31.851311218308123,13.310241281630187,31.966272062607306,0.03304455449377659
5179,0,37.66146205808006,29.69072320397229,7.970738854107772,30.044496408874927,0.024807601683004357
5180,0,40.123456571265265,31.240825166730044,8.882631404535221,31.404675172548384,0.04299936821612645
5181,0,43.27528860530272,29.835233544677934,13.440055060624786,29.96584225078492,0.02789651088331087
5182,0,45.288384673110144,31.833027755457483,13.455356917652662,32.000341622651234,0.018172021768273556
5183,0,49.049396229971705,36.541836953399624,12.507559276572081,36.81664203202473,0.015671681985277672
5184,0,48.815864126298976,38.1566023222234,10.659261804075577,38.52086253173597,0.009370615169048557
5185,0,72.06678323784207,74.56016024554707,-2.493377007704993,78.13354392232759,0.0018064982859005078
5186,0,52.45407835150435,42.13510947674938,10.318968874754972,42.675038308317454,0.019412190988894726
5187,0,51.24150895805927,39.39376528709775,11.84774367096152,39.72763329214369,0.01364652220510914
5188,0,52.49396810291904,43.724387686058876,8.769580416860165,44.46363272891588,0.014157010775805407
5189,0,49.406550777447904,39.00218358291431,10.404367194533592,39.57630400272037,0.022580238341404043
5190,0,41.018266368140274,28.390494298877048,12.627772069263226,28.416250257144096,0.023041083278605573
5191,0,45.49975983168858,33.372755969874305,12.127003861814273,33.61039918458006,0.018566348989854705
5192,0,43.62652119216126,30.778081288246756,12.848439903914507,30.937693045421994,0.026696036782148092
5193,0,42.68225681662189,29.152370020153437,13.52988679646845,29.317147190733195,0.020038010700854415
5194,0,40.78300933565001,30.09709697665703,10.685912358992976,30.44717892920653,0.02057338292372742
5195,0,51.03699320042351,39.030840735265514,12.006152465157996,39.34290154706474,0.015101928188276895
5196,0,37.2855874791904,29.062616604758137,8.22297087443226,29.276832421191227,0.020689220577812275
5197,0,72.06678323784207,74.56016024554707,-2.493377007704993,78.13354392232759,0.0018064982859005078
5198,0,44.698569032045555,31.564447575452157,13.134121456593398,31.731272367322564,0.027905955035323324
5199,0,42.16406258476911,28.6935948200054,13.470467764763711,28.782146231520237,0.027053946699726775
5200,0,52.75453110793528,42.471816513994995,10.282714593940284,42.98383060671625,0.01286104986691209
5201,0,54.31083865875978,43.86012097637946,10.450717682380315,44.45423512670985,0.01133521709358908
5202,0,72.06678323784207,74.56016024554707,-2.493377007704993,78.13354392232759,0.0018064982859005078
5203,0,49.57767444849422,36.84107416480049,12.736600283693733,37.05372519257027,0.01415633972697191
5204,0,50.068388639876005,39.5942024163722,10.474186223503807,39.986933517354814,0.015286575232764473
5205,0,53.15278071728831,42.35876691691806,10.794013800370251,42.990941124277896,0.02481315118406739
5206,0,50.36166964943972,39.78691500241919,10.574754647020526,40.059446204278046,0.02875653954294623
5207,0,51.35935951457816,39.71664594921809,11.642713565360069,40.008886395489654,0.00944574037643706
5208,0,50.50991802829222,39.15080211420549,11.359115914086729,39.45409101632532,0.013057285408562748
5209,0,72.06678323784207,74.56016024554707,-2.493377007704993,78.13354392232759,0.0018064982859005078
5210,0,42.51960417180875,28.98651105501711,13.53309311679164,29.11259138363855,0.027902915958394697
5211,0,47.41010821091986,35.270261478942665,12.139846731977194,35.51938856999219,0.017180983728683187
5212,0,43.42602216601598,29.949504457539273,13.47651770847671,30.132364257614803,0.01956744415875735
5213,0,42.834155561866226,29.78136607117398,13.052789490692245,29.8957474693559,0.026482494848065596
5214,0,52.77699822624987,42.51359492684804,10.26340329940183,42.96638548855853,0.017899107068009387
5215,0,50.21039640443942,38.693762733707615,11.516633670731807,39.073157089938505,0.019042608693048774
5216,0,48.937882879972875,39.03878580439465,9.899097075578226,39.57364295627704,0.01608749459891721
5217,0,47.410512422991985,36.490744878035144,10.91976754495684,36.95149584772956,0.04062678903339648
5218,0,38.32071595650579,32.267870278561574,6.0528456779442195,32.63416694739291,0.03159640315072225
5219,0,43.55601224757079,30.710866605333784,12.845145642237007,30.919061097166637,0.020355788887073425
5220,0,40.925719490639096,31.455342202575952,9.470377288063144,31.498124536885367,0.032147680521427656
5221,0,48.75004031129838,38.28525999356971,10.464780317728668,38.78722194675467,0.026148620093032832
5222,0,53.15097719722,41.29950771601784,11.851469481202159,41.639337583416506,0.015351554052742649
5223,0,47.05609284041057,34.257233829550195,12.798859010860376,34.482384692441485,0.02073752749063388
5224,0,44.87662561520456,33.125514613668486,11.751111001536074,33.31563089921683,0.036186084663375064
5225,0,46.64120076530119,34.42057915144111,12.220621613860082,34.62074051635468,0.02044494589763415
5226,0,52.63203566533812,43.41216431798907,9.219871347349056,43.90184502281342,0.02362508125712559
5227,0,44.58303982548435,31.414971239793534,13.168068585690815,31.625733187129345,0.02792091813383178
5228,0,49.07793951892042,37.173008869593176,11.904930649327241,37.4759816997647,0.02148505653397152
5229,0,49.74511010003877,37.134313130267884,12.610796969770888,37.440860016020665,0.009914905673934687
5230,0,44.05443614167537,30.888093501371078,13.16634264030429,31.03451712735509,0.020121222907005572
5231,0,46.17166563472574,33.43105934173272,12.740606292993021,33.676932893911484,0.016693198976853563
5232,0,40.98211766112511,28.82259551844723,12.15952214267788,29.00600453153099,0.031486841523868624
5233,0,50.47082701726728,38.41986651542152,12.050960501845765,38.70487951173418,0.011363622676742907
5234,0,51.24560057277367,40.30745240359954,10.938148169174127,40.66502923466096,0.013429116363240179
5235,0,50.83559214541879,39.105149326588716,11.73044281883007,39.45992337955964,0.02112890596878322
5236,0,44.473227728883,31.72762095441122,12.745606774471785,31.98988167742388,0.028028772027436054
5237,0,44.13434238870593,30.510470495306343,13.623871893399588,30.65987271947028,0.029525978760857052
5238,0,50.24190392674481,39.41541746947738,10.826486457267428,39.87240085286327,0.01944705541707096
5239,0,52.85621035426395,42.03550344500836,10.820706909255591,42.494823115149444,0.013771120057587691
5240,0,50.12720611396368,38.040871295266065,12.086334818697615,38.26011654787135,0.01136983418004784
5241,0,49.683585570073404,39.514708350726124,10.16887721934728,39.83846804690654,0.02202156007635228
5242,0,46.00123520866053,35.12135661373665,10.87987859492388,35.233490330987735,0.024652411329671907
5243,0,51.103487419063484,39.34587277780591,11.757614641257575,39.68465208365606,0.008875837099007028
5244,0,48.76344326277891,39.097713154760065,9.665730108018842,39.638026543262995,0.02467409782130059
5245,0,42.93156616096631,29.004747126051935,13.926819034914377,29.136071731714733,0.03554552368069554
5246,0,47.04824246809244,34.70681494281904,12.341427525273403,34.929601192845254,0.024600600767652334
5247,0,42.829739312376944,29.166095547329977,13.663643765046967,29.319813124843,0.017439897812339508
5248,0,45.97405361931493,32.93122993173806,13.04282368757687,33.153272295502134,0.04067903190572225
5249,0,44.812393507509526,31.47247770462865,13.339915802880878,31.68449151042704,0.023840433637950503
5250,0,52.67885952122292,40.9659609524583,11.712898568764615,41.198433344796484,0.01909659371138458
5251,0,45.31419991296063,32.653507273807676,12.660692639152956,32.82061362506535,0.0194468188293412
5252,0,43.3136929397545,29.97215973114923,13.341533208605274,30.162351502887464,0.016908433588602605
5253,0,42.670768647130885,35.84900337706833,6.821765270062556,36.008679717026745,0.029534986300968225
5254,0,47.5312166887625,35.306575615313704,12.224641073448794,35.5963897138636,0.030249070442508182
5255,0,49.57435243896063,39.30269505629317,10.271657382667463,39.70200534714202,0.019569648726239192
5256,0,42.79450244077336,29.324601316144857,13.4699011246285,29.46500960148166,0.020621827487591792
5257,0,49.42483512919186,38.74852191434712,10.67631321484474,39.291049826910665,0.02183176789695719
5258,0,49.61483923291516,36.74198782714876,12.872851405766397,36.95698754737087,0.01019438353290211
5259,0,49.741749205813434,37.64951789744504,12.092231308368397,37.95505582652294,0.009023758200044682
5260,0,42.5885987756385,34.29019303398729,8.298405741651209,34.659705541727064,0.029433290140730296
5261,0,52.883827133228564,42.58786934334174,10.295957789886828,43.08471542219222,0.010224900123844643
5262,0,50.56976810953209,38.78359577000771,11.786172339524384,39.10576516286078,0.024504189581262114
5263,0,50.818414884334814,39.66464812795378,11.153766756381032,39.99978492528635,0.018065654075771667
5264,0,46.48531225468935,34.35292547340118,12.132386781288169,34.60543601328494,0.030321363049532212
5265,0,54.07015588486719,43.56104504475633,10.509110840110864,44.1162261352672,0.023632083729137436
5266,0,72.06678323784207,74.56016024554707,-2.493377007704993,78.13354392232759,0.0018064982859005078
5267,0,41.513497662395736,28.84155126072525,12.671946401670485,29.024129325438103,0.02469222689379272
5268,0,54.419204819461655,43.2646811593831,11.154523660078553,43.7783227919045,0.011215412293435683
5269,0,41.381049754963456,28.456626812917058,12.924422942046398,28.61766436991263,0.023993155319104714
5270,0,50.41605086872805,38.7541377876008,11.661913081127253,39.06570749456873,0.010630088873019253
5271,0,41.12022583415307,28.478363532532935,12.641862301620133,28.59530389549863,0.05256615440289937
5272,0,42.66736766974286,29.70581353137984,12.96155413836302,29.849594496249782,0.03070588908670873
5273,0,72.06678323784207,74.56016024554707,-2.493377007704993,78.13354392232759,0.0018064982859005078
5274,0,40.68480545637556,28.999420238481466,11.68538521789409,29.063271081877925,0.043956391392570175
5275,0,50.6187787409506,39.13089954110171,11.48787919984889,39.440923791372825,0.021391795801698255
5276,0,54.44153837762606,42.636333305882104,11.805205071743956,42.92117797967224,0.011772671032108896
5277,0,49.36987946660459,39.36699361883169,10.002885847772895,39.919809490880695,0.020172910873565177
5278,0,48.785390005059284,39.264882109289275,9.52050789577001,39.789081474853845,0.012188840678140616
5279,0,45.053407681698275,32.216873555494345,12.83653412620393,32.49705731727785,0.02373444448581623
5280,0,44.76917025650371,31.167465413806738,13.601704842696975,31.25394845433063,0.04996731131861853
5281,0,44.948447837241915,31.55337816050444,13.395069676737474,31.673143642086476,0.027247535409528744
5282,0,50.82635730994352,38.82301199248846,12.003345317455057,39.066398413485686,0.009427244592963803
5283,0,46.957204577569584,34.205844288375204,12.75136028919438,34.43755209671391,0.02556267401672763
5284,0,41.27098893325723,28.37517029753254,12.895818635724687,28.493805365203997,0.01910503344094433
5285,0,51.645839624690495,39.77077182206321,11.875067802627285,40.1001839134023,0.010539751074607279
5286,0,49.25755240043793,39.28656834073651,9.970984059701422,39.820587062416145,0.01867720324603183
5287,0,46.0430570652468,33.35667468654414,12.68638237870266,33.59112391880692,0.02225890058525094
5288,0,43.437358847458114,29.88861356045678,13.548745287001335,30.04211881221674,0.021730490494025465
5289,0,50.1596658650255,39.04536994467213,11.11429592035337,39.39893109730397,0.011966227755419424
5290,0,45.28637092519,32.89739863754339,12.38897228764661,33.132218791458286,0.018327016842430988
5291,0,42.92858761842709,29.389627686820983,13.538959931606104,29.572933143972985,0.01794441684445446
5292,0,41.85375844346167,28.768520221051197,13.085238222410474,28.912880162698535,0.01688694935879731
5293,0,45.0061699684386,32.924129909609405,12.082040058829193,33.1902583868812,0.02099832244674178
5294,0,41.42007242819612,28.703852539405414,12.716219888790707,28.879084687353934,0.015976744656420933
5295,0,50.15818544457568,39.17245168792431,10.98573375665137,39.72062065224216,0.013747019295716699
5296,0,42.08370029196138,29.32565239502929,12.758047896932087,29.477247267719736,0.016002529492768296
5297,0,64.56405589081108,62.95048964775589,1.613566243055189,69.25147480069167,0.01936800500416601
5298,0,50.7997470759054,39.11501136871418,11.684735707191223,39.47631969089221,0.011958173018619919
5299,0,46.74062230139019,34.38276028050754,12.35786202088265,34.577534692354504,0.022577838051345767
5300,0,52.02259354771644,42.30310510401297,9.719488443703469,42.910791253177734,0.023966294008586946
5301,0,42.759601926959704,29.424433684515197,13.335168242444507,29.542663025317065,0.026656253479990424
5302,0,47.6075699583178,34.92060752197705,12.68696243634075,35.102250699269014,0.01759175057128624
5303,0,46.36430920782739,33.61054573177908,12.753763476048313,33.8191272660727,0.022705470679157857
5304,0,51.670369564688315,40.92973904170552,10.740630522982798,41.37175009361221,0.02963441121900047
5305,0,41.80529793196713,29.154089582244055,12.651208349723078,29.24847638004426,0.020442872528802447
5306,0,44.16800155878923,31.20311390957308,12.964887649216148,31.374638738361885,0.02236276474941247
5307,0,52.092911373706215,42.35278189847163,9.740129475234582,42.90091407491907,0.014032934601305827
5308,0,70.42827011794577,71.82602189201583,-1.3977517740700591,78.08761713605064,0.0020945471876775484
5309,0,50.70309115750722,39.33730467563563,11.365786481871588,39.640526175133346,0.014003622347412786
5310,0,50.21563709853089,39.67436717479367,10.541269923737218,40.255959064438485,0.021285486180730038
5311,0,39.316588473961644,32.25588901351735,7.060699460444297,32.42646196504687,0.03534805866260725
5312,0,50.5886675117176,39.591347329963696,10.997320181753906,40.029925169174845,0.03618651052128863
5313,0,53.33573602650837,43.23490928371331,10.100826742795064,43.83229801736273,0.012382941553229589
5314,0,44.90396470544404,32.382437926971065,12.521526778472975,32.64268567150907,0.016094921302834082
5315,0,52.918678385820456,41.7841780071505,11.134500378669955,42.239134586974515,0.011276753039369437
5316,0,48.13395545781893,36.95952261240154,11.174432845417385,37.407732745815736,0.018475208943959095
5317,0,39.49645750965992,32.05594189816041,7.440515611499507,32.04303075308285,0.026798537340667197
5318,0,44.13245294628274,31.303204107318425,12.829248838964315,31.454369054537363,0.02097056855524356
5319,0,45.001124180212045,32.397405840662046,12.60371833955,32.587574852565666,0.024599213503236933
5320,0,37.25777831709897,30.215550346248893,7.042227970850075,30.6051889624632,0.02366082483670801
5321,0,72.06678323784207,74.56016024554707,-2.493377007704993,78.13354392232759,0.0018064982859005078
5322,0,50.46754873322148,40.38139182610706,10.086156907114415,40.899419411164324,0.024615404707142588
5323,0,44.97133944035774,31.81424389819198,13.15709554216576,31.997713239263707,0.03432671158403727
5324,0,43.38982705982991,30.535579002809786,12.854248057020126,30.734346841903555,0.030092645087984482
5325,0,48.061884416542966,35.26225614035218,12.799628276190788,35.52122610694059,0.019816534474634835
5326,0,47.91572622490625,37.703927490071095,10.211798734835156,38.21538099299211,0.02729040108003761
5327,0,49.96501463540346,38.61528971795003,11.349724917453436,38.9203930825461,0.01795697642670832
5328,0,40.237327954352054,30.629914831920598,9.607413122431456,30.834253020900174,0.0185893883331381
5329,0,41.9758821927673,28.828922756548625,13.146959436218676,28.98868989007299,0.02005174569396567
5330,0,46.06761088447912,33.70422712212489,12.363383762354232,33.94576550756041,0.01892961009172102
5331,0,43.407750394798725,32.00742645013881,11.400323944659917,32.007623376340945,0.027121172027738887
5332,0,44.26997888029268,31.7829166718771,12.487062208415583,31.9924285325669,0.02534848684338216
5333,0,50.86382755798982,38.920973627906235,11.942853930083587,39.23618937374851,0.012887236902400042
5334,0,52.7784505356375,43.45629868063958,9.322151854997927,44.14300308365917,0.015437693494350181
5335,0,50.483985757864374,40.82826839156961,9.655717366294766,41.39297452572714,0.014983923605667204
5336,0,49.43737911654965,36.97578793153278,12.461591185016871,37.239155347053426,0.01588283868488469
5337,0,50.50215092624508,39.87553749962416,10.62661342662092,40.2100472004517,0.03825350869066741
5338,0,53.39051903246403,42.23943657208835,11.151082460375676,42.75838463946664,0.01731445565554756
5339,0,41.6087966984022,33.32399978308641,8.284796915315795,33.4665551851822,0.0255090309752012
5340,0,52.87107929420449,40.926573307940615,11.944505986263877,41.185146070960116,0.024853409812482113
5341,0,41.52380747277928,29.42747197592032,12.096335496858963,29.50768839770432,0.02835012268837442
5342,0,49.996425442796934,38.24573577408407,11.750689668712866,38.4921754532506,0.010013725142458506
5343,0,53.712306407747306,42.51130022115339,11.201006186593915,42.86500934476889,0.008380686364185404
5344,0,49.04025181866844,36.65408323121207,12.386168587456368,36.96695535503106,0.010402015075335728
5345,0,49.689183212699874,37.35484921839569,12.334333994304181,37.627154151464836,0.009752254835922021
5346,0,45.62727683634303,32.85614621491868,12.771130621424348,33.05285942017658,0.01855911370691918
5347,0,50.111302340063645,39.683421705133455,10.42788063493019,40.260685951270375,0.03802711143966885
5348,0,48.437906076470554,38.2182954225927,10.21961065387785,38.82722481442653,0.0206800237675173
5349,0,44.35519899581216,31.74355985029954,12.611639145512619,31.952224014265592,0.05093412922707425
5350,0,48.90068012978895,38.14207992051131,10.758600209277645,38.58349558593509,0.03549121789788413
5351,0,41.946950450649325,29.359219525650655,12.58773092499867,29.532807885373824,0.031855976453825575
5352,0,47.148820661634545,34.826472525445396,12.322348136189149,35.08126381422675,0.024770761115287292
5353,0,43.781427998289956,30.708730479960654,13.072697518329303,30.85293243976163,0.02729679970272881
5354,0,38.59960587297205,29.983217561356735,8.616388311615314,30.112445669931613,0.0348642281520609
5355,0,50.76808434776456,39.604713140617704,11.163371207146852,39.84912644065009,0.0093978109285843
5356,0,43.341127864360715,30.212153168652982,13.128974695707733,30.371278462865725,0.025674364933149084
5357,0,50.27244864093652,39.746973198691265,10.525475442245252,39.99335222406371,0.026032472724101748
5358,0,41.54367275102122,28.72808393764161,12.815588813379609,28.89831390793476,0.025256778986935128
5359,0,41.336171133261445,32.15187486090424,9.184296272357201,32.314571545581174,0.02513690858745666
5360,0,46.16709920934612,33.56225412887473,12.604845080471392,33.74116546344664,0.028140759753918478
5361,0,42.44288819799223,28.9268049409714,13.516083257020831,29.070365463339474,0.02408719679088618
5362,0,43.355415845428695,30.80206227419223,12.553353571236464,31.009890224953306,0.019902590035138182
5363,0,41.09857584227153,28.178940349618507,12.919635492653022,28.25151684878388,0.02866715221928253
5364,0,50.084775492607776,38.217841847303156,11.86693364530462,38.4392541569723,0.011022522634131468
5365,0,44.902459775046566,32.17451621257594,12.727943562470628,32.42398243177924,0.02387636916330328
5366,0,51.52787123508965,39.9013371693579,11.626534065731747,40.236218895083255,0.017133005887885702
5367,0,51.83531364437225,43.007279928369215,8.828033716003034,43.45066170616113,0.034233741209432345
5368,0,51.767607383489775,40.511936773738135,11.25567060975164,41.03570362942203,0.011579769226650287
5369,0,50.84629358068237,39.622918795364086,11.223374785318285,39.923697814292424,0.014886368806098822
5370,0,39.724199099938545,33.852283185331856,5.871915914606689,33.819420989841134,0.021309902034441115
5371,0,48.09184686393104,37.983987604988876,10.107859258942163,38.58426513477622,0.012304060206497198
5372,0,51.74925486960218,40.37941215551814,11.369842714084044,40.6931845005715,0.018343173633575953
5373,0,47.9647157084505,38.320455704010286,9.644260004440213,39.04954691947572,0.020945176239447843
5374,0,44.97107694009749,31.481397182439725,13.489679757657765,31.628419715257426,0.020658446966563323
5375,0,66.00104233738867,65.20254914589084,0.7984931914978262,75.95554764167792,0.016183409415358854
5376,0,52.09014598027281,41.71102738568132,10.379118594591489,42.22664788954779,0.022020928377070228
5377,0,51.720094254579536,41.75192648193435,9.968167772645188,42.36597853756696,0.017934409183485673
5378,0,51.43634212751617,39.54985373593368,11.886488391582489,39.78323429072606,0.012630979053709647
5379,0,47.66845470138668,34.474535606971614,13.193919094415065,34.633530154860836,0.014958672167110568
5380,0,52.11476902739129,42.54663883062396,9.568130196767328,43.15002821962452,0.010736660891287749
5381,0,43.93526311093126,30.809428043146834,13.125835067784426,30.900676567942966,0.030663815185167493
5382,0,45.46242567071033,33.0555178907844,12.40690777992593,33.23493129051438,0.016708587933275586
5383,0,49.88762339831247,38.18598600036111,11.701637397951359,38.47268185840761,0.012950834910355447
5384,0,49.59048470309206,37.50989628442189,12.080588418670168,37.815069731481415,0.03393336942773093
5385,0,42.31124669097204,29.21801062793644,13.0932360630356,29.39746046213023,0.02573784572263838
5386,0,41.450588396176485,29.936278152528093,11.514310243648392,29.969218491970537,0.02489399751292096
5387,0,44.003874227817775,30.672536834345927,13.331337393471848,30.813924678192972,0.023473698462843817
5388,0,42.2071544145855,29.077454372803807,13.129700041781696,29.245423984646536,0.019634458708610223
5389,0,41.83548235576977,30.109826399633853,11.725655956135917,30.22333951055624,0.0245952194721991
5390,0,42.703034553508374,31.163132141058743,11.539902412449631,31.42870566604586,0.029347843255931694
5391,0,45.72964330705514,34.68921040510243,11.040432901952713,35.167595608560156,0.01800987405274581
5392,0,44.665278149081644,31.58564507868982,13.079633070391825,31.84588707625813,0.017488260774137128
5393,0,40.869320966023324,29.994151471101883,10.87516949492144,30.409259422218838,0.04183133029271357
5394,0,50.85711725518826,40.594702873197235,10.262414381991022,41.134009247224526,0.016281125524742982
5395,0,41.158674524106345,27.751348807696687,13.407325716409659,27.84912835524242,0.0344161075510343
5396,0,44.38934317811804,30.87044334001859,13.51889983809945,31.007672726072265,0.03145788748734127
5397,0,45.93105033464883,33.22318322818214,12.707867106466693,33.436745651787504,0.019149533442114366
5398,0,43.62565181823341,30.828278656505574,12.797373161727833,31.024055557379352,0.01938452312929824
5399,0,50.58831129473187,39.13331870906556,11.454992585666304,39.34886586808416,0.017709304561810617
5400,0,44.0710227714429,30.316627263376567,13.754395508066331,30.46638565262352,0.022352563516664793
5401,0,40.599918566302264,27.20526172427633,13.394656842025935,27.297447672112234,0.02153830382874999
5402,0,49.737309070660444,37.16160486226826,12.575704208392182,37.42280193497631,0.014412477130999883
5403,0,40.43003654378906,31.742696482759545,8.687340061029513,31.730350524208504,0.019043271138692097
5404,0,43.649924599893055,30.251043994450605,13.39888060544245,30.479080247288923,0.043413487076700674
5405,0,45.13736974323815,32.8160455530997,12.321324190138455,33.07876381247185,0.034163242367559396
5406,0,50.03668331473928,38.814934247579444,11.221749067159834,39.31395329839254,0.023286958700216354
5407,0,39.63323757774421,30.309418054889996,9.323819522854215,30.590289754000725,0.02252733732503004
5408,0,50.31749195171278,37.566688102186305,12.750803849526477,37.75604176254532,0.021535950856237662
5409,0,48.88765708752912,37.79165217877032,11.0960049087588,38.071279136160356,0.014688581464020701
5410,0,40.77071779910469,31.355337170636236,9.415380628468451,31.39609239194925,0.019830914707009067
5411,0,50.26577824270851,38.21930560845546,12.04647263425305,38.63464745075123,0.01611138350723019
5412,0,41.53828861295164,29.804117576619227,11.734171036332413,29.91228291105601,0.027261941726945207
5413,0,47.42500417189365,34.35948971105789,13.065514460835757,34.6111036679834,0.04287042790340806
5414,0,45.56575025556039,32.89679178288896,12.668958472671427,33.063478058545584,0.020882011617197407
5415,0,43.08693615110222,29.86528903969242,13.221647111409801,30.079570383541913,0.02395071578198112
5416,0,47.93156249986636,35.05393609157281,12.877626408293551,35.22924089257843,0.036695555206227776
5417,0,43.94047428457387,31.00574584178211,12.934728442791755,31.23270401416306,0.0321420497334594
5418,0,49.268629813243706,37.82414095082398,11.444488862419725,38.17832098260216,0.013343393100957267
5419,0,44.09648701314413,31.84955711494542,12.246929898198708,32.220105557916995,0.028963555957282477
5420,0,49.620778737983,36.969740883697796,12.651037854285207,37.115685346665316,0.02232465261694592
5421,0,41.73351034123263,30.798163575782834,10.935346765449797,31.2885453080661,0.027586746568738045
5422,0,43.26723813757921,31.55236320119989,11.714874936379324,31.822787951826957,0.024587347553190773
5423,0,49.922967470888395,37.96190178707057,11.961065683817822,38.26049138420373,0.015872902000234834
5424,0,43.94874465589693,31.427136965196947,12.521607690699984,31.620424502661635,0.030225532114194754
5425,0,49.80577555823788,38.26742378205438,11.538351776183504,38.60728030502733,0.02368085306343084
5426,0,51.28955231950664,40.66415789124086,10.625394428265778,41.189069666815854,0.014606096227439165
5427,0,43.30092109510696,29.59791038467917,13.703010710427787,29.671423916058455,0.04045768472735527
5428,0,44.35775555589038,31.69871036237532,12.659045193515059,31.899474892242385,0.018253093930869168
5429,0,44.06653164393808,33.508638116242295,10.557893527695782,33.96865096771457,0.018209802677918448
5430,0,43.83388028508705,30.87419314095761,12.95968714412944,31.074628456210615,0.015995502837194468
5431,0,44.0016323631571,31.74728315816395,12.25434920499315,32.01407836389826,0.014597675855057305
5432,0,50.25720065207045,39.53675238816693,10.72044826390352,40.20593463234508,0.016667009718851204
5433,0,40.246734748126435,27.222487246853685,13.02424750127275,27.356935980178605,0.01747910577615435
5434,0,44.13542644265854,31.845699410990147,12.289727031668395,32.1093409135577,0.02428004160020989
5435,0,45.27639899374286,33.036367100199136,12.240031893543723,33.30364068213604,0.035503279570506724
5436,0,41.425249500049084,30.11485378592567,11.310395714123413,30.32535652644049,0.022707513936823954
5437,0,49.96254008668828,38.76508783776302,11.19745224892526,39.11774904739072,0.030673728211044377
5438,0,40.57840586102285,28.164477697069106,12.413928163953745,28.273955437918943,0.025364321014895632
5439,0,49.161173043762915,37.0758066503021,12.085366393460816,37.36894208190703,0.01671282930603089
5440,0,44.23065786415461,32.67336242911416,11.557295435040452,33.18735747837046,0.031432493020748006
5441,0,44.09211614182571,30.95520201739592,13.136914124429794,31.20781814537608,0.01893361487674657
5442,0,43.257842842308946,29.715816664369893,13.542026177939054,29.80774568648894,0.02783703918044221
5443,0,50.784338133536906,40.10472287831571,10.679615255221194,40.56958092329397,0.017507284320618162
5444,0,40.59950580104325,33.10199620964184,7.4975095914014105,33.293199891758064,0.02385285019216774
5445,0,40.7089570610605,26.926794912706942,13.78216214835356,26.983160859453424,0.022697788030333333
5446,0,38.18766370669213,27.419560010107123,10.768103696585005,27.85947787180934,0.06146916145187162
5447,0,45.73350825468982,34.58948602065385,11.144022234035972,34.99253547591829,0.021941864424184353
5448,0,50.52488383091598,38.94147779692883,11.583406033987153,39.15946890242603,0.023829217228762405
5449,0,41.80513150634904,28.64084972535041,13.164281780998632,28.844384172039387,0.04862166913727346
5450,0,49.629312999845254,37.85940670050492,11.769906299340334,38.134781497932536,0.019174947265885516
5451,0,51.23480157551754,40.001888003450716,11.23291357206682,40.253582809297136,0.01868527949080677
5452,0,49.96680344168395,38.58635146827293,11.38045197341102,38.879995600592984,0.014069731411499945
5453,0,41.62502163364074,28.70244795315164,12.922573680489101,28.813273737321687,0.03683240362671955
5454,0,43.82671021037163,30.893763461119384,12.932946749252245,31.105416543096997,0.01702467344182805
5455,0,50.68502826035051,39.24567197309999,11.439356287250519,39.63260416237879,0.022339071563675927
5456,0,49.49992796419748,37.15994097858553,12.33998698561195,37.486315378348,0.016898451737204338
5457,0,51.7003003278017,39.85653301513112,11.843767312670579,40.210835860585476,0.011864970357880323
5458,0,48.63105069698001,36.22787252236184,12.40317817461817,36.41636154130903,0.026147088725182035
5459,0,43.99831916353365,33.64896202516865,10.349357138365,34.048871151501174,0.02979853642872904
5460,0,51.03511014180617,38.01478752203852,13.020322619767654,38.265584610745336,0.02645579054576849
5461,0,51.31183551256362,40.31299182129665,10.99884369126697,40.828850336173716,0.011049983700395899
5462,0,43.81735519323952,29.926474930302227,13.890880262937294,30.01706447830621,0.026335092089235866
5463,0,49.4189225124165,37.80483696846872,11.61408554394778,38.061954885846845,0.009775426453254325
5464,0,49.54219169315806,39.05878851349729,10.483403179660769,39.46280452620561,0.03236849430200391
5465,0,39.12880116847642,30.68036373359512,8.448437434881303,30.932313048599458,0.02106846425622255
5466,0,39.67023643429604,28.649184264965353,11.021052169330684,29.055062671746075,0.07363859686795722
5467,0,49.42155050934123,37.29448722399492,12.12706328534631,37.599114974479974,0.016597921871883494
5468,0,45.2827069143913,31.58753377813232,13.695173136258976,31.732230903363426,0.04106931992951716
5469,0,48.34174646407112,36.81575466438308,11.525991799688043,37.01722103557485,0.014256233518868585
5470,0,51.03300253040278,40.1856483956435,10.847354134759286,40.65165952440532,0.013888911711240598
5471,0,41.60647722705498,27.70778320902106,13.898694018033922,27.83861574130029,0.02747826249145359
5472,0,43.724634346400094,30.046409689583058,13.678224656817036,30.20138249618721,0.028062104868352943
5473,0,48.579612215600235,37.41927887854614,11.160333337054098,37.87466483037025,0.021565722195831458
5474,0,41.77101011956377,30.012019624674835,11.758990494888934,30.2188901575359,0.031136233563949303
5475,0,50.056036429466104,37.47094205177403,12.585094377692073,37.75091328669329,0.024398744116622368
5476,0,46.9567310140997,34.16432886389005,12.792402150209654,34.3585609005953,0.018950980416110843
5477,0,43.200004481291714,29.786881894457895,13.413122586833818,29.85964146626727,0.021320027989274782
5478,0,40.73765513922358,27.761522130542428,12.976133008681149,27.879272598649155,0.03154523782796565
5479,0,48.36959416265536,35.828070011484556,12.541524151170805,36.07871789630845,0.022707047213757065
5480,0,49.95297444788157,37.06905581919376,12.883918628687816,37.23276616857265,0.013078799836387971
5481,0,41.05399663575379,26.816688510472883,14.237308125280908,26.936187558181754,0.025841626005695725
5482,0,41.75720928723854,31.359516907331454,10.397692379907085,31.890390878236527,0.02508837626496998
5483,0,51.91719234991746,41.35785204052019,10.559340309397264,41.8006523291113,0.01877153722627918
5484,0,50.59452233927118,40.16316246139782,10.431359877873362,40.6186104824702,0.03013411891701115
5485,0,49.35210551003941,36.516225605669405,12.835879904370003,36.72519026064964,0.020252032262789054
5486,0,41.39920893173666,29.822390320887823,11.576818610848836,29.922784717973038,0.022685601611453228
5487,0,44.243202747973996,31.876475341251673,12.366727406722323,32.14314622636586,0.022775986727411154
5488,0,43.49161319712428,30.076110033433512,13.415503163690769,30.162218078123217,0.029967543948880807
5489,0,48.149466017673774,35.04293046727072,13.106535550403052,35.19471234235474,0.017835462817906805
5490,0,48.77237839781691,38.46597491376873,10.306403484048175,39.1677856757545,0.03183050236776984
5491,0,45.17743656770875,33.77736149993493,11.40007506777382,34.068092313715375,0.03223807854217084
5492,0,45.185510518640896,31.33325831764905,13.852252200991845,31.474794293999064,0.035566082858769894
5493,0,40.49372796025215,30.2188901575359,10.274837802716252,30.91365586423688,0.08317901504346951
5494,0,51.77575167253259,41.65953427187796,10.116217400654634,42.26876213743044,0.016145926355320677
5495,0,50.201335628488295,37.8936341949412,12.307701433547095,38.156030221911664,0.022186164913932997
5496,0,43.65068198832182,30.37792338296144,13.27275860536038,30.609769554179294,0.028665001599505118
5497,0,41.86894497447133,29.268553209966228,12.600391764505105,29.456573113820617,0.021477317964410873
5498,0,49.47893034488433,38.01288624320274,11.46604410168159,38.296840050074636,0.016493921132077965
5499,0,49.97837548538118,37.626297753949466,12.352077731431713,37.8496438898799,0.018668105372423843
5500,0,44.940828266522416,31.457694930032257,13.483133336490159,31.659268880300644,0.050669770399437174
5501,0,41.6100751129939,33.10980758706907,8.500267525924826,33.17300370193891,0.025277854652061525
5502,0,50.77175740153123,39.92469231642099,10.847065085110245,40.403973282620235,0.017825343164026005
5503,0,51.07779808385324,40.180699947852816,10.897098136000423,40.63087202680854,0.01771721734597227
5504,0,43.04028197357587,29.85089398663725,13.189387986938623,30.012041706810745,0.025622818919227332
5505,0,42.54388004780107,29.170329527434124,13.373550520366944,29.298679317195894,0.02343418669638461
5506,0,43.738561739704565,30.51054631535024,13.228015424354325,30.648783738389774,0.04736760791532038
5507,0,41.63883860926656,28.481122103875347,13.15771650539121,28.566760974516257,0.016119600663285362
5508,0,49.01007266126993,37.294977167162344,11.715095494107587,37.6039717415517,0.022414687152904293
5509,0,40.083039791631535,27.117781193578914,12.965258598052621,27.176675956941764,0.022277855563999683
5510,0,50.53767512170984,39.3728088048842,11.164866316825638,39.89717638260543,0.01930157977283999
5511,0,42.135696415924556,29.43305480277722,12.702641613147335,29.61289485478751,0.0151309940662765
5512,0,41.178126928419616,29.49152182691399,11.686605101505627,29.51587028455677,0.025206286863809574
5513,0,49.74899350729672,37.87425574456134,11.874737762735379,38.18505750905612,0.016519530678425553
5514,0,41.88606985238653,29.81975569259645,12.066314159790078,29.906946059778733,0.037191074926628556
5515,0,39.68010134491021,26.95111331452765,12.728988030382563,27.12035916539917,0.022072809280213063
5516,0,49.000344218530344,37.99134132234606,11.009002896184285,38.57511843942798,0.038579493815855265
5517,0,44.72056769582505,31.984329694303735,12.736238001521318,32.19152654859906,0.03836957002769677
5518,0,45.92460316764871,34.55549098872642,11.369112178922293,34.85000934004795,0.020085280929260166
5519,0,43.80345407296083,31.348791843634874,12.454662229325958,31.55072736378131,0.024674919425962116
5520,0,45.51097599307923,33.70121612526201,11.80975986781722,34.0989883627047,0.014427289673680309
5521,0,45.127309802458115,33.220408829574396,11.906900972883719,33.57303512134145,0.035954805101953306
5522,0,42.44520276403635,31.056297312986135,11.388905451050217,31.191032203607197,0.02598214191079194
5523,0,50.423032929075205,38.84780795965827,11.575224969416936,39.162341761082175,0.013482295907896036
5524,0,45.55011770093317,33.07094741037996,12.479170290553213,33.31603881056219,0.023183539203085805
5525,0,48.317607874304244,38.616682569835646,9.700925304468598,38.74879312301411,0.02000842432984934
5526,0,49.46166400918557,38.65023626523191,10.811427743953658,39.10647894726236,0.024180089736779545
5527,0,52.58349831191828,42.518393631765505,10.065104680152771,42.92613231229534,0.014274352912771774
5528,0,44.934621300514166,33.251578094236336,11.68304320627783,33.562482755494,0.026226767170969615
5529,0,49.26891493646393,36.458561405056074,12.810353531407856,36.62805685878635,0.016789500936852997
5530,0,41.7855074178142,30.920120510801006,10.865386907013196,31.3583139914845,0.026172151968953634
5531,0,43.49553558808806,30.254549893679595,13.240985694408465,30.436395929477072,0.018734233793688892
5532,0,49.93165143645089,38.510014644968706,11.421636791482186,38.87827228339003,0.026930327460130406
5533,0,45.39480001643764,34.476219486787286,10.918580529650356,34.846311601898975,0.026030902641895167
5534,0,41.917492904634415,28.620522373001855,13.29697053163256,28.777908120804806,0.019311120710741887
5535,0,50.30992544375813,38.21387424513283,12.096051198625304,38.4524122474971,0.015978459917461683
5536,0,47.87571225533327,35.22373891657471,12.651973338758559,35.40097748943525,0.01634322120061442
5537,0,50.042126796071514,37.629347793632235,12.41277900243928,37.890016843456245,0.012076723903805597
5538,0,50.87209345373283,40.39090879362881,10.48118466010402,40.636289734996026,0.026843413731407303
5539,0,51.27637207919875,47.90861767788374,3.367754401315011,50.36955896919494,0.060641792652930654
5540,0,48.88710787994751,37.23354955827868,11.653558321668825,37.576173304713116,0.013236922170173304
5541,0,50.7501319035308,40.112359196349985,10.637772707180815,40.430347292161386,0.02736777387085882
5542,0,47.6679785537756,35.00328739070777,12.664691163067829,35.244051726135254,0.028298688515924916
5543,0,40.03220645154596,26.979485945203617,13.052720506342343,27.101967694887986,0.027829941548549453
5544,0,52.01356647693676,41.206462422627524,10.807104054309235,41.64415903636616,0.023257279296856448
5545,0,42.39637997188498,31.102827333048783,11.2935526388362,31.588388544531885,0.02713481238575824
5546,0,46.07845350770256,35.65547178857287,10.422981719129695,36.18426162250026,0.02296032943404636
5547,0,49.43302336105545,37.3511289914218,12.081894369633645,37.647702303075604,0.01649034107000966
5548,0,49.62960508269957,37.807471141218656,11.822133941480914,38.09076563466758,0.010376331326472896
5549,0,38.93033308275747,30.526804361759407,8.403528720998064,30.783753324904524,0.02527372727157601
5550,0,44.08034814264879,33.05265156877198,11.02769657387681,33.41161763875159,0.04417481348627832
5551,0,50.34564948604823,37.968943311284605,12.376706174763626,38.2265914928392,0.022854811306574064
5552,0,49.438928992702955,37.809869420771484,11.62905957193147,38.18201818128646,0.010655068235686667
5553,0,42.48532169130665,29.417923246394054,13.067398444912598,29.52734894934263,0.02525554657994284
5554,0,43.68209147952008,29.962118895773937,13.719972583746145,30.07881338224264,0.02769324115829498
5555,0,50.668907392543474,38.05807681973643,12.610830572807046,38.311449592258576,0.017815619559772695
5556,0,45.42686814654938,33.71972886812293,11.707139278426453,34.21909660380064,0.018344922231978623
5557,0,50.719312306688934,39.69264614486258,11.026666161826356,39.95238453071998,0.023552607988095938
5558,0,51.88543846482341,40.81135405099015,11.074084413833262,41.28933715557954,0.019259285164418997
5559,0,50.795085045233975,38.50228282405331,12.292802221180665,38.76873835727088,0.013987234345531924
5560,0,44.268673073334696,31.876547686393728,12.392125386940968,32.13263592682921,0.026485450043890035
5561,0,40.85537949788241,31.115525925912497,9.739853571969913,31.285109292523497,0.03626647287235192
5562,0,41.287394453835745,29.54527277245474,11.742121681381004,29.644021660866425,0.029543780912122612
5563,0,41.40183335819335,32.19527537410265,9.2065579840907,32.44539907073212,0.01814785970867258
5564,0,49.36429074898926,37.810030913850326,11.554259835138936,38.110828988818774,0.010982231426985688
5565,0,42.49666091353778,33.09112329789522,9.405537615642558,33.40863208175752,0.039569534389841794
5566,0,49.70784659358536,37.58414105624052,12.12370553734484,37.8242975291698,0.01194870413243572
5567,0,38.47545430114211,29.939614637771367,8.53583966337074,30.10486145419538,0.02954962032745256
5568,0,44.347174531460354,30.803875438348573,13.54329909311178,30.933332520592035,0.03088372563077558
5569,0,49.5364826401708,37.49667780730256,12.039804832868242,37.73875628871738,0.021671913522934797
5570,0,51.415614913140374,41.1675306839725,10.248084229167873,41.733964623134696,0.020224117061475092
5571,0,52.111100454505134,42.28091047224375,9.830189982261388,42.808614221073526,0.014662311622827334
5572,0,42.234632701613236,31.384403842880275,10.850228858732962,31.57595385683081,0.017853874720275876
5573,0,46.19632633489984,33.4355495062766,12.760776828623236,33.69164961702856,0.02956557064203337
5574,0,43.12967977991116,30.229196961147707,12.90048281876345,30.443028337779424,0.02381472085332084
5575,0,44.0041157447335,31.022445541558625,12.981670203174872,31.256936394538705,0.03469406135203332
5576,0,44.56108127106745,31.034399649775217,13.526681621292234,31.209493040210425,0.030584364723919497
5577,0,48.481065579282074,36.38360604144091,12.09745953784116,36.62677415827743,0.022864627546561496
5578,0,44.308180038893795,31.827860166254784,12.480319872639011,32.05599456795388,0.041268539702759094
5579,0,43.640157118087814,30.917591120268487,12.722565997819327,31.12491467575939,0.02119363637164515
5580,0,50.46925660561428,39.361983006390005,11.107273599224271,39.59359257350377,0.052790280411692245
5581,0,49.71386446563764,38.0377495481775,11.67611491746014,38.28645170814866,0.016666757071856737
5582,0,50.5611105875189,39.23487879694325,11.326231790575648,39.57045480269154,0.0205581531263236
5583,0,49.9532644695079,38.97381363934254,10.979450830165362,39.372812208425586,0.01719344437425006
5584,0,44.10065504494732,31.38543439377001,12.715220651177308,31.65415848217614,0.025176562423754222
5585,0,43.42613715145809,32.570131897066844,10.856005254391249,33.09973760492137,0.05639819597296368
5586,0,50.017108327436404,39.589627103072914,10.42748122436349,40.04032484498488,0.01577703450133914
5587,0,49.93181007828548,39.35226314582016,10.57954693246532,39.7759158235932,0.027506874551171567
5588,0,49.47282301485687,38.126751863847,11.346071151009873,38.41381522781282,0.014009387560227493
5589,0,49.06046982814449,37.032247253372276,12.028222574772215,37.35063145191505,0.022425129274976818
5590,0,48.93857355605803,38.0337887184173,10.904784837640733,38.21863050986575,0.033150894225910416
5591,0,43.40735242911981,31.527184178518365,11.880168250601447,31.789512427929743,0.021900840111844226
5592,0,43.8085829593082,30.649095014877524,13.159487944430673,30.81552589976937,0.03217118228618285
5593,0,41.21463937507546,29.803209948788037,11.41142942628742,29.980236168282605,0.0319787633347727
5594,0,45.25639729737017,32.126796231971575,13.129601065398596,32.29831024279693,0.03008979958283475
5595,0,39.4803574351185,30.37126084020834,9.10909659491016,30.58085684020912,0.029865849939440425
5596,0,37.759187011962226,29.689179983409733,8.070007028552492,29.936508447579296,0.021310482749777798
5597,0,44.159993231953706,31.771876009085442,12.388117222868264,31.956266399706383,0.029073509029288975
5598,0,41.12018584564343,28.093283755229844,13.026902090413582,28.172059517099953,0.035809912323856566
5599,0,48.53787160099918,36.298917692893646,12.238953908105536,36.66028613212891,0.020025280130195864
5600,0,48.11515982391178,34.96693268630757,13.14822713760421,35.13836693339063,0.014091222180552193
5601,0,40.674430362920134,29.203391883696476,11.471038479223658,29.402626070173774,0.029759230603625977
5602,0,45.27569857372937,33.21752071446548,12.058177859263893,33.45123259815509,0.02395959212344215
5603,0,43.70172369759912,30.63709350936514,13.06463018823398,30.79625238235629,0.02800996115212271
5604,0,45.61874125492871,32.731443135028044,12.887298119900663,32.958667818939944,0.02183312440199225
5605,0,43.823980315451934,32.87819952326458,10.945780792187357,33.403401097890885,0.0345169969442845
5606,0,42.32710154089041,33.755931625863056,8.571169915027355,33.83691967934493,0.03615210636378666
5607,0,42.15169184417432,28.832965009144143,13.31872683503018,28.91937054752744,0.026706999397226084
5608,0,50.15456209204059,37.31227384542785,12.842288246612739,37.44271429308287,0.010910562551249205
5609,0,40.216388246800676,27.17555288516195,13.040835361638727,27.265881328669145,0.02097168481916851
5610,0,41.66723348504928,30.40863922972802,11.25859425532126,30.828746110689337,0.05928232106484086
5611,0,48.22026960448868,35.0868465417132,13.133423062775478,35.260099806662275,0.01872996876216061
5612,0,47.972784477238164,35.48898767011683,12.483796807121337,35.74714155359071,0.027784813514496787
5613,0,43.62149120263149,31.37603218938054,12.24545901325095,31.682729340253747,0.021018010847452775
5614,0,49.733387223630444,37.8068706763591,11.926516547271348,38.086321920546716,0.01717043191593596
5615,0,50.090607285775164,39.90329475708218,10.187312528692985,40.52574003584983,0.01662334745632935
5616,0,37.52600420267467,28.10161001582505,9.424394186849621,28.398766843984944,0.04719256740805977
5617,0,40.82433313486877,27.84785090926913,12.976482225599643,28.00925241280574,0.017244154803326254
5618,0,42.212283697036014,30.957751733732863,11.254531963303151,31.18637681540717,0.02170273230093216
5619,0,41.88585563970746,29.39400840727365,12.491847232433809,29.510754999964156,0.016952424926153658
5620,0,43.997232482294876,30.953441279370093,13.043791202924783,31.14215996263791,0.04217005509620638
5621,0,41.859767893087465,28.309602724362197,13.550165168725268,28.49418027192053,0.016081722933709873
5622,0,50.57521349062941,38.92803400918997,11.647179481439437,39.26691205272076,0.015410876275182055
5623,0,47.66147246788043,35.516536481120845,12.144935986759585,35.770854161131325,0.02568219598700409
5624,0,46.77537981911463,35.202309262377895,11.573070556736738,35.459308311027186,0.01956366090587876
5625,0,41.51240412468105,28.377880778731242,13.134523345949805,28.52853161369025,0.01688824405206403
5626,0,43.98289206969065,30.589732219833927,13.393159849856723,30.808627534478465,0.038297234404721874
5627,0,45.9768261432405,35.28967151230087,10.68715463093963,35.860924306708554,0.018520752081937607
5628,0,44.456191545483264,31.260188291051033,13.196003254432231,31.408708742780657,0.016575418077188372
5629,0,40.79739092471175,32.03595264739021,8.761438277321538,32.130247362721384,0.02815785623077144
5630,0,43.55675661799434,30.98253864747654,12.574217970517797,31.22679022924822,0.027451437744494062
5631,0,39.746283235772935,26.90929969965924,12.836983536113696,27.06818439544261,0.02057598323795722
5632,0,48.922574637331294,36.68262384982837,12.239950787502927,36.87487938768437,0.013119031579833407
5633,0,49.72024258564545,37.599777249713014,12.120465335932437,37.94897303556684,0.010668226815056326
5634,0,43.339072637534,29.927539071148313,13.411533566385689,30.052853737602355,0.023381087806636624
5635,0,47.08125890011132,34.37025417496206,12.711004725149266,34.60617513543471,0.013833265201802622
5636,0,47.40773862177957,36.45167417056501,10.956064451214559,36.919701879068555,0.020951420004715924
5637,0,51.84858087823203,41.47604601246723,10.372534865764798,42.02130625987061,0.009893843308043397
5638,0,51.08950934004049,39.43714359859681,11.652365741443681,39.90983770910624,0.013030393986879378
5639,0,49.609768164814554,37.51396457021754,12.095803594597015,37.82069697445541,0.021622387107906166
5640,0,48.62717547142029,36.4943470580745,12.132828413345784,36.708288925146135,0.04976722692476421
5641,0,50.4498860641128,39.70121026513332,10.748675798979484,40.00522282047734,0.02252558872662737
5642,0,42.15531719621289,29.231041110610896,12.924276085601996,29.39776442756096,0.015292835129014129
5643,0,50.423316238160325,39.43243690558697,10.990879332573357,39.904543427274504,0.0154223561570692
5644,0,50.42334487972488,38.302624006587514,12.120720873137365,38.56300276948306,0.0180280656625069
5645,0,49.61084726170634,38.384006772932906,11.226840488773433,38.84445116101,0.028461161913140264
5646,0,49.60533294690953,38.63531780174778,10.970015145161746,39.00877591523337,0.019388588136655
5647,0,49.67575960301595,37.24932910068059,12.426430502335357,37.53938952302833,0.024020827480296287
5648,0,40.08776808225265,29.753706830968657,10.334061251283995,29.84562896143486,0.025370874090376038
5649,0,48.1279453971987,36.4657951655511,11.662150231647601,36.70271802105766,0.03912636685764831
5650,0,51.84040948578442,40.72295178948082,11.117457696303603,41.291540515124524,0.01785816125977959
5651,0,41.81555327696228,31.36986959998287,10.445683676979407,31.683665300657243,0.019117951130989144
5652,0,43.335235101286145,29.677092138899283,13.658142962386862,29.82864150150717,0.0444524470363524
5653,0,51.128973531018815,40.21974188017845,10.909231650840368,40.615781348108634,0.015726112218704933
5654,0,43.48214049213894,31.040765124117126,12.441375368021813,31.265864148984374,0.03365597031458907
5655,0,40.02452209031706,26.86925366120098,13.155268429116084,27.055426831705233,0.024751659882305606
5656,0,49.67841798908387,37.87154222246257,11.806875766621296,38.1092101388771,0.009808472382107731
5657,0,43.514129836275856,30.642364365129094,12.871765471146762,30.81149077050384,0.031869668430985966
5658,0,50.60736684823229,38.96791368078618,11.639453167446106,39.42763436540861,0.020301872694259003
5659,0,49.18095800709244,37.23265210313191,11.94830590396053,37.59643652139738,0.010960807332657283
5660,0,49.91041540887646,37.981937034133125,11.928478374743335,38.24936545277184,0.015835342622736896
5661,0,39.561195813671155,26.630217840902457,12.930977972768698,26.72710193079566,0.02276035688166429
5662,0,50.431864060205015,38.20422424778454,12.227639812420477,38.49481498651204,0.01907376084466534
5663,0,41.82535308074648,28.737504369963503,13.087848710782978,28.888060137574538,0.023828948379069497
5664,0,46.254241984455476,34.87274479966639,11.381497184789083,35.30245749962154,0.0253416128944339
5665,0,49.45171031543261,37.93860336637322,11.513106949059384,38.2612242149396,0.02247498906362465
5666,0,44.407066975186595,30.644670357480127,13.762396617706468,30.789358128880384,0.02073507988302965
5667,0,48.89728887673215,38.93771484673571,9.959574029996439,39.13052981555364,0.027249578942666552
5668,0,48.8471841241216,38.289184270447905,10.557999853673692,38.691666149293084,0.009943948284162663
5669,0,48.980082617284424,39.14033588874131,9.839746728543112,39.703219491624466,0.036101171176367186
5670,0,40.0351747041125,29.65709439539731,10.378080308715191,30.12085173660617,0.047825789024326035
5671,0,38.629993949278386,29.17038187501478,9.459612074263607,29.21324397544409,0.02379002754672668
5672,0,49.2560972665061,37.40336446634059,11.852732800165512,37.76929517615972,0.01962761272003003
5673,0,42.43090267991953,29.433381386156157,12.99752129376337,29.564317112389304,0.031389165204239046
5674,0,48.089778845235486,35.81365034115734,12.276128504078144,36.06719266439786,0.022905823922705085
5675,0,51.87142243914241,40.38464980703398,11.486772632108426,40.798710711531264,0.014944447867558223
5676,0,49.779464188502274,37.55264675246488,12.226817436037393,37.79999752430604,0.014150885304402205
5677,0,51.159155656425696,39.3433463052685,11.815809351157199,39.67458816120448,0.01767051492811794
5678,0,47.995401165569305,34.97783729571657,13.017563869852737,35.179945590167065,0.01735471224944241
5679,0,49.45913500746916,38.690714850848266,10.768420156620891,39.25603052785151,0.02617059264073477
5680,0,52.17046530878058,41.85722044240376,10.31324486637682,42.47116002020883,0.012965720580152345
5681,0,43.82726548091523,30.985248530702606,12.842016950212624,31.224474094538255,0.015027199803035123
5682,0,49.084652208363494,36.79279376033071,12.291858448032784,37.05211352121397,0.021503712551861752
5683,0,43.21377162419232,29.700571210733173,13.513200413459145,29.85453315201127,0.03890005994014657
5684,0,49.93883033496384,37.915467852240155,12.023362482723684,38.173019167769255,0.009334972152161666
5685,0,49.62024531995303,37.15026394823654,12.469981371716486,37.330340494038154,0.016087193487261155
5686,0,40.54686696369414,31.815572135173216,8.731294828520927,31.745803998764988,0.05355567613022174
5687,0,43.599955540426464,30.439268050001573,13.160687490424891,30.618082721067704,0.03497933883657614
5688,0,43.8253491147961,29.870600214697465,13.954748900098632,30.05751408020713,0.024903260997939776
5689,0,50.082063608053645,38.32596745846965,11.756096149583996,38.668264290565716,0.0221957209074177
5690,0,50.14893741978959,37.39978304872373,12.749154371065863,37.56048781104581,0.011789684916074848
5691,0,49.54450239252499,37.885517252414544,11.658985140110445,38.220682598058424,0.013538689819480292
5692,0,43.259139209178784,34.06481369271569,9.194325516463095,34.392967809384594,0.03866697801038357
5693,0,52.10595420062819,42.0284425156845,10.077511684943687,42.599253468542585,0.012996656576615813
5694,0,42.60852630993345,29.814035657259286,12.794490652674167,29.88668928552018,0.022567462603997085
5695,0,39.71304006303991,26.57493412687956,13.138105936160354,26.696999279887468,0.021097009641216687
5696,0,50.79857381985725,38.3235243936667,12.475049426190552,38.606838442508064,0.02331336564439202
5697,0,47.30995218762749,38.93006390927766,8.379888278349824,38.73847765397643,0.015514970574680716
5698,0,45.441943049855794,32.17503267710205,13.266910372753742,32.35944977269908,0.03848990715024212
5699,0,49.73491431443618,38.96966142432318,10.765252890113004,39.45920016752273,0.04214326906360263
5700,0,50.74493674465762,39.24932639185805,11.495610352799574,39.585487549570836,0.03066994925976087
5701,0,43.09910943565728,30.315993575110863,12.78311586054642,30.463790572901157,0.02479094635023078
5702,0,48.14769307749677,35.13620047280136,13.011492604695405,35.31474259660212,0.03271091847727113
5703,0,44.49629109859285,31.964027634123685,12.532263464469164,32.153156655155364,0.02875832040331205
5704,0,50.1603255703419,39.30168711418668,10.85863845615522,39.72114849932261,0.013416832083071853
5705,0,44.3761426452176,30.41297551881772,13.963167126399878,30.564374071775905,0.021245249060290745
5706,0,49.47929376923564,37.268019500008094,12.211274269227545,37.573691457886284,0.012589323482290573
5707,0,43.55310383307038,30.357629130224378,13.195474702846003,30.562599597527313,0.03863187699447758
5708,0,39.07803094842308,29.940970609608467,9.13706033881461,30.07240841217765,0.024682167613682898
5709,0,45.09801485714033,32.22339695654958,12.87461790059075,32.410471821959575,0.027095328044459084
5710,0,44.15104476307047,32.10121851092673,12.049826252143745,32.395688261839084,0.020785769879529185
5711,0,38.507970630791164,29.209517881757876,9.298452749033288,29.590086206633504,0.025514227302065717
5712,0,48.495379078579205,35.83180720498835,12.663571873590854,36.04907297344019,0.03104790891203782
5713,0,50.11232186911927,38.1616221779563,11.950699691162967,38.5072977393372,0.013084043480798436
5714,0,46.135992767242854,34.833921182644445,11.302071584598409,35.26940781027455,0.016374121708918426
5715,0,51.92074765260904,40.52348339155026,11.39726426105878,40.9547861221086,0.01325015065046312
5716,0,43.37453236878899,29.782758584124398,13.591773784664593,29.975706239774134,0.027549785112957133
5717,0,50.3641033599377,38.48581056287135,11.87829279706635,38.74354462231646,0.011097672258923814
5718,0,48.22705634673143,36.8499541432203,11.377102203511129,37.28021667177106,0.026030829514778697
5719,0,44.42785019963104,34.61660438121843,9.811245818412608,35.20959062330217,0.026085470526365197
5720,0,43.7535560801462,30.53959869486307,13.213957385283127,30.724157819027287,0.017745175709159296
5721,0,40.768309454068,31.350250925895928,9.418058528172075,31.385327432604555,0.029483605898457305
5722,0,42.740010693129506,30.415090894632865,12.32491979849664,30.63409538262762,0.027566331198457427
5723,0,50.776348263585874,39.904729453537584,10.87161881004829,40.19096700879043,0.03434650967542297
5724,0,50.70357333621588,38.02349631620237,12.680077020013513,38.32249578413552,0.0194867384413567
5725,0,51.744841161366296,40.63594763776606,11.108893523600237,41.117572486193666,0.014201158046178346
5726,0,41.048418861268644,27.792189114823,13.256229746445644,27.932401734299468,0.01749124165129219
5727,0,41.91122950772984,28.42454891754939,13.486680590180452,28.56281046179601,0.04514453377691844
5728,0,49.64814088338446,37.01453201562704,12.633608867757417,37.21161526730333,0.02205986147900264
5729,0,42.12833648477741,30.86851270423092,11.259823780546487,31.095845381317396,0.02496748596337904
5730,0,43.997332253823444,31.17626426468435,12.821067989139095,31.368985939852198,0.018631165424618366
5731,0,50.32744860213634,38.14840610948126,12.179042492655086,38.52187806379668,0.012802949297477256
5732,0,44.7408190858594,33.579926482817996,11.160892603041404,34.041631202655466,0.029107592717957004
5733,0,43.81299473828332,31.48688596095042,12.326108777332902,31.697514709713143,0.02246590194400438
5734,0,40.294472646179344,31.674643854693937,8.619828791485407,31.780044860859952,0.019905566738938053
5735,0,39.744332643410374,30.57132749707394,9.173005146336433,30.91945622962141,0.01909665954964843
5736,0,39.57306348818228,26.76191349080611,12.81114999737617,26.909207496973096,0.01994809015716583
5737,0,43.18724881975474,33.43547367392462,9.751775145830123,33.497538459604144,0.019060124788241078
5738,0,48.96404843854603,37.709281849075424,11.254766589470606,38.14514272549921,0.026267062362942576
5739,0,41.154647830587436,28.438150095860745,12.71649773472669,28.528424970287343,0.01694214626469442
5740,0,47.06441139762191,35.88849163289808,11.17591976472383,36.25058386695626,0.02463917532159069
5741,0,49.76681106909781,37.04513850647009,12.721672562627724,37.1801466951908,0.02665198844846214
5742,0,50.954904055383594,40.178503226716344,10.77640082866725,40.40679170699988,0.01181338993119788
5743,0,42.99833247793303,29.682078950636345,13.316253527296688,29.84351424644547,0.016310697915564023
5744,0,43.26894660762889,29.96727468047188,13.30167192715701,30.123001914121613,0.026374012921578687
5745,0,50.02660235320694,37.66077260780297,12.365829745403971,37.86037965902446,0.01113199791231546
5746,0,48.28644053903852,36.19968529168567,12.086755247352855,36.47263253496877,0.029692097759908224
5747,0,43.974014664474126,31.96570422176404,12.008310442710087,32.15878220941885,0.03966552721419805
5748,0,44.19884851289572,31.659255051407424,12.539593461488298,31.960255735858947,0.02201878339672393
5749,0,49.26035900787525,38.76636212604527,10.493996881829979,39.28918647022726,0.04304246159570319
5750,0,41.136042865437155,27.715990435691833,13.420052429745322,27.811843916100464,0.021539686791570305
5751,0,37.57989004857208,27.786732298401375,9.793157750170707,28.16974395156117,0.059947876539953836
5752,0,49.99191353782602,37.14152487877644,12.850388659049585,37.386092397974636,0.014595264811011312
5753,0,43.160047868900065,29.717723114000844,13.442324754899222,29.867070913881992,0.039625158315905566
5754,0,49.83303782391225,37.779699141649346,12.053338682262904,38.07087992777193,0.010328658898926556
5755,0,52.10288561207052,41.66711267393846,10.435772938132061,42.20542577414872,0.01040082891049062
5756,0,44.161239670047465,31.92793981371332,12.233299856334146,32.18920582032396,0.0278000777246613
5757,0,50.47207780603513,38.02145408154252,12.450623724492608,38.29928599330363,0.008486483596744664
5758,0,41.05589139532231,31.847356369984862,9.20853502533745,31.97267362144812,0.03685721092558351
5759,0,49.2216722878447,36.48213080881612,12.739541479028574,36.73147445860877,0.02134214033881703
5760,0,39.85757939240361,26.793498876244225,13.064080516159382,26.871597675714575,0.024499575656247906
5761,0,47.693002560286644,35.26982933073977,12.423173229546876,35.49746708261084,0.0184216669899172
5762,0,50.78067586097771,38.66056396476773,12.120111896209977,38.8483349292388,0.014700428056888974
5763,0,50.731569784488755,38.72615715394498,12.005412630543773,39.09152681590244,0.017932898248211534
5764,0,45.00144447926252,33.765669021370314,11.235775457892203,34.08677555013552,0.053166291441395
5765,0,50.80993860691335,38.81983097557166,11.990107631341687,39.190731923157486,0.016989007841566952
5766,0,51.58528335112942,41.115961135147636,10.469322215981784,41.64530185181998,0.013630999899239436
5767,0,37.822058655258246,27.213683524762462,10.608375130495784,27.577585138336968,0.05819366455569616
5768,0,48.50583001051537,39.06143575309037,9.444394257424996,39.38185802846969,0.020331958050294113
5769,0,39.65601223283687,27.15105562461805,12.504956608218823,27.27764555554833,0.019549923761969963
5770,0,43.530683958816155,30.46510142456943,13.065582534246726,30.634744463048605,0.015445122349064599
5771,0,40.00555917109412,27.08998208833629,12.915577082757832,27.221366488239983,0.02117878726540649
5772,0,46.66248148843556,35.10924111411583,11.553240374319728,35.530510980288426,0.030210691611146267
5773,0,42.185324154720476,30.09127950208124,12.094044652639237,30.010515599785133,0.028481975180966384
5774,0,50.360518539826984,39.19896635886637,11.161552180960612,39.51882721674289,0.01349744397499321
5775,0,51.872489513438836,41.15615300453166,10.716336508907176,41.672406362401304,0.011520948140038463
5776,0,38.860405501826065,29.52393188602943,9.336473615796635,29.781235732931215,0.07198949512625835
5777,0,42.78752788242042,30.75740172156182,12.0301261608586,30.916153827989053,0.02650958629392049
5778,0,41.36147754452283,29.762707306795996,11.598770237726832,29.79991350099711,0.022061640188570916
5779,0,51.0051257926866,38.1468791520615,12.858246640625097,38.380578946467665,0.019229084990846895
5780,0,41.22913622812138,30.017020714213857,11.21211551390752,30.13845512389917,0.017749142709305638
5781,0,45.680852750293354,32.73881524303395,12.942037507259407,32.90475506214524,0.04454843713070806
5782,0,44.800543263464846,33.78890488776264,11.011638375702205,34.24178792720072,0.030665645513876807
5783,0,49.789425711497785,38.34500666709196,11.444419044405826,38.636294385535905,0.020564852860670852
5784,0,44.41728595880706,30.912597194466663,13.504688764340393,31.09668182476717,0.022680512824465877
5785,0,43.2444180810277,30.521115429697545,12.723302651330158,30.75342422152211,0.01592683542020358
5786,0,39.90092725325617,27.131845275159844,12.769081978096327,27.13698090106823,0.02133391783980915
5787,0,49.27851471625917,37.147340718268225,12.131173997990942,37.39129173429231,0.01646664471763435
5788,0,42.96731985341924,29.376956588463553,13.590363264955688,29.589748442359404,0.021578659243054164
5789,0,49.92737409401005,38.136369676498944,11.791004417511104,38.32751590262589,0.01108447173900206
5790,0,49.65643003428265,38.97713569752443,10.679294336758218,39.16358104801448,0.027155974082786364
5791,0,41.76318221266588,29.025975886670782,12.7372063259951,29.115725941282097,0.02675189514514408
5792,0,52.384939826579725,42.03518434564373,10.349755480935997,42.56948189290722,0.012402847184492454
5793,0,41.89905419981797,33.9420042216186,7.957049978199365,33.88286982831288,0.024473630585483568
5794,0,44.11596199848151,31.02206168314349,13.093900315338018,31.255904379205784,0.026341045158974234
5795,0,49.11751247463836,37.01907261188015,12.098439862758212,37.36103639226346,0.018934939768033215
5796,0,50.604170719021994,38.53887556929945,12.065295149722544,38.842863679787484,0.023072396740037884
5797,0,49.24039111419444,39.212279726703265,10.028111387491172,39.74670398352872,0.027105432491317315
5798,0,49.14010914291633,36.10802452982321,13.032084613093119,36.30869189376945,0.024956706166092225
5799,0,43.988652953449034,30.669000348381843,13.31965260506719,30.835851677813157,0.0385164608967112
5800,0,43.786651158991475,31.467135616721702,12.319515542269773,31.725523583653437,0.03567194296305157
5801,0,49.63386798744396,38.03506631047988,11.598801676964086,38.40541515603046,0.015127089327605673
5802,0,43.5363459341105,30.668466690335958,12.867879243774542,30.877442325901594,0.020071558840934173
5803,0,47.93426037953857,35.30876163958959,12.62549873994898,35.554935593327784,0.02580315684083699
5804,0,39.234667784878056,26.565576253364824,12.669091531513232,26.665469421666494,0.01838051147892693
5805,0,49.84765588817734,37.66597191898881,12.181683969188533,37.97206316337554,0.013006825547400343
5806,0,43.340038006328996,29.866071597259946,13.47396640906905,30.048802817263613,0.016214085205863687
5807,0,39.778161419114184,26.73749577655368,13.040665642560505,26.761913917251373,0.025477237488603352
5808,0,42.38900136783519,33.19418366734563,9.194817700489565,33.38073065490718,0.01911595949246409
5809,0,40.207182694683624,30.57916137702273,9.628021317660895,30.79161760822093,0.027563537312448733
5810,0,49.883817815945775,37.362071250663746,12.52174656528203,37.53513494003535,0.01121496170135037
5811,0,41.069762146822896,27.878575748189675,13.19118639863322,28.01919157199056,0.01659442897667324
5812,0,42.27577875850076,29.764329664703652,12.511449093797111,29.909852895181835,0.016480623826266763
5813,0,43.97676089517182,30.924249552154663,13.052511343017159,31.096763395301206,0.02087772507769369
5814,0,50.16214455921421,37.77647874349836,12.385665815715853,38.07004920196218,0.016192712690132224
5815,0,41.159715164713155,29.38622554977326,11.773489614939894,29.335777622598858,0.02099580171202108
5816,0,40.43963627410285,30.64783778266195,9.791798491440904,30.91217413147513,0.02385164359474597
5817,0,50.20219259587378,38.312497680230805,11.889694915642977,38.61018614087532,0.011940799951464243
5818,0,49.94921876783634,39.008264880739844,10.940953887096498,39.24736275155482,0.035109625548556615
5819,0,48.901974823021476,37.607635614116134,11.294339208905342,37.95773359400084,0.011191492198558325
5820,0,44.72115699336432,33.46447056136812,11.2566864319962,33.97590095476374,0.01683211361317882
5821,0,43.87624827136335,30.520764805376174,13.355483465987177,30.71472026747315,0.03921825753188652
5822,0,49.47937193902996,39.13224949053335,10.347122448496613,39.250608717989934,0.02421240762066456
5823,0,47.63119064876892,35.81772296402279,11.81346768474613,36.20603202978724,0.020871104922855536
5824,0,52.67019624331124,42.109513936583156,10.560682306728083,42.63455343451538,0.009601975799915964
5825,0,45.13693200910524,33.610582369351505,11.526349639753732,34.0235238036838,0.022879012656668384
5826,0,49.16950688779461,37.383385886891844,11.786121000902767,37.79491833821419,0.019734395516457764
5827,0,41.039849519927856,29.524248861533813,11.515600658394042,29.579950816683425,0.02239793028924476
5828,0,49.09675829194059,37.58252096542171,11.51423732651888,37.879012197338874,0.026327125535135634
5829,0,43.11957058118787,30.529271374168353,12.59029920701952,30.704589554517902,0.015070227583286796
5830,0,40.68609277982661,29.538186006873637,11.147906772952972,29.698902467366697,0.03375838699200399
5831,0,50.06039154095673,38.02108044085793,12.0393111000988,38.3166250808263,0.02107761159817403
5832,0,52.87505395583422,41.787892734467235,11.087161221366983,42.24091387351608,0.013700092119519097
5833,0,43.75972034379424,31.928749719015272,11.83097062477897,32.18089494108449,0.03837165630131373
5834,0,48.198635455589525,36.17491685486637,12.023718600723157,36.468646705875216,0.019592212743265527
5835,0,43.328111706108146,29.889827509647194,13.438284196460952,30.06256284936754,0.01527871406774386
5836,0,49.05413154110313,37.541357478233245,11.512774062869887,37.870896706888054,0.012669970862371394
5837,0,42.4063601835696,29.03292035138192,13.373439832187682,29.172030589762407,0.04547270796216303
5838,0,44.56481408293395,32.31592104426015,12.248893038673799,32.58281928367441,0.02549647246834611
5839,0,43.46698706997384,30.004794433003916,13.462192636969924,30.16004140756721,0.01922904114754727
5840,0,38.76415793633714,28.66012341509915,10.104034521237992,29.08372649485668,0.06390960259868651
5841,0,52.23680261214065,41.10431262241586,11.132489989724789,41.594046502687476,0.023015843669435425
5842,0,41.54135614875712,31.41603179729619,10.125324351460929,31.88945442704376,0.03792765856126855
5843,0,44.76655671137412,33.953936717324765,10.812619994049356,34.31993117122244,0.028081288051049817
5844,0,44.331173753913134,31.410822705953013,12.920351047960121,31.616035976983103,0.018365920468393464
5845,0,38.027753464150024,29.952639519578682,8.075113944571342,30.23746157076464,0.02034593393273021
5846,0,43.66535684113161,32.77533799701714,10.890018844114472,33.3452556800045,0.019354850726391436
5847,0,49.40830476327618,36.640749742271026,12.767555021005151,36.810318099948816,0.018107865628355674
5848,0,50.021492302162926,37.53837305296615,12.483119249196776,37.80407118534489,0.01699114358352741
5849,0,38.369844254120935,30.014399282610864,8.355444971510071,30.316383637725135,0.0225811109685658
5850,0,59.44704656688958,55.37453497958552,4.072511587304064,57.69260792094846,0.03672130633042004
5851,0,46.16159623387048,32.996707484487175,13.164888749383309,33.15735487337736,0.021779859900833434
5852,0,44.07365918407477,30.91171479716022,13.161944386914552,31.060125091835335,0.01829361925817926
5853,0,43.18941431296061,31.467593981680654,11.721820331279954,31.729688216717555,0.033691619783868594
5854,0,38.53064164186264,30.462904559266192,8.067737082596445,30.80536016347644,0.026435125682972856
5855,0,44.46164313839779,31.285351567939262,13.176291570458528,31.498310141827584,0.023280604696213097
5856,0,47.79123124462305,35.32667833252444,12.464552912098611,35.577432677063214,0.02135783255769265
5857,0,49.120666117597594,39.06569118567962,10.054974931917975,39.53160721819135,0.019062142236336656
5858,0,44.20768963382096,34.1137405518797,10.093949081941261,34.7993299497409,0.029901695131296382
5859,0,48.30520011780811,36.213461454126104,12.091738663682008,36.31019287823915,0.018936685368168043
5860,0,50.69218667659722,38.45648467343743,12.235702003159787,38.72335650326475,0.010684793333133281
5861,0,47.77094831178587,39.7006483935697,8.070299918216172,39.96419338991277,0.03024758209060825
5862,0,49.47148295397679,39.226544084401766,10.244938869575023,39.732504041423084,0.032721956370263136
5863,0,42.932822492935244,29.306454585704593,13.626367907230652,29.48637962329832,0.02610137101824544
5864,0,44.59320225001571,32.56448600761965,12.028716242396058,32.784617994786544,0.017639748844660387
5865,0,42.24705146384274,28.981928782537302,13.265122681305435,29.081017901263916,0.027207943525627495
5866,0,39.494299914533514,30.19004167940614,9.304258235127374,30.194947086287925,0.02582016927569324
5867,0,44.68518189094834,31.45077896323377,13.234402927714573,31.59887351484144,0.033544494477921946
5868,0,50.977790513445626,36.46281313789535,14.514977375550274,36.604795170174334,0.014449553654449356
5869,0,42.39512186729823,29.598549105423306,12.796572761874923,29.683186377170006,0.02454176785165402
5870,0,45.246979929797405,34.66370571450913,10.583274215288277,35.2005325937036,0.039099030220873486
5871,0,45.638749965708456,32.60904778523809,13.029702180470366,32.74555544317015,0.016337859262339074
5872,0,41.93756466040281,30.004753491789522,11.932811168613291,30.13889452323195,0.04545267543384512
5873,0,51.985894221757746,41.73444617196155,10.251448049796196,42.22761369882872,0.012839334339516572
5874,0,52.135555873969636,41.64902280224125,10.486533071728388,42.15442637325535,0.01587022854201058
5875,0,40.404675559079166,29.68839393841331,10.716281620665857,30.336522527855095,0.04220089753297672
5876,0,48.58352933699635,35.81606644618576,12.767462890810592,36.03779117459014,0.024781289269261545
5877,0,49.2364690178014,36.93642744032809,12.300041577473309,37.19645558169762,0.021205964743163115
5878,0,50.75307818417318,39.81017423116022,10.942903953012959,40.25994365321027,0.014316896763576212
5879,0,49.236211341763976,37.81394013148649,11.422271210277486,38.06563525998878,0.02041965251852542
5880,0,50.33104372962745,38.31165408665623,12.01938964297122,38.68513676519089,0.009866584780929053
5881,0,50.6770973971535,38.0766828669113,12.600414530242205,38.29869706436469,0.02639086442033012
5882,0,40.59873906471233,29.889194864409056,10.709544200303277,30.301687959031597,0.03456868921243919
5883,0,40.53236396991362,30.169190577193955,10.363173392719663,30.22650681763216,0.023471984812409846
5884,0,43.99632019031178,31.033312562653055,12.963007627658722,31.254054027783035,0.036561579501667434
5885,0,40.33909924927781,27.924827527585084,12.414271721692725,28.015693758103247,0.022881236005190545
5886,0,43.926961805743105,30.612981743595224,13.31398006214788,30.784593409538314,0.023109743188579036
5887,0,41.918401082969,34.256023075497595,7.662378007471403,34.304883156768284,0.025485152820875937
5888,0,46.92837736487152,35.7589914055804,11.16938595929112,36.09987370501692,0.03348908778241004
5889,0,47.17130568636615,36.13501995520876,11.036285731157392,36.53327175032709,0.02058568548567486
5890,0,48.005749743548606,38.39526880830495,9.610480935243658,39.100114815395074,0.02217684120658297
5891,0,41.541679004673,30.583482750015026,10.958196254657974,30.843695797435846,0.022544735126357462
5892,0,42.54729017116304,28.81710669513779,13.73018347602525,28.914940796299195,0.02178476371923207
5893,0,43.69015372982865,32.061203012236746,11.628950717591906,32.34830888732387,0.0248608171592211
5894,0,49.759073299161045,39.878816811047756,9.88025648811329,40.36902517848689,0.01648182827289099
5895,0,50.07706232126881,38.48879925336692,11.588263067901892,38.8010250906768,0.026688614379826305
5896,0,43.41111809621381,30.630926787567706,12.780191308646106,30.839102823993056,0.02848527880599283
5897,0,45.1876528472428,32.26648223358404,12.92117061365876,32.458036595675296,0.044132584727313975
5898,0,46.814158304481325,33.863877826856985,12.95028047762434,34.09789770569114,0.03824734450490843
5899,0,49.86428844506655,38.57609614840638,11.28819229666017,38.90517021457529,0.029103106154281768
5900,0,42.570377793125786,29.15154856867547,13.418829224450317,29.299916534564137,0.015703591217629466
5901,0,47.79464448672623,34.69417386457019,13.100470622156038,34.89119021193234,0.017411367482928174
5902,0,48.11413945740496,36.14260887883738,11.971530578567581,36.383057392091864,0.017710035832975327
5903,0,41.73195734915191,28.734719482515867,12.997237866636045,28.879377714259302,0.016416511777698522
5904,0,44.74101907746099,32.98357349504647,11.757445582414519,33.247192440204515,0.03706332185415404
5905,0,44.141334359277565,30.740142130525037,13.401192228752528,30.956684782096954,0.033141604931321074
5906,0,49.56300253639961,37.454704678439,12.108297857960608,37.6480229353341,0.022157707711638133
5907,0,49.608522497626296,37.658247197582334,11.950275300043963,38.03698769329321,0.02528930764897938
5908,0,49.29433453195834,37.34400953415947,11.950324997798873,37.5551498721391,0.019710917410475547
5909,0,43.57790510807375,30.44338120282848,13.13452390524527,30.596277331158422,0.015522515572462469
5910,0,38.04944474367909,30.099536599508575,7.949908144170514,30.483738149724637,0.01843420955913603
5911,0,40.68109921482835,31.38373229270167,9.297366922126681,31.636233486153174,0.040887508711590366
5912,0,42.59666280289146,33.924898525900886,8.671764276990572,34.01382560113022,0.017426223041559465
5913,0,49.059496257907995,36.835044984719595,12.2244512731884,37.0853465722396,0.018895238196182194
5914,0,49.60560963463102,38.40959290678397,11.196016727847052,38.871620213363926,0.03153436769718202
5915,0,40.498141646591506,31.756618886092024,8.741522760499482,31.84662681761137,0.023354017868757165
5916,0,49.802334193125716,36.601794281532094,13.200539911593623,36.74149093325467,0.021255839587393754
5917,0,48.859322827685986,37.78717567891398,11.072147148772004,38.19422497041603,0.02797648398836188
5918,0,39.3796528792642,30.6750793971985,8.704573482065701,30.893686995849063,0.025360281817109392
5919,0,43.52586173697961,30.769108533188696,12.756753203790911,30.996015128008807,0.028324403451352124
5920,0,41.939217979563324,30.436565380570823,11.502652598992501,30.309766020561103,0.029000239960180307
5921,0,43.44439007045999,30.36626672050795,13.078123349952037,30.565296388833758,0.029843627899223468
5922,0,44.13753892354518,31.251567734756406,12.885971188788773,31.463375700337185,0.020029682812766913
5923,0,49.644806289033795,38.104780564125235,11.54002572490856,38.43974518495306,0.032311560540236296
5924,0,44.00487887108554,30.584715573858958,13.42016329722658,30.793994537762433,0.030984563622793747
5925,0,40.310922989678964,27.843445030061165,12.4674779596178,27.991835810437923,0.019200457875546112
5926,0,40.90943284493788,31.918861491404467,8.990571353533415,32.019745091605536,0.029738785122179753
5927,0,43.15323606853666,30.32143683315766,12.831799235378998,30.559693850343134,0.03129183946460902
5928,0,50.745266444397984,40.38261527642821,10.362651167969773,40.92036748990465,0.01829325792419199
5929,0,41.530093658605196,29.557041762147914,11.973051896457282,29.653338891879777,0.03164012886477671
5930,0,49.47018246430508,39.880829857960876,9.589352606344207,40.743477113260894,0.02564724122533104
5931,0,47.76940105210727,35.40127480599111,12.368126246116162,35.668961657075585,0.02478933755366842
5932,0,48.628192722674015,36.412015840209165,12.21617688246485,36.674900960565836,0.02343148099307519
5933,0,40.16217043574558,31.458339662180364,8.703830773565215,31.61932328516847,0.025418755148579514
5934,0,51.030563860507485,39.09832793739916,11.932235923108323,39.56091248432544,0.01775196993267625
5935,0,49.654968229321454,37.61484354537184,12.040124683949614,37.87239812585342,0.011952817532737203
5936,0,50.23040193856933,36.770155751617324,13.460246186952006,37.047444334535,0.014454789771068422
5937,0,45.01930126351451,31.792346372451334,13.226954891063173,31.921604506368766,0.016648928035621888
5938,0,51.38483396923034,40.085490664298696,11.299343304931647,40.52212838377726,0.026579255249408188
5939,0,41.16536251952103,30.476995174417674,10.688367345103359,30.987375627469884,0.04188512173927048
5940,0,41.11817053817157,27.75949237295583,13.35867816521574,27.841022606901962,0.02351279404499565
5941,0,52.291207598098026,41.026150665954454,11.265056932143573,41.54302756813222,0.011141576489174364
5942,0,41.50892597509058,28.84799926419804,12.660926710892536,28.983477955206453,0.03406715763811183
5943,0,49.599764468047624,37.29363824058005,12.306126227467573,37.48608676126845,0.018706699283540087
5944,0,41.642676203747115,28.305927620579986,13.336748583167129,28.448213557554638,0.034250500223889424
5945,0,43.20955940935832,29.82696298757661,13.38259642178171,29.973773817463215,0.02254800003702813
5946,0,44.779963564436116,34.98067950317427,9.799284061261844,35.68658562450046,0.02094487727858933
5947,0,43.949482422463504,29.880041904524887,14.069440517938617,30.00470220334027,0.03415990217897471
5948,0,50.121578824776506,37.21643780220333,12.905141022573176,37.452084428838944,0.01549862881494703
5949,0,51.58058518860592,40.281381722389824,11.299203466216099,40.689227169022445,0.00853455983652975
5950,0,44.969204604380465,34.02454797453336,10.944656629847103,34.363872820124755,0.017775425455284266
5951,0,48.74619822616684,37.94959312384097,10.79660510232587,38.460753641606715,0.03618756441208482
5952,0,43.48368505752049,30.785356921207065,12.698328136313425,31.005275371030585,0.028247254343475418
5953,0,45.07711709590974,31.34328522931399,13.73383186659575,31.54241958100224,0.03439578874873413
5954,0,45.880593729852606,33.05650251890228,12.824091210950328,33.228131528444806,0.01638245497399978
5955,0,50.02734178547199,36.72065487233236,13.306686913139629,36.87988718105525,0.01328943496759075
5956,0,43.254188095107935,29.882389681882753,13.371798413225182,30.075157925784467,0.03083739742329619
5957,0,39.67675796928812,26.837060307940856,12.839697661347262,26.88100218441979,0.030829598630867573
5958,0,49.920807722646245,37.85693221555307,12.063875507093172,38.096738019021515,0.015392956921420875
5959,0,50.95477632364231,39.9477854669579,11.006990856684403,40.33798332835502,0.024012035019939443
5960,0,46.351825220487,33.52579614003676,12.82602908045024,33.73929720556309,0.026112497448293796
5961,0,38.9481456620288,30.44736125580366,8.50078440622514,30.497770633603523,0.028360614278790438
5962,0,50.03316802417632,37.000437125190615,13.032730898985704,37.146685716124026,0.017045119998673045
5963,0,44.909759972586556,32.586745207466336,12.32301476512022,32.887314669341464,0.023339082730616773
5964,0,40.34422706041234,27.036625777301296,13.30760128311104,27.17696591988306,0.01921546829160052
5965,0,39.52363255270318,26.938586198833686,12.58504635386949,27.031278880424754,0.023999517378237672
5966,0,44.23041978256701,32.57377038653917,11.656649396027845,32.8467469012442,0.027360665217292853
5967,0,40.22274536535927,27.373127238182263,12.84961812717701,27.467034801682093,0.02788304258909498
5968,0,49.796317185562984,39.84846291476598,9.947854270797002,40.53869879835744,0.017444674608443032
5969,0,39.59833902189277,27.00246466413159,12.59587435776118,27.161045235367336,0.017505361766580567
5970,0,45.97574599941572,35.03839593258729,10.93735006682843,35.45530287181863,0.028743789615109788
5971,0,50.454028374479265,37.14553933609649,13.308489038382774,37.342120455114724,0.018383324722113518
5972,0,43.43995879432215,29.92421537965387,13.515743414668282,30.070897492351907,0.02688439072620148
5973,0,48.818913354668666,38.38967271811869,10.429240636549977,38.63055128658541,0.028620991980174947
5974,0,38.9163743321609,30.1593233969065,8.757050935254398,30.33038429401056,0.02211024606225103
5975,0,47.87494420509104,34.8934281272,12.981516077891037,35.07851999873307,0.023146278786446383
5976,0,46.13911023287332,33.25325641262822,12.885853820245103,33.533876126402305,0.026873823857871446
5977,0,40.96085036231041,33.658440600110154,7.302409762200256,33.37533810783678,0.034721451758746726
5978,0,41.71041849179228,30.297461321984606,11.412957169807676,30.371147273687154,0.02390201312241156
5979,0,42.398614737454835,29.059343888327906,13.33927084912693,29.197555073018744,0.016253132894717463
5980,0,49.36014036124723,38.20901941566269,11.151120945584545,38.572062899357675,0.014124832693760705
5981,0,43.11087106286263,31.54104509217372,11.569825970688907,31.86512862267089,0.03651143580774389
5982,0,50.43525600232431,37.04580653850522,13.38944946381909,37.26488637329367,0.013981474509711074
5983,0,51.216314617402986,41.07155235778926,10.144762259613728,41.586596044501974,0.017961516599510167
5984,0,41.755444552232305,31.14240725497566,10.613037297256646,31.32005950671644,0.02430268949834041
5985,0,41.02241269901144,31.670263933153645,9.352148765857795,31.876050294614334,0.033861797337883894
5986,0,52.65843824980871,40.127812815178984,12.530625434629727,40.47071127098613,0.014125914544924964
5987,0,43.2619161458765,30.602329447535194,12.659586698341304,30.82168500229744,0.03108722118953351
5988,0,50.058366630604425,39.289104436029156,10.76926219457527,39.7028601177542,0.02140261929268705
5989,0,47.88311428033764,37.46298867111463,10.420125609223007,37.94726702359418,0.017893732224948784
5990,0,41.474309847023235,30.80228796606679,10.672021880956446,30.993664308808764,0.018556239367746693
5991,0,43.550670348839674,30.867503668875145,12.683166679964529,31.107595793318442,0.018748951701277414
5992,0,44.48195856960376,31.03217074423176,13.449787825372002,31.219895520372436,0.022750375030266022
5993,0,44.24900815748269,31.02039925705911,13.22860890042358,31.234705333563852,0.04569727587879357
5994,0,44.49124774351577,32.978172365777866,11.513075377737906,33.4535806223588,0.02926632802904217
5995,0,46.13940928554675,34.597325294966225,11.542083990580522,35.06696377519356,0.016243973723379494
5996,0,44.01866221688442,31.00785466403771,13.010807552846714,31.210113535588388,0.017439678430990094
5997,0,42.582169617681146,29.08523268699066,13.496936930690485,29.20756466532973,0.025095630481006426
5998,0,47.77126312601057,34.247033522097766,13.5242296039128,34.423143080644394,0.024051635504305932
5999,0,50.995933961863,40.32867694351971,10.667257018343292,40.79812502772664,0.012281611028574016
6000,0,49.645643985195974,37.063017567965645,12.58262641723033,37.245931128674286,0.020508536377798155
6001,0,44.4585945941773,31.331936233044576,13.126658361132723,31.501936264050098,0.03510340974365659
6002,0,39.59806503743346,26.487024193681336,13.111040843752122,26.642358086936976,0.026277173262193438
6003,0,44.74959474023834,32.99570810073409,11.753886639504245,33.21510795890411,0.03244562198419449
6004,0,43.73791108581473,31.40507637356709,12.332834712247639,31.607100430223888,0.04868013116493466
6005,0,43.41303050674087,30.392882705311834,13.020147801429033,30.577864930437475,0.016338485144424163
6006,0,48.89962072594443,37.31767507825086,11.581945647693573,37.647093787882724,0.01562954571060768
6007,0,49.25384215107715,37.952856877728394,11.300985273348758,37.89511443332198,0.019951965894338786
6008,0,51.39942854255848,40.56779817459682,10.831630367961665,41.117878405288266,0.012269412780307421
6009,0,48.18061598247695,35.68892996322194,12.491686019255013,35.96773646667337,0.023433986672213088
6010,0,49.519957069228425,37.65119425305295,11.868762816175476,37.94695328281569,0.0228104640120296
6011,0,50.42336113583204,39.73332230774991,10.69003882808213,40.16405699507892,0.01990928761868789
6012,0,39.637545393559435,30.878186579894486,8.75935881366495,31.04462496071987,0.020117443955722063
6013,0,49.68974739477481,37.51475503836416,12.174992356410655,37.823397280763864,0.019390894607830486
6014,0,43.24213166441862,30.052202807445244,13.189928856973378,30.29391581565836,0.022754498109156453
6015,0,49.1633912520324,37.10149777980476,12.061893472227638,37.38242249550754,0.022187405924115458
6016,0,51.04591952464172,38.80965436701317,12.236265157628551,39.190651727735975,0.016206391762507353
6017,0,47.74497483662785,35.753729922508356,11.991244914119491,36.045760661418285,0.0213568754527859
6018,0,48.610533495094884,36.17677339244382,12.433760102651064,36.43605228974258,0.03711544858341247
6019,0,44.33593997686937,31.37878030654459,12.957159670324778,31.558498018186757,0.04128548798739998
6020,0,51.42417620145396,41.471714586011515,9.952461615442445,42.08523041810332,0.01806835332668846
6021,0,44.47741533396224,33.19715388512547,11.280261448836768,33.58990811977087,0.020862357629247104
6022,0,45.13003950578923,32.54422265529536,12.58581685049387,32.73595636451728,0.037514748448913636
6023,0,48.55064035031468,37.9966244809126,10.554015869402079,38.2957437519385,0.019294399082693516
6024,0,43.249544738797155,29.16576435033658,14.083780388460575,29.324707489723142,0.032295380090318355
6025,0,44.43087645230642,31.312489310203816,13.118387142102605,31.562933417314678,0.04082185776737993
6026,0,42.32349303636455,29.337691755804435,12.985801280560118,29.399686122250586,0.032479182946770206
6027,0,44.793124399648434,31.39285545643288,13.400268943215554,31.60838566756563,0.0283830447490494
6028,0,50.34034835799477,37.33044925535545,13.009899102639324,37.57034536395408,0.01371688877293318
6029,0,39.28896564914102,30.491477378870577,8.797488270270442,30.65203249687984,0.027798698825898468
6030,0,49.35498359696395,37.70434766228062,11.65063593468333,38.03730514637874,0.015297515264468261
6031,0,41.20231450928016,27.59233668098585,13.609977828294308,27.688722325082463,0.020385566679059847
6032,0,43.946664522327055,31.31467190666418,12.631992615662874,31.495675294765736,0.032084010461754554
6033,0,44.769796090397705,31.841141223948128,12.928654866449577,32.084622206706754,0.017993906695924853
6034,0,42.02657348235674,30.195027934259812,11.831545548096926,30.19640069930843,0.029408930207755344
6035,0,41.76771361600848,28.436062260078813,13.331651355929665,28.647806133419262,0.023892513049662983
6036,0,41.673276264974575,27.837576011952944,13.835700253021631,27.943062959888433,0.020738525460693952
6037,0,48.76701489967151,37.090893259925494,11.676121639746015,37.331291488265535,0.026903823182004825
6038,0,43.38627765344627,30.30404670600544,13.08223094744083,30.496688709136006,0.014898102482096073
6039,0,50.2625641829957,37.368912656944744,12.89365152605096,37.60389214756714,0.016121072850162572
6040,0,50.400820988922945,38.70760527554171,11.693215713381235,38.983962162785886,0.02294618578940189
6041,0,50.67991897671729,38.973535991847456,11.706382984869833,39.44014200850454,0.02482408153718223
6042,0,49.953654205713676,38.22073368893176,11.732920516781917,38.546045002165016,0.013000174205997814
6043,0,40.782110300050434,31.804683167887898,8.977427132162536,31.851995090773848,0.0240820219719971
6044,0,48.183102500260176,36.91469326708139,11.268409233178787,37.47584818405481,0.024080058293840103
6045,0,50.06801236564914,38.31674822762676,11.751264138022378,38.67464247563596,0.019531706506778556
6046,0,44.49309365917743,33.20376854257749,11.28932511659994,33.63069213988548,0.022113487314148726
6047,0,43.931017421308184,30.25136779041659,13.679649630891593,30.48522689992787,0.029536517668819023
6048,0,42.12184689871668,30.598762471059736,11.523084427656947,30.83492645487993,0.01876982734223229
6049,0,44.95011498868489,34.376900696381654,10.573214292303234,34.62340326397738,0.03311679333086204
6050,0,49.43932457119038,37.80868927866112,11.630635292529263,37.892109513103435,0.01768654589760662
6051,0,50.3680320069728,38.023268957863614,12.344763049109183,38.29488481793637,0.01533618552889729
6052,0,47.665296683564065,34.47810439287048,13.187192290693588,34.66207246538403,0.02568990444539913
6053,0,51.582462024147006,41.3653472414574,10.217114782689606,41.949906652394944,0.014703598395883683
6054,0,41.78862664815203,29.764426293281335,12.024200354870697,29.8970244182424,0.020283289803485243
6055,0,45.22765254303944,33.28216260264064,11.9454899403988,33.545939458675605,0.02530003152553007
6056,0,48.51959474886553,36.03540592825756,12.484188820607969,36.268737491551164,0.02932939586540316
6057,0,49.613358917239395,37.71943188589294,11.893927031346458,37.90008811676435,0.03481387128389528
6058,0,39.46582120801985,26.57588434336469,12.889936864655155,26.654870194809003,0.021121373875786727
6059,0,43.177802058374596,29.44323341607285,13.734568642301745,29.573418288643463,0.02487666208472229
6060,0,45.02372069041222,31.965594690379934,13.058126000032285,32.15523857869495,0.04231016665136446
6061,0,39.55607081657726,27.15348542138467,12.402585395192592,27.22381223899367,0.029032628820384248
6062,0,44.35401543068956,30.713306719713795,13.640708710975762,30.74037875025045,0.024945384367824508
6063,0,41.6195647134015,31.93181240007363,9.687752313327874,32.016899005283335,0.021445116223593196
6064,0,69.25937685160909,69.92762042474236,-0.6682435731332674,77.85612354379853,0.006587490675862491
6065,0,43.55673718693497,30.47966942663249,13.077067760302477,30.70718692148326,0.020598966660504488
6066,0,72.06678323784207,74.56016024554707,-2.493377007704993,78.13354392232759,0.0018064982859005078
6067,0,47.02587776257468,39.807080660726925,7.2187971018477555,40.14379048691399,0.02701382572235482
6068,0,39.13940962369199,27.948977729687858,11.190431894004131,28.09486878302624,0.04317248591038339
6069,0,42.52014157310184,29.0370483698484,13.48309320325344,29.176768185183274,0.023643495860901968
6070,0,46.87103720354547,33.69105503774467,13.179982165800801,33.926856145221535,0.017212874679255863
6071,0,43.07964544287374,29.963913765877763,13.115731676995978,30.091774283500296,0.02019474792102189
6072,0,49.77940445356316,38.914347756481575,10.865056697081585,39.125534249930396,0.019977459297619037
6073,0,41.562796795421875,28.645275211166023,12.917521584255852,28.761159092969155,0.03774227271782486
6074,0,40.91871000646714,28.56277915106935,12.355930855397787,28.606608153758025,0.019276778926368667
6075,0,49.282821740754656,36.29385265221538,12.988969088539278,36.42991859419346,0.01871217091249014
6076,0,41.94951281589982,32.397122912368346,9.552389903531477,32.46686474289369,0.019750799649320205
6077,0,43.61638661765696,30.218278603768432,13.398108013888525,30.433322608177857,0.033594588703501994
6078,0,43.8338779083677,31.3984023788435,12.435475529524197,31.64252835831881,0.033195127528185084
6079,0,50.07127901339135,39.88403468009428,10.187244333297066,40.24293809884283,0.011694034647731022
6080,0,38.15606843307122,29.42144117951365,8.73462725355757,29.65081933234576,0.030258615682005167
6081,0,47.74385989464986,35.36426013612103,12.379599758528826,35.63446544774554,0.023934118077339788
6082,0,50.31498266277363,39.60642806659537,10.70855459617826,39.9876524316426,0.01051962498659623
6083,0,41.449020007235916,31.042594769238825,10.406425237997091,31.10968590876572,0.033289887366346
6084,0,49.84879337650489,37.94253145925346,11.906261917251427,38.173214664503135,0.015500518290588785
6085,0,44.12098588569161,30.678613220316866,13.442372665374744,30.87522104895965,0.03253756204448689
6086,0,47.43741990336389,34.21699148056575,13.220428422798136,34.426016081045276,0.037573667396813684
6087,0,47.3114371070907,34.07333361708163,13.238103490009067,34.274920703246636,0.018329363362550685
6088,0,42.92862207423609,29.42742155664744,13.501200517588646,29.653893689983498,0.03659606969107114
6089,0,48.60218877253784,35.77085713119354,12.831331641344306,36.00653482176108,0.0254187017799794
6090,0,43.90844841293601,30.60703571077422,13.301412702161791,30.784442123089587,0.023389078019509832
6091,0,48.827448020660796,39.97370792920307,8.853740091457723,40.244040853405295,0.014548288166470216
6092,0,42.71527188747096,29.667312987657716,13.047958899813246,29.83959410330659,0.026055948321803107
6093,0,49.91081060556017,37.52844208641873,12.382368519141444,37.91562775816558,0.013392981889114652
6094,0,72.04584502704182,74.5195733542268,-2.473728327184972,78.1342293188217,0.001849121974972081
6095,0,42.49866276800783,29.822724237957434,12.675938530050399,30.065285148869048,0.035471415504903334
6096,0,50.06933464098431,38.32351522903181,11.745819411952496,38.52922966423239,0.01217793505919752
6097,0,41.299251996599644,30.952292845497485,10.346959151102158,31.05682894627001,0.04461965003736538
6098,0,50.791921377727846,40.24227753087021,10.549643846857634,40.32503170769637,0.01601243821705009
6099,0,50.35787599572724,39.176423718716336,11.181452277010905,39.59957549574038,0.012332722581392029
6100,0,42.67563508014477,29.684213432403563,12.991421647741209,29.88771175150215,0.03394711947642499
6101,0,44.14079356479698,30.841112606746716,13.299680958050264,31.002573912598738,0.047792928129499895
6102,0,67.05277567155004,67.38764029405976,-0.33486462250972693,77.91979848433701,0.0037437126165577412
6103,0,42.52082709460413,29.577288758664384,12.943538335939746,29.737362967868275,0.039700664214459225
6104,0,42.814987904513316,30.00837445710857,12.806613447404747,30.160780523040888,0.019122676433191686
6105,0,50.025853157283166,39.370457109323326,10.65539604795984,39.90382962200782,0.014030961134985155
6106,0,40.818363845895504,27.41970439712175,13.398659448773756,27.450465314956215,0.02186590685814661
6107,0,42.79624482395367,30.271124474602868,12.525120349350804,30.428736789774042,0.037828870732103316
6108,0,44.614164737569524,31.94504045972964,12.669124277839884,32.11341750580654,0.04144482767259479
6109,0,45.083941899748524,31.738115987498315,13.34582591225021,31.900688830496396,0.025255391722519723
6110,0,51.10696530878525,40.558320088975066,10.548645219810183,40.958904484510136,0.015203552296797122
6111,0,40.71288376452511,28.359998140012774,12.352885624512336,28.493832370114628,0.03502994495197149
6112,0,47.128207305906244,38.37065985304977,8.757547452856471,38.81918846007231,0.015388630576192124
6113,0,72.06678323784207,74.56016024554707,-2.493377007704993,78.13354392232759,0.0018064982859005078
6114,0,43.25848577287533,30.117116878676576,13.141368894198756,30.28151538245336,0.036154824971881334
6115,0,42.08182593004332,28.042765395023604,14.039060535019718,28.14654478924085,0.03512731370755238
6116,0,47.23785262530603,40.743054476000886,6.494798149305147,41.59965573702087,0.032565305091470834
6117,0,43.74810156545247,33.47064948901454,10.277452076437932,33.509571721759826,0.020056159130524435
6118,0,39.60924533898087,27.624530329591014,11.984715009389856,27.751416020791805,0.030375199602628942
6119,0,72.06678323784207,74.56016024554707,-2.493377007704993,78.13354392232759,0.0018064982859005078
6120,0,71.88254687922515,74.21113461396615,-2.3285877347410064,78.13206908032144,0.001817766304137983
6121,0,50.13208236724698,40.17361669862548,9.9584656686215,40.54574222891338,0.011764744267763213
6122,0,42.636101891657816,29.28094615319957,13.355155738458247,29.377780915728454,0.04475193268946599
6123,0,50.6609024568355,40.308666657565254,10.352235799270247,40.62414586455208,0.012996201682935414
6124,0,50.422791434282786,38.67705726896822,11.745734165314566,38.92900186872235,0.020570905204957586
6125,0,50.06343299354491,38.9869863472248,11.076446646320107,39.32473201388062,0.029709751506143297
6126,0,41.66101463778851,28.760109775687,12.900904862101513,28.874213061749074,0.033266628641713196
6127,0,42.70413878504098,29.63176800973471,13.072370775306272,29.8274009109058,0.024301334495888158
6128,0,49.41978963090628,40.77343692371545,8.646352707190829,41.547077778246475,0.011299360072346635
6129,0,47.023133773919184,38.897456497074316,8.125677276844868,38.89220162496534,0.019153776965667214
6130,0,45.46180573415002,39.029053377768356,6.432752356381663,39.27776905934614,0.0223491631057489
6131,0,49.599726685735874,36.738913197413694,12.86081348832218,36.947930463989664,0.0228006047560913
6132,0,72.06678323784207,74.56016024554707,-2.493377007704993,78.13354392232759,0.0018064982859005078
6133,0,47.55234027862227,35.19939566900186,12.352944609620408,35.44448216084466,0.015034440462964505
6134,0,50.99782573048567,40.55994493253593,10.437880797949745,41.02747885964796,0.021179707806755006
6135,0,42.18111994252811,28.3128430105373,13.868276931990813,28.46949010821914,0.0243248685226065
6136,0,48.216465012837745,39.23434422155859,8.982120791279158,39.311962143441136,0.012578012647721067
6137,0,47.386368742801196,36.65641442657464,10.729954316226554,37.08840133034178,0.030637730312562846
6138,0,36.79679064513662,28.853759235104164,7.943031410032454,29.377270024655928,0.03163561649153095
6139,0,72.06678323784207,74.56016024554707,-2.493377007704993,78.13354392232759,0.0018064982859005078
6140,0,48.99721177803724,38.058343727856254,10.938868050180986,38.3006167883629,0.02159747226916505
6141,0,46.734299636259124,33.90010858951731,12.834191046741815,34.093769662580314,0.016989129361628146
6142,0,50.50287501602081,39.517355636975964,10.985519379044845,40.05506864288637,0.015734594964215545
6143,0,46.998557448973415,40.26269278924366,6.7358646597297565,40.90748424856831,0.0331117647662059
6144,0,38.501263509121884,28.216647348461894,10.28461616065999,28.352982094672278,0.026593990041910612
6145,0,43.115198932971964,30.043398231400882,13.071800701571082,30.227357726864135,0.02866943009164669
6146,0,51.611641907795445,41.00968218886882,10.601959718926622,41.682421811868565,0.015596751425066833
6147,0,43.19835136401906,30.343445175644657,12.854906188374404,30.47151885148466,0.02687340015075542
6148,0,50.1723383514062,38.44540110611244,11.726937245293755,38.77407502162935,0.03289941222316482
6149,0,47.55065561828076,34.607154227921676,12.943501390359081,34.83502790302243,0.016615245470695678
6150,0,44.79398748098731,31.485597264874595,13.308390216112716,31.662944316938994,0.04649746835643416
6151,0,40.0431239006262,28.320236142406312,11.722887758219887,28.40752825069114,0.040268664036063474
6152,0,49.34583587251774,36.7675243889919,12.578311483525837,36.92008414309153,0.027849077194291832
6153,0,49.90832686376936,37.17533260904588,12.73299425472348,37.480963354636444,0.012304882657992082
6154,0,38.268624940090326,27.50811052159031,10.760514418500016,27.696363401008366,0.025127182680966042
6155,0,72.06678323784207,74.56016024554707,-2.493377007704993,78.13354392232759,0.0018064982859005078
6156,0,50.402923470869666,38.15891390444628,12.244009566423387,38.499662211719695,0.017380214255912834
6157,0,47.58490083290741,37.21670237578252,10.36819845712489,37.77753937226858,0.019101482474200408
6158,0,49.72997830639726,37.5782162195968,12.15176208680046,37.85647438629789,0.019094840811386824
6159,0,44.333558116207826,30.549131013234128,13.784427102973698,30.589197404364764,0.028231198639814985
6160,0,43.66470334645939,30.289311941197543,13.375391405261848,30.449543791171887,0.02384275649929722
6161,0,41.81054339305135,28.06231098904185,13.748232404009496,28.17435004741249,0.02701584747204548
6162,0,47.5520817031434,34.559687118902886,12.992394584240515,34.78485201420969,0.023848421700026167
6163,0,52.10734628245524,43.261678342258776,8.845667940196464,44.15613428830716,0.0332366830875184
6164,0,71.98865227752395,74.39643411043052,-2.407781832906565,78.1302893194844,0.0017943676432400192
6165,0,46.77798899466055,34.010167583968794,12.767821410691752,34.14264158165875,0.025978541475704522
6166,0,72.06678323784207,74.56016024554707,-2.493377007704993,78.13354392232759,0.0018064982859005078
6167,0,48.961826328187,38.02166638361214,10.940159944574859,38.43757990229743,0.01868580213460978
6168,0,50.236112794401095,37.98650765875709,12.249605135644003,38.23331884326018,0.014930375199232678
6169,0,42.518504487746355,28.77569450521733,13.742809982529025,28.967751302611653,0.02507968876961579
6170,0,39.316276986969726,26.400983671687175,12.91529331528255,26.46765141767643,0.02319830602485579
6171,0,48.93287958442832,39.10711189459904,9.825767689829277,39.499023612227646,0.016749819797578634
6172,0,49.502359985490045,36.619152441004715,12.88320754448533,36.87861251443379,0.022105114259312816
6173,0,46.25177540623062,33.39641708264148,12.855358323589144,33.60865131968363,0.016398703174040335
6174,0,47.74393257229207,35.66385276673554,12.08007980555653,36.08634403962769,0.019922250475481115
6175,0,50.372509303968286,39.255947224303235,11.116562079665051,39.74865325570907,0.017978397294840413
6176,0,50.7446945917649,40.102689923731305,10.642004668033593,40.473420182548836,0.016990797305122946
6177,0,40.7837319278828,28.103875006696622,12.679856921186175,28.286922427066855,0.03240284046731706
6178,0,42.26882370394867,29.173594476435454,13.095229227513215,29.393771931680494,0.023267136401997207
6179,0,43.17377418600314,30.24823512538625,12.925539060616895,30.489003066805857,0.021577772448770235
6180,0,39.56908974865544,26.71986973009038,12.849220018565063,26.77922409408285,0.030583491500116935
6181,0,47.98768968052083,37.36887986060712,10.618809819913707,37.509773753299456,0.022454427439111094
6182,0,41.15093495393282,28.189113998052544,12.961820955880274,28.305681486977125,0.018158725537861124
6183,0,45.981326713716584,40.335002872191794,5.64632384152479,41.04197090103273,0.034365643170367804
6184,0,39.75829187788443,26.565134034586972,13.19315784329746,26.62471942296357,0.021677831858964384
6185,0,44.22200491883902,30.462829566409525,13.759175352429494,30.541212093668634,0.03645773039308871
6186,0,49.171843093506354,37.237995304065535,11.933847789440819,37.57228146743951,0.018138148857764765
6187,0,42.72534525830592,28.673291174957203,14.052054083348718,28.798002224137342,0.025872399246828503
6188,0,41.1844439042496,28.224843736444335,12.959600167805263,28.346859057593747,0.020499287948362137
6189,0,51.771435820669495,41.20937214299769,10.562063677671809,41.804843788099205,0.01512285867456912
6190,0,41.73646171909523,30.986104545666546,10.750357173428686,31.06209835621559,0.04785462059825488
6191,0,72.06678323784207,74.56016024554707,-2.493377007704993,78.13354392232759,0.0018064982859005078
6192,0,40.99077026862814,30.746740604215184,10.244029664412956,30.893239273164227,0.033360188480079794
6193,0,71.02332261708088,72.76897884101302,-1.7456562239321443,78.06640803542966,0.002892024749795141
6194,0,44.569684611897046,31.750023100437602,12.819661511459444,31.947708225451745,0.02796946355939605
6195,0,41.12015094688135,31.797073500085183,9.32307744679617,31.781833423868417,0.03722455854278201
6196,0,48.363599463478906,35.72523515508253,12.638364308396376,35.93165773970049,0.02167725395323471
6197,0,47.18419115411682,34.446755665754836,12.737435488361982,34.63553295327272,0.01830599924883826
6198,0,49.9229484998785,38.724599757519286,11.198348742359215,39.16301764981532,0.03243788763393963
6199,0,48.99602658453507,40.51075154157603,8.485275042959046,41.35882361534365,0.020336719916054888
6200,0,51.30370214737495,40.407607664603105,10.896094482771844,40.849456559423516,0.015986849103279164
6201,0,44.23938362516053,31.370552565437837,12.868831059722691,31.575999077565996,0.04208564489582363
6202,0,49.77646810947191,36.2078381064204,13.56863000305151,36.40719892798535,0.02111022844291756
6203,0,71.79307343420044,74.04783120438707,-2.254757770186629,78.1301965832128,0.0019088090264447613
6204,0,43.40927919293985,30.126932019832584,13.282347173107265,30.35157552813645,0.018348957128169776
6205,0,50.001682033234104,37.806450298650404,12.1952317345837,38.088422387067766,0.014823553688449164
6206,0,71.31602274498913,73.24066572847087,-1.9246429834817462,78.12725011686594,0.0018624262708752967
6207,0,39.179445470257505,26.510880812911306,12.668564657346199,26.535593316676295,0.023131321581558284
6208,0,47.86601182718337,36.20835661262103,11.65765521456234,36.45731437652617,0.019625829708866668
6209,0,47.95883074126479,34.248386402336784,13.710444338928006,34.4276423219628,0.01740397411637322
6210,0,48.97412468327592,36.7644447010796,12.20967998219632,37.063277814581596,0.022393118955140488
6211,0,50.019628633870255,38.74294778088924,11.276680852981016,39.05807167021422,0.028639925450948258
6212,0,72.06678323784207,74.56016024554707,-2.493377007704993,78.13354392232759,0.0018064982859005078
6213,0,47.75781037078009,39.27856068845226,8.479249682327833,39.99020950442939,0.016107598103554055
6214,0,50.1361452677329,38.99866610930096,11.137479158431937,39.30240848416804,0.03367641364523775
6215,0,47.93861612211691,34.7591333629361,13.179482759180814,34.96275645320742,0.03490016367741368
6216,0,39.935083194813785,28.317679452473108,11.617403742340677,28.329751037901893,0.01874387366827778
6217,0,46.75527081185061,37.86920870366812,8.886062108182486,38.23917380891636,0.02835280258211332
6218,0,66.89013153181054,67.07478503449398,-0.18465350268344594,77.81105488255017,0.0035942862260894977
6219,0,60.24527249956117,59.9765980584679,0.26867444109326755,76.92919341867304,0.007738480845342526
6220,0,50.5662075099829,38.98995654441826,11.57625096556464,39.36535949971744,0.01080831363604266
6221,0,49.826632684832575,38.059402900497986,11.767229784334589,38.34088403934676,0.022502345057577366
6222,0,42.21727770508738,29.52037665987773,12.696901045209653,29.658634147985826,0.03769740277947738
6223,0,70.53818027556188,72.03203771052459,-1.493857434962706,78.11315606610385,0.002033072967604722
6224,0,49.53117250962647,36.407085450908625,13.124087058717848,36.69814903395854,0.022603466954871244
6225,0,49.39439986619537,38.11536847584999,11.27903139034538,38.368627123464336,0.017887281983116548
6226,0,41.76323912111948,28.102647276257954,13.660591844861528,28.217360967607775,0.022908193527468576
6227,0,41.667977805102055,28.245589119734863,13.422388685367192,28.37047973648356,0.0345865386812507
6228,0,49.21889232235897,36.54155522778101,12.677337094577958,36.6272867795913,0.012851745516739949
6229,0,69.47718702380384,70.20249340209561,-0.7253063782917764,77.67198457053806,0.007382407166071991
6230,0,50.414696361790305,39.20679008283139,11.207906278958916,39.417647244409835,0.015221542642847714
6231,0,44.421963404348276,37.73929333346055,6.682670070887724,38.205102222460354,0.010624876415173165
6232,0,49.05936591842425,35.892462285305896,13.166903633118352,36.166052195299514,0.016770868577735742
6233,0,41.85372659210606,30.17417679375033,11.679549798355726,30.324846998683274,0.028472916021714176
6234,0,44.1845897199337,34.03768352007462,10.146906199859075,34.30161751414026,0.020298126004938643
6235,0,44.37769282115768,30.94748805259051,13.430204768567169,31.12539566736409,0.018884800375704756
6236,0,41.45696543876947,31.55475720162764,9.902208237141831,31.70148698122087,0.03171089870714011
6237,0,49.664801340388436,39.220842014058974,10.443959326329463,39.45190831175758,0.01913555971047581
6238,0,50.760253540943765,38.78239790290862,11.977855638035145,38.961342348723434,0.03343498231941181
6239,0,48.533515969852445,40.00537777475786,8.528138195094584,40.273507238726346,0.018525494590520497
6240,0,42.426873917567974,28.993822176908946,13.433051740659028,29.120893938167484,0.018533424581062493
6241,0,42.42350597211876,29.155670330888345,13.267835641230416,29.2318370698411,0.02689094605709917
6242,0,50.38697023072757,38.221564652623115,12.165405578104455,38.34734589220406,0.0240652371479695
6243,0,49.95764041499483,39.57844053983575,10.379199875159074,40.00851320080199,0.01471723767756553
6244,0,49.950627548323084,38.94097814150838,11.009649406814702,39.44883497068581,0.013556065037433512
6245,0,40.83127413102189,31.813027272923406,9.018246858098486,31.997247331860727,0.043760419323618564
6246,0,47.33895253209441,34.17199019967806,13.166962332416347,34.32878780805408,0.022603028192172418
6247,0,41.610405153174966,28.811092952257933,12.799312200917033,28.92507760162574,0.02509781526788306
6248,0,43.29303375330694,30.21693055948204,13.076103193824903,30.379424845591725,0.01767249581265528
6249,0,43.150635947544416,29.828182718145328,13.322453229399088,29.992059648973246,0.03445787797221293
6250,0,49.40806732415885,36.49333924885826,12.914728075300587,36.68190003026966,0.014888733607997636
6251,0,43.22590532352936,30.891311722096344,12.334593601433017,31.141121839233122,0.03717816153817882
6252,0,43.6794722638227,30.558740522042292,13.12073174178041,30.780546831762937,0.027720921679786074
6253,0,47.12396583769683,36.25727076254093,10.866695075155903,36.67572133611354,0.019508421972575234
6254,0,49.907929830608666,38.9495797927946,10.958350037814064,39.05805131992395,0.023932051160900716
6255,0,50.38227671516586,38.6127506488869,11.769526066278956,38.82113213585675,0.021645503879901117
6256,0,47.42295733850165,35.86426198718921,11.558695351312437,36.31938781575076,0.03654000270071346
6257,0,43.22345398030306,29.7639231671419,13.459530813161162,29.916837513070497,0.02103583235589622
6258,0,72.06678323784207,74.56016024554707,-2.493377007704993,78.13354392232759,0.0018064982859005078
6259,0,47.311545622894386,36.598508480179234,10.713037142715152,37.08429463587329,0.016510925337454973
6260,0,48.620057799056596,37.49306216340631,11.126995635650289,37.9407377662992,0.019300599009160264
6261,0,50.018925071591084,38.37613291992942,11.642792151661666,38.69484114556546,0.016852281641741962
6262,0,50.39150437396819,37.8108184482862,12.58068592568199,38.00791279198903,0.024519657652909317
6263,0,49.96575236340405,40.030893096759584,9.934859266644466,40.4444750675803,0.02147704548575157
6264,0,42.732953066807184,30.840468207983452,11.892484858823732,30.904051057879506,0.017403269730177803
6265,0,42.32256608540452,29.255880109311278,13.06668597609324,29.403862703513838,0.018971763572771357
6266,0,69.34131251827785,70.23345566626408,-0.8921431479862321,78.05285704291992,0.003142301014247226
6267,0,47.027345497585245,34.292827529454115,12.73451796813113,34.460505910198435,0.024941751236605435
6268,0,40.81064546729782,31.183620857020802,9.627024610277015,31.37372235162466,0.021495877196411658
6269,0,42.15008006264536,28.614115739660523,13.535964322984835,28.7336667966544,0.029565927674425552
6270,0,42.39323929235799,30.02684665928872,12.366392633069271,30.13993079083194,0.04277279459972935
6271,0,41.32623997799218,28.626601062667913,12.699638915324268,28.849236225574888,0.030237051785836452
6272,0,49.59690834779866,36.891508128598545,12.705400219200115,37.184095687914166,0.013343979193287805
6273,0,47.86361704421323,35.19631823952762,12.667298804685608,35.375850969959366,0.02867250125314077
6274,0,44.788812409970575,31.734722479473998,13.054089930496577,31.904349404468302,0.017848280495865856
6275,0,43.79120880608211,31.622363323902352,12.168845482179758,31.820548101997296,0.03098858991579473
6276,0,42.62244454370885,30.040630186182074,12.581814357526778,30.266919339537996,0.023760862732040082
6277,0,44.07702463864585,31.175667438371402,12.90135720027445,31.415268804781974,0.019289989124879368
6278,0,72.06678323784207,74.56016024554707,-2.493377007704993,78.13354392232759,0.0018064982859005078
6279,0,50.206278204005784,39.12745320934503,11.078824994660756,39.34693791136576,0.021293242641950046
6280,0,42.37530805058525,28.81933433399803,13.555973716587218,28.964855913625215,0.032871438950317196
6281,0,47.692299169566425,34.425904324643724,13.2663948449227,34.56914478980008,0.012367086949139454
6282,0,40.67523715913774,27.992247632014827,12.68298952712291,28.04359106101462,0.019827703566276982
6283,0,64.178766377067,63.731892904722415,0.44687347234459196,76.82885805462993,0.01021405617504256
6284,0,48.65886386952397,35.425722723277154,13.233141146246815,35.60799414055158,0.022229651889460154
6285,0,47.73168061247672,35.34061785262004,12.39106275985668,35.52926384969265,0.01647789984117823
6286,0,43.066541037965536,29.797310483306912,13.269230554658623,29.930447786031344,0.036126183136603596
6287,0,46.519849936517886,39.7623886625629,6.757461273954988,40.723067573426235,0.02790336762587878
6288,0,46.419322054660725,35.75701199835038,10.662310056310346,36.32676311280514,0.020566964943858335
6289,0,72.06678323784207,74.56016024554707,-2.493377007704993,78.13354392232759,0.0018064982859005078
6290,0,39.70559289269705,26.816584865835097,12.889008026861951,26.93341758259375,0.02553796780534821
6291,0,41.01680218961887,30.383165067191406,10.633637122427466,30.53487188527657,0.036616885109694804
6292,0,39.77427691975963,27.208464952965425,12.565811966794204,27.271029861201953,0.023016170590662
6293,0,43.343386644429486,29.84731600819762,13.496070636231867,29.97541263491073,0.021418052738106364
6294,0,39.744616542626815,26.844323594262335,12.90029294836448,26.925573437642644,0.02625386722001468
6295,0,48.592268838401736,37.9063861746275,10.685882663774237,38.261794907356716,0.024425611879532762
6296,0,48.75955843463055,36.329859196980735,12.429699237649814,36.56265406250985,0.03573170932518366
6297,0,50.273967039323,38.921224272227064,11.352742767095933,39.19993111350121,0.021598336889777442
6298,0,39.74097281363369,26.62198624230763,13.118986571326058,26.697600090967537,0.02506096177540663
6299,0,42.017970718015405,29.16356084596042,12.854409872054987,29.295476810219455,0.025556247433668373
6300,0,64.10912275164165,64.11304155448803,-0.003918802846385461,77.36730318079785,0.008117845480004639
6301,0,43.59877657101656,30.387753603727745,13.211022967288812,30.564439067727992,0.043279466580185104
6302,0,43.23911893015874,33.50231333709967,9.736805593059067,33.66666504032891,0.02548318914271894
6303,0,41.75687547721398,28.814307591160134,12.942567886053848,28.97544936997929,0.019702105592940816
6304,0,41.316339847982675,27.315651901809677,14.000687946172999,27.466064775681367,0.027490137044689927
6305,0,49.67015774639374,36.456510881444345,13.213646864949396,36.67783020331838,0.020103420755740013
6306,0,49.87662136437301,38.37642088241114,11.500200481961869,38.49668312673805,0.015218839090335837
6307,0,41.68495982094525,28.23795463381557,13.447005187129683,28.43094412946164,0.027473823245324304
6308,0,47.29507585551518,33.99990588205055,13.295169973464631,34.22094083453925,0.014613707899944761
6309,0,61.30821716192443,59.9895189751102,1.3186981868142311,71.75859907878977,0.029824750447279825
6310,0,47.874983809741636,36.38370376008368,11.49128004965796,36.799547611993596,0.018601275791159694
6311,0,45.44914383115024,41.68430613766502,3.7648376934852195,42.49564486370005,0.027454143447803482
6312,0,48.971146008099566,37.20322727123602,11.76791873686355,37.577527637376605,0.025729208499676005
6313,0,49.29947352434587,36.26420040368137,13.035273120664499,36.564700316729386,0.018534695702410557
6314,0,50.61582989861577,38.87876390805579,11.737065990559984,39.12357619595382,0.016277948796771587
6315,0,39.45614000239476,26.900606409560773,12.555533592833989,26.966385556395192,0.02418288362278824
6316,0,45.777200300463306,40.76146292955927,5.015737370904034,41.496487511713724,0.022639512170898726
6317,0,48.35540107368199,35.97359818735741,12.381802886324579,36.268369687258726,0.0249479395153059
6318,0,49.94786213363069,38.054125768686035,11.893736364944658,38.31378909568828,0.014350083569668702
6319,0,49.823688519071,41.08620509131388,8.73748342775712,41.47492162708704,0.015076508987511884
6320,0,49.960115999528796,37.80041626226682,12.159699737261974,38.05581504582888,0.02502383470821489
6321,0,42.61252834882406,29.28100061290748,13.331527735916577,29.427873381480243,0.026066965064302998
6322,0,48.90966423619095,36.57559968555302,12.334064550637926,36.78231910411236,0.016222609851382297
6323,0,50.21006179304901,39.17980589634347,11.03025589670554,39.62103723443602,0.0161407182349227
6324,0,40.530282551200216,31.38487179518776,9.145410756012456,31.559433002008888,0.02684937789299476
6325,0,42.86614983703795,29.97445777431054,12.891692062727412,30.136820874355113,0.03265162959219364
6326,0,49.50232961595265,39.99414541224709,9.508184203705554,40.58619132260173,0.02240941984972085
6327,0,42.91453647173756,29.249323178246822,13.66521329349074,29.395290289960247,0.0282778752480988
6328,0,41.465402851554735,28.00062528076097,13.464777570793764,28.142938240601428,0.036263737057876895
6329,0,49.3675726989417,36.2501711637461,13.117401535195597,36.53100975350389,0.015216066712302575
6330,0,41.898964603510834,29.014421145207162,12.884543458303671,29.167293704843473,0.022333593482333245
6331,0,47.499890916310065,36.56650189985196,10.933389016458108,36.962929754260216,0.019427446595869063
6332,0,49.73253309278462,37.289101794896865,12.443431297887756,37.58807126455417,0.025475781795979955
6333,0,49.83595723267106,37.75600858917039,12.079948643500671,37.9740227537479,0.014626841745142673
6334,0,39.94075869724566,26.654646358760235,13.286112338485427,26.68471769158131,0.021894539781945593
6335,0,48.218272314078575,35.26582370432574,12.952448609752835,35.517389709809954,0.026502363915770225
6336,0,39.461566182990765,26.519802003930607,12.941764179060158,26.586951730441697,0.022008220829988986
6337,0,71.14601494022547,72.48280037468106,-1.3367854344555923,77.09770596751845,0.0051371025033631595
6338,0,49.77970413768162,37.9286726025367,11.85103153514492,38.1864802902394,0.017442450809023357
6339,0,42.169617489341746,28.930835730952033,13.238781758389713,29.075476462529213,0.028466063580741354
6340,0,49.96064552236052,39.6228188780943,10.337826644266222,40.23403156537698,0.02532432263298364
6341,0,47.8292843527276,39.08414894396333,8.74513540876427,39.68932761802722,0.01604245044596873
6342,0,46.62459954950667,35.92254299466765,10.702056554839018,36.31695541944987,0.02686567018438495
6343,0,72.06678323784207,74.56016024554707,-2.493377007704993,78.13354392232759,0.0018064982859005078
6344,0,41.97518853623296,28.616018765053838,13.359169771179126,28.650353352862574,0.027627686999973984
6345,0,50.09559800328316,37.1190274504891,12.976570552794058,37.33125654389781,0.012163875295657234
6346,0,41.952622676203745,28.239461520941678,13.713161155262068,28.356405437181014,0.02629939281088473
6347,0,48.94629284191423,36.506522877247846,12.439769964666382,36.70000737242851,0.018387798381003496
6348,0,45.0597841859214,37.94670608785415,7.113078098067248,38.48739684658145,0.018052125559224568
6349,0,50.665089060011184,39.31461961837263,11.350469441638552,39.526872651490855,0.016115150629127207
6350,0,49.44732038455972,41.52645481767169,7.9208655668880255,42.21172511071704,0.01487661929234292
6351,0,48.14151751140987,35.37445033350447,12.767067177905403,35.55297518932978,0.0287145903876625
6352,0,46.34683868889543,36.35398454453756,9.992854144357871,36.97990086010271,0.038011020857916945
6353,0,50.86865063469031,39.858527328872825,11.010123305817487,40.31812091724032,0.010485493980382248
6354,0,42.043668870402854,29.076128884430016,12.967539985972838,29.241294310837084,0.04230820082240992
6355,0,49.26270906033227,36.89066765502443,12.37204140530784,37.142087755831696,0.018768786356221354
6356,0,42.86123519641592,29.596148756176053,13.265086440239866,29.690860898612314,0.021870272977159426
6357,0,48.84365385050022,40.401910578370945,8.441743272129273,40.42666378059457,0.016517136840759904
6358,0,49.3579789773966,36.220837723083754,13.137141254312844,36.49769339877032,0.025388876670447022
6359,0,45.71132384965867,34.064905074274485,11.646418775384184,34.372593599176696,0.020474762403976353
6360,0,43.09192878991243,30.024484126355166,13.067444663557264,30.198060820183695,0.028534777073776767
6361,0,42.049540963327274,28.53203468763546,13.517506275691815,28.72702950642971,0.03179146113071797
6362,0,50.9943983616847,39.38555039657009,11.608847965114613,39.485208686622464,0.013288183364253197
6363,0,50.79498849104475,37.65927081783491,13.13571767320984,37.850234888783135,0.01378282039622302
6364,0,49.49010545042036,38.38423562326426,11.105869827156098,38.74488707915789,0.022763641149512848
6365,0,50.97363505616322,39.165830272472824,11.807804783690393,39.45626787927869,0.028077945711667593
6366,0,49.6435026647121,38.910176364681384,10.733326300030718,39.391301141126,0.010390168482467455
6367,0,40.78887225988973,29.81001296703295,10.978859292856779,30.051374161227617,0.03448463389365108
6368,0,40.8179036792111,27.221029463854236,13.596874215356863,27.36596075281198,0.035440891386169404
6369,0,49.09978046172931,36.64567283366489,12.45410762806442,36.735446805383205,0.013437556092799929
6370,0,50.475524426217135,39.17591534133504,11.299609084882093,39.6266168358342,0.013268610032557911
6371,0,46.85842280700652,34.047399827240355,12.811022979766165,34.264159035451385,0.025749984823972536
6372,0,50.01602985190398,39.358352772916405,10.657677078987575,39.7004231934109,0.010281176816962794
6373,0,48.73683556320229,39.53520607710503,9.20162948609726,40.12676260319901,0.011753481616427936
6374,0,40.67181086722756,28.161933642059026,12.509877225168538,28.207064503907652,0.04532439326517496
6375,0,47.493079667999396,35.08469547970681,12.408384188292587,35.334717839324625,0.023013667062321646
6376,0,46.65308874503931,33.393494966449296,13.259593778590016,33.50986313650155,0.029088891533318367
6377,0,46.99893707687889,36.06646228127079,10.932474795608101,36.75884502218433,0.01925710127964539
6378,0,45.17008925160266,32.11784371694989,13.05224553465277,32.34633675950165,0.02885066704662943
6379,0,50.204987189873776,38.148670191150416,12.05631699872336,38.354208077120234,0.01793100232017715
6380,0,42.21437845121976,29.042910120986853,13.171468330232905,29.22116400950298,0.019868469782911916
6381,0,42.37313132750154,28.97217604166562,13.40095528583592,29.10097518952415,0.029641581978009694
6382,0,46.84913037422238,33.720304629470576,13.128825744751808,33.82307104777862,0.03289320071985989
6383,0,42.319540126396646,30.69607949546638,11.623460630930268,30.862153416210365,0.026424300718937633
6384,0,72.06678323784207,74.56016024554707,-2.493377007704993,78.13354392232759,0.0018064982859005078
6385,0,49.612415671966446,37.02268784931712,12.589727822649323,37.26633291081205,0.02578680647791313
6386,0,49.4377822655793,37.5952228763466,11.842559389232704,37.77192468852509,0.014238976594780245
6387,0,72.06678323784207,74.56016024554707,-2.493377007704993,78.13354392232759,0.0018064982859005078
6388,0,46.978422524966845,39.362639273826076,7.615783251140769,40.06737238202312,0.027040437540357565
6389,0,41.686629457459375,28.198429906774358,13.488199550685017,28.271187993233983,0.020119457102222554
6390,0,47.9895960469503,36.153874221080656,11.83572182586964,36.44143802450762,0.012767742892491645
6391,0,52.752784994091115,41.81972113985847,10.933063854232643,42.4257856775707,0.018183691995743278
6392,0,72.06678323784207,74.56016024554707,-2.493377007704993,78.13354392232759,0.0018064982859005078
6393,0,41.14930166378049,28.585397081562956,12.563904582217535,28.57706638601487,0.022047429869202603
6394,0,43.97455156701051,33.93688807575906,10.03766349125145,34.14660180741622,0.03840522164777383
6395,0,41.4948236013126,28.6382138073606,12.856609793952003,28.776129475700685,0.018275451471331347
6396,0,50.40779941374811,39.8974811502684,10.51031826347971,40.17116585315506,0.012303002860939273
6397,0,48.50294727802509,35.83845168147124,12.664495596553849,36.11874759394682,0.015160805195624844
6398,0,50.311576579650094,39.14826283812399,11.163313741526103,39.50445856517989,0.01327872507122409
6399,0,39.22182760763394,26.18050917932276,13.041318428311182,26.250645183500385,0.023719218990007496
6400,0,42.06136997418561,28.68051767896898,13.38085229521663,28.775441611776625,0.024711401253890878
6401,0,49.42822626691316,36.246487476093264,13.181738790819892,36.46857595506493,0.024484853447064296
6402,0,41.0127112138166,30.89855143204934,10.11415978176726,30.85387408927127,0.05182347540802178
6403,0,42.69556566220166,29.437664740842227,13.257900921359433,29.5548090435998,0.03935637314692446
6404,0,48.45058978721214,35.63484950375431,12.815740283457828,35.869717347094294,0.018306747726383313
6405,0,72.06678323784207,74.56016024554707,-2.493377007704993,78.13354392232759,0.0018064982859005078
6406,0,42.378904507894134,30.57658734650627,11.802317161387865,30.80382947135468,0.034274337513061366
6407,0,41.29381309705343,31.76207960050409,9.53173349654934,32.064451660240906,0.03523727968434413
6408,0,36.48578187235099,28.97367915993662,7.5121027124143716,29.51844507088951,0.039589984172883105
6409,0,40.76192652717668,26.88083650992225,13.881090017254433,26.901779924050498,0.02367203694430102
6410,0,49.964252308809506,39.27770912215326,10.686543186656245,39.62669055040678,0.023910199057861202
6411,0,66.75218548744832,65.12045200374888,1.6317334836994348,68.97393663695168,0.016882722954770484
6412,0,39.264110988981585,26.227591778774727,13.036519210206858,26.25327493306699,0.03365942664624109
6413,0,71.1605754885687,72.80565991219248,-1.6450844236237856,78.03590338006204,0.0028070169722003414
6414,0,47.95120138673576,35.621701971675066,12.329499415060695,35.82230944911494,0.014886900053092008
6415,0,47.95490586282247,37.19059658755971,10.764309275262761,37.46693830348137,0.013421062701839445
6416,0,40.27195767734197,27.637237073011057,12.634720604330916,27.742259189798766,0.029179728316760377
6417,0,42.62849888476964,28.8492965657575,13.779202319012143,28.960944148264733,0.019768526522671748
6418,0,50.431278895195064,38.96087533811357,11.470403557081497,39.191141782184886,0.022829049053600902
6419,0,48.938654673713486,36.3523446531003,12.586310020613183,36.54998195775033,0.02488288649281248
6420,0,43.59230774938753,31.322052447756203,12.270255301631327,31.546918793512813,0.02638184827702878
6421,0,42.0113751520977,30.51034109882198,11.50103405327572,30.618998377468355,0.02480278649070642
6422,0,49.85084262431303,39.24222869370948,10.608613930603553,39.71392330587037,0.010216922815756695
6423,0,39.357464584147976,27.929468837076783,11.427995747071193,28.092086240393712,0.03016326222372231
6424,0,72.06678323784207,74.56016024554707,-2.493377007704993,78.13354392232759,0.0018064982859005078
6425,0,49.57134247064137,37.23064842629462,12.340694044346748,37.53345853100602,0.02603448587060224
6426,0,42.05466358893767,29.25911378825119,12.79554980068648,29.439241576947822,0.03165096888439473
6427,0,49.85432367719817,37.563342589537726,12.290981087660441,37.866420996431174,0.028048404507410925
6428,0,44.5827037598269,38.284045523163684,6.298658236663215,38.51676684519656,0.02114663069133722
6429,0,68.97553051515398,69.88306355257903,-0.9075330374250541,78.10512002492692,0.002183639130480791
6430,0,47.88612618770405,35.51958958781533,12.366536599888718,35.84247215268819,0.015167253286659535
6431,0,43.19682847145624,32.47235210381848,10.724476367637763,32.591155763372825,0.01775708345383535
6432,0,48.73639092508297,39.07449056874489,9.66190035633808,39.195113215851734,0.026178006439866387
6433,0,40.144413302446395,27.809172287426687,12.335241015019708,27.907073277385546,0.032028126289188046
6434,0,46.97890336297492,34.773728356425224,12.205175006549695,34.96911155998529,0.01686843413129184
6435,0,48.191437305655526,35.66576944946095,12.525667856194573,35.85293331735545,0.02601776557050094
6436,0,47.34399140118887,40.55851142218043,6.785479979008443,41.25916803951071,0.015563662480262561
6437,0,72.02352047099582,74.47583248193871,-2.45231201094289,78.12676806899266,0.0018042973377978614
6438,0,45.744352501419215,41.400311943801015,4.3440405576182,42.564780052245084,0.019004901753295625
6439,0,46.829758847769085,38.05232270763623,8.777436140132856,38.59973161408462,0.011636243793142417
6440,0,72.06678323784207,74.56016024554707,-2.493377007704993,78.13354392232759,0.0018064982859005078
6441,0,49.99922828291756,39.008791564657585,10.990436718259971,39.41109820565441,0.027499976943450338
6442,0,39.78365916823914,26.190204878686252,13.593454289552888,26.209165793666312,0.03767213951153426
6443,0,42.22182346773528,29.27059408368538,12.951229384049896,29.426444404944174,0.03298578191957558
6444,0,40.87000418428552,28.119570145131274,12.750434039154246,28.283902110158454,0.02099803208907344
6445,0,69.81054935835178,70.99027083074552,-1.1797214723937373,78.0578137872861,0.0026261048000980076
6446,0,43.650318086892995,29.80322884681865,13.847089240074343,29.955856476359166,0.022588428578448776
6447,0,47.89974919095624,36.797427994507174,11.102321196449068,37.064805613851775,0.021579394815813956
6448,0,46.691303701179066,36.88966676737691,9.801636933802158,37.29884471620859,0.016839149863777096
6449,0,72.06678323784207,74.56016024554707,-2.493377007704993,78.13354392232759,0.0018064982859005078
6450,0,40.59522631906288,30.301276574432446,10.293949744630435,30.468733965237828,0.0343146413082245
6451,0,43.64148574662005,30.50558037200553,13.13590537461452,30.662630876080367,0.03290651200585513
6452,0,48.28205509773696,35.17153194089093,13.110523156846028,35.432645721747576,0.02352187471222329
6453,0,42.823920562598744,29.09163272811624,13.732287834482502,29.24618178211203,0.028993346498738807
6454,0,44.33812027086108,31.607972723263764,12.73014754759732,31.841712581468666,0.03830734315317519
6455,0,67.92825881465409,68.57301817877257,-0.6447593641184852,78.08367021767906,0.0023056651826622453
6456,0,48.96731813560207,37.50185614105054,11.465461994551532,37.90700506874783,0.03481807203678256
6457,0,41.8334696045264,28.723311704180873,13.110157900345527,28.81488909245639,0.03724179933588878
6458,0,43.615099543546776,30.32332313128045,13.291776412266326,30.587457522160445,0.02577803337473418
6459,0,41.55447877101534,28.66613617672732,12.88834259428802,28.768234579016177,0.01880651994832029
6460,0,49.966830270676994,39.66709159065441,10.299738680022585,39.796290317478466,0.018400109546141113
6461,0,40.256638701607855,27.57234602979655,12.684292671811306,27.66286181813843,0.04611187337287864
6462,0,50.444119826882755,39.31941831739731,11.124701509485448,39.399358638397985,0.01648168847105068
6463,0,50.075835229256214,38.47072643950101,11.605108789755207,38.784802035954016,0.015756885829953885
6464,0,41.5764265982837,28.838594650797003,12.7378319474867,29.005462994772795,0.059194052112207074
6465,0,49.522265401401825,37.281809822191875,12.24045557920995,37.591947276057084,0.019840242715954182
6466,0,48.02455219173993,36.06055741334143,11.9639947783985,36.311504562955065,0.027643334052101193
6467,0,43.17951775196353,30.007639667861685,13.171878084101845,30.2051481573256,0.030409698455431414
6468,0,49.64387721446553,37.83317419466559,11.810703019799945,38.16700033226384,0.0189980570727377
6469,0,49.46527091080736,37.16150112481131,12.303769785996053,37.38869836994983,0.01613220967984157
6470,0,48.77445559301667,38.38781128131099,10.38664431170568,39.06537408056404,0.017216299824343504
6471,0,49.280604772083535,36.292367350607364,12.988237421476171,36.57970794031981,0.023150748143741275
6472,0,42.97485606563852,30.259392782463895,12.715463283174625,30.449617558102773,0.019441880598181877
6473,0,41.49611527630671,30.98280800999341,10.513307266313301,31.118742797685815,0.04954297616971382
6474,0,50.49174872140735,40.865015492937204,9.626733228470144,41.435823912512134,0.011177477601766449
6475,0,41.61111374586028,28.567554869174895,13.043558876685385,28.700875209050277,0.03468025538260314
6476,0,47.44829491204018,34.705908747822306,12.742386164217876,34.98315583988185,0.030949344313022875
6477,0,40.896347508777765,27.597740065825352,13.298607442952413,27.694672297989325,0.0288709856310206
6478,0,49.84462054116011,37.880781951383895,11.963838589776216,38.172521981765456,0.01867151438652991
6479,0,40.34766570383306,27.980324584412195,12.367341119420864,28.0987807999861,0.028195338392376226
6480,0,40.80104342813158,27.815360635768716,12.985682792362862,27.893192746398622,0.03693725754917945
6481,0,49.73358567544727,38.30568620263202,11.427899472815255,38.57979935468406,0.012389826256165562
6482,0,43.66232827584169,33.76765566544479,9.894672610396896,33.993975900929485,0.017956673164254724
6483,0,49.597485630035166,36.633807308194704,12.963678321840462,36.94383907137052,0.015458067999477477
6484,0,39.71429674626744,26.870239908212984,12.84405683805446,26.99326280956632,0.01938228414905571
6485,0,40.043505755635195,27.14665018748506,12.896855568150134,27.15731482983274,0.025851635817462054
6486,0,43.66972154497098,29.999477106157386,13.670244438813597,30.15327956380376,0.018391545070323853
6487,0,51.0414529535568,39.130705937106725,11.910747016450074,39.35385264709518,0.022758492140194285
6488,0,44.020934160476145,30.702539722976912,13.318394437499233,30.856375935706374,0.032443896962275495
6489,0,41.49912737383109,31.79423103580676,9.704896338024326,31.952264169410434,0.018458740287170358
6490,0,47.5916496313493,35.08359427005162,12.508055361297679,35.30748276572312,0.017406412045388505
6491,0,47.28289125368035,36.06676386737506,11.216127386305288,36.58470275260545,0.01653869428453599
6492,0,46.48308021751916,37.94909984867867,8.533980368840488,38.69428880553794,0.013832676958674541
6493,0,72.06678323784207,74.56016024554707,-2.493377007704993,78.13354392232759,0.0018064982859005078
6494,0,42.53379407591531,29.4197111500182,13.114082925897112,29.536600307311314,0.0177195208501411
6495,0,50.59062923881979,39.13031001851682,11.460319220302964,39.5281861993986,0.015286994638285407
6496,0,58.9393865884567,54.57294308775836,4.366443500698338,55.81910227843255,0.03496540166849582
6497,0,44.94215898475218,36.73879469017949,8.203364294572694,37.4678171495506,0.009563008310888185
6498,0,71.70103418580294,73.90786960929384,-2.206835423490901,78.09856183789267,0.0027021993913724732
6499,0,49.226254678001865,37.87053648484415,11.355718193157713,38.22558670458032,0.01711212271913943
6500,0,43.93567567329973,30.36652049539931,13.569155177900416,30.4835839276961,0.016712816401245632
6501,0,45.48175025097794,39.358061050953374,6.123689200024565,40.28283422243412,0.02753965270573084
6502,0,41.022339834939615,28.266928561320494,12.75541127361912,28.300277974214662,0.04376079227265535
6503,0,44.98276849847707,31.759287905525113,13.223480592951958,31.970877247946856,0.03373772875282021
6504,0,48.72603330205855,35.84692725640814,12.879106045650417,36.09513967535146,0.012252746250144705
6505,0,45.75739113156436,37.41420204542588,8.34318908613848,38.051448537359505,0.009284666073023603
6506,0,43.87898618533845,31.280658301649428,12.59832788368902,31.501374562903717,0.024660405844140202
6507,0,48.406756885072014,36.09474468189525,12.312012203176764,36.40430594287206,0.01959387100817138
6508,0,40.62743510869953,27.62401177534952,13.00342333335001,27.665374555907654,0.04094945449920379
6509,0,47.92154694083085,41.1090299926625,6.812516948168351,41.96738225220166,0.011152866025478932
6510,0,42.628823021758976,29.181512443214494,13.447310578544482,29.312117489749365,0.03589188136902772
6511,0,43.772201712728446,30.737930572717573,13.034271140010873,31.000005390949692,0.037812926417120925
6512,0,41.49825200062281,28.40358266785457,13.094669332768241,28.519262461581974,0.021787430708185708
6513,0,72.06678323784207,74.56016024554707,-2.493377007704993,78.13354392232759,0.0018064982859005078
6514,0,46.37369481474816,37.1433807584947,9.230314056253462,37.85537647863916,0.014789738849474042
6515,0,72.06678323784207,74.56016024554707,-2.493377007704993,78.13354392232759,0.0018064982859005078
6516,0,62.90940534635875,62.78818811870923,0.1212172276495238,77.3345857183494,0.008704184635576435
6517,0,42.29389257488771,29.072332335370543,13.221560239517164,29.220662950223836,0.019340550073526305
6518,0,42.06543945487287,28.62239384687447,13.443045607998403,28.7510480954854,0.019139119280409903
6519,0,72.06678323784207,74.56016024554707,-2.493377007704993,78.13354392232759,0.0018064982859005078
6520,0,49.47325061549219,36.90196489710108,12.57128571839111,37.23411438763273,0.016941787081504695
6521,0,49.691796521647504,36.86330933925457,12.828487182392934,37.049079331466636,0.011572237133653794
6522,0,40.971733768390834,28.67150189918712,12.300231869203714,28.792224139838993,0.043036951252397364
6523,0,72.06678323784207,74.56016024554707,-2.493377007704993,78.13354392232759,0.0018064982859005078
6524,0,47.14869319230692,34.32174062416469,12.826952568142232,34.48682642686753,0.03505380374911886
6525,0,45.168304568384755,32.285237269074244,12.883067299310511,32.464383442804206,0.05899135665013523
6526,0,42.91818317690489,30.527411722738087,12.390771454166803,30.630262169836026,0.023239186787922552
6527,0,41.74317438516506,29.670827713072438,12.072346672092625,29.795954460347076,0.03069759776217947
6528,0,43.10303533512207,29.861851117443994,13.241184217678079,30.082425657818185,0.025754331585807463
6529,0,48.46404814876384,35.20243693958402,13.261611209179819,35.385130742765625,0.01717544865120561
6530,0,54.35901006906958,43.86543833245413,10.49357173661545,44.689693165035294,0.01583067216587171
6531,0,72.06678323784207,74.56016024554707,-2.493377007704993,78.13354392232759,0.0018064982859005078
6532,0,50.960536734663705,39.5190107592705,11.441525975393205,39.94314081266539,0.011353593507798689
6533,0,48.628041169385796,36.246144272730476,12.38189689665532,36.49788701790109,0.013806030727911103
6534,0,50.796362376683405,39.388040556457725,11.40832182022568,39.75636191023801,0.026884210059207842
6535,0,47.40696708296474,37.69166472960752,9.715302353357224,38.214937032727626,0.026805905973050402
6536,0,42.01279874286044,29.16855379606787,12.844244946792571,29.32569164228596,0.03452680243028422
6537,0,43.928007796264765,31.35268821725313,12.575319579011634,31.581273752564098,0.059316273333400324
6538,0,42.015717468973335,28.717121650486927,13.298595818486408,28.827419502798577,0.033549667146013484
6539,0,39.075081642313805,28.725039357558558,10.350042284755247,28.636274113035444,0.030756976980753768
6540,0,46.703631895922854,33.896876048726334,12.80675584719652,34.036303631853286,0.025594966091042125
6541,0,50.480346921703486,38.30558504535183,12.174761876351653,38.546446152393415,0.01810347369977234
6542,0,45.032693425934355,31.884083716877402,13.148609709056952,32.066629625556175,0.023590521190243872
6543,0,72.06678323784207,74.56016024554707,-2.493377007704993,78.13354392232759,0.0018064982859005078
6544,0,46.59300021273789,33.617119122145624,12.975881090592267,33.79596328945276,0.01796344064872459
6545,0,43.22863745533803,30.027566614796612,13.20107084054142,30.12018961129611,0.04324242984649018
6546,0,44.474179424740186,37.623841386323804,6.850338038416382,38.63373890878459,0.013108084020338216
6547,0,46.04134756938679,37.56127525921285,8.480072310173938,38.0536904537617,0.016627293163134244
6548,0,72.06678323784207,74.56016024554707,-2.493377007704993,78.13354392232759,0.0018064982859005078
6549,0,48.67727542641984,36.1471108619757,12.530164564444142,36.3220874740087,0.034923493378365415
6550,0,49.78938356679734,36.618814077039445,13.170569489757895,36.831237526881424,0.01219237443850419
6551,0,47.20399317786699,39.497094390147225,7.706898787719766,40.025727844717025,0.033314761197825525
6552,0,47.476848866389616,40.441615298546864,7.035233567842752,41.29845500630225,0.01589408412983962
6553,0,47.770077962915764,35.36441198377865,12.405665979137112,35.65985029507018,0.018756933310960452
6554,0,47.360160535397895,35.69730740474952,11.662853130648372,35.96202630250218,0.019822477128246863
6555,0,72.06657354507946,74.56012693166213,-2.4935533865826613,78.13271498698668,0.0018097346884120673
6556,0,38.63336037154581,29.492297021414206,9.141063350131606,29.796692029428204,0.035233259843735786
6557,0,43.96658935532777,30.482190651825718,13.484398703502052,30.631746137746184,0.03909722355093715
6558,0,40.10596118294632,27.06265227772898,13.043308905217337,27.133587910084714,0.02193006299806449
6559,0,41.556239652961324,28.189555030031375,13.366684622929949,28.302231608532313,0.020613301726130313
6560,0,48.27833536805382,36.73505104944958,11.543284318604236,37.12300117134242,0.01733001141505685
6561,0,70.61755030237902,71.62294586355739,-1.005395561178375,76.48281710260187,0.005152160420062776
6562,0,69.74599731930431,70.63051182648087,-0.8845145071765614,77.80282977747203,0.00612185817968897
6563,0,49.29057544424852,38.92544489325114,10.365130550997378,39.40949301172492,0.017985903578266387
6564,0,40.49041544809864,30.15863067576141,10.331784772337226,30.18443792215043,0.043154673005130116
6565,0,41.9807284836603,28.429348982233943,13.551379501426357,28.525094722837228,0.04100246453868249
6566,0,42.42422549149259,30.652070618376936,11.772154873115657,30.749248492400643,0.033256162860867695
6567,0,48.00850033460482,38.203602379039864,9.804897955564954,38.85898712228941,0.012949322008438697
6568,0,49.14897088499664,39.981137262222404,9.16783362277424,40.2124838117124,0.013601344702712978
6569,0,43.37236418982876,29.935787487647833,13.436576702180925,30.108624950111174,0.03546506850135318
6570,0,44.2368965314008,30.89069983111047,13.346196700290331,31.083080415973736,0.029323902728477673
6571,0,47.54227001669186,35.423720672875234,12.118549343816625,35.65867338570408,0.017167446608945914
6572,0,50.64800117748787,40.14484395394511,10.503157223542757,40.34809933956939,0.01575548672717118
6573,0,39.72442474555768,26.65770409120165,13.066720654356025,26.706037866800486,0.032650134884266095
6574,0,47.50692445501194,34.81245960509935,12.694464849912592,35.06841736027569,0.030708809869772476
6575,0,49.4041644605301,37.218291636127574,12.185872824402523,37.44675879545555,0.02530409653288683
6576,0,39.4650165546267,26.928769131620484,12.536247423006216,26.977699175932077,0.02196630608746595
6577,0,44.28714245418679,31.31854508110937,12.968597373077422,31.541303997360796,0.026300395423268008
6578,0,42.73443790230834,29.406898785908922,13.327539116399421,29.57491561327279,0.033779804633939765
6579,0,50.224756632786324,37.79594729510032,12.428809337686005,38.01750701126655,0.03840683044433619
6580,0,50.14119623808482,38.797273240138864,11.343922997945953,39.05572749182175,0.01898747729962241
6581,0,49.75715155007332,37.2804749483214,12.476676601751919,37.428925765751906,0.014221376618483755
6582,0,40.70160945355492,27.84663734138611,12.854972112168813,28.029937209979753,0.041021757192645524
6583,0,42.532839257149504,29.127761461223837,13.405077795925667,29.272696354305932,0.024358455377042038
6584,0,44.58317700261425,33.61669433200683,10.96648267060742,33.69914929952769,0.021200615709673028
6585,0,49.04576456437107,37.54301045880002,11.50275410557105,37.72904587533887,0.0105274119491016
6586,0,49.07640396130746,36.67060566394075,12.405798297366715,37.02175935225357,0.01797275252668813
6587,0,46.74240000304779,35.34654282336761,11.395857179680178,35.596527073040846,0.019979332642279215
6588,0,43.04938041099267,33.29416986906679,9.755210541925877,33.403793719834255,0.02600590607284741
6589,0,49.54797312134673,37.06498708822508,12.482986033121648,37.34351738038848,0.01093884984053815
6590,0,58.407823193618,50.472209715585265,7.935613478032735,52.66138756301099,0.0166235497000102
6591,0,36.65239517017212,29.617921218568505,7.034473951603616,30.392028254045695,0.030479218684422184
6592,0,43.536829778013285,29.692558375037347,13.844271402975938,29.77814124200808,0.02163383795402648
6593,0,43.791717187940364,30.18900559144456,13.602711596495805,30.31982708503886,0.034370312551834224
6594,0,42.754144824024905,29.42622190818202,13.327922915842887,29.62237988739,0.02495014838438283
6595,0,42.29378206690113,28.846418066383894,13.447364000517236,28.98295059845503,0.03470111596797521
6596,0,51.42049721997334,40.403331221393756,11.017165998579586,40.64830590846849,0.01109223934432954
6597,0,43.15180697008776,29.993413250655202,13.15839371943256,30.12080275528199,0.03661481604245819
6598,0,39.75024539071398,27.03831697909849,12.711928411615489,27.10344879036378,0.0285007796038871
6599,0,42.345671676946864,32.80070651089652,9.544965166050346,32.96773064825364,0.017117854594592214
6600,0,43.181901460037636,30.073508008743513,13.108393451294123,30.32610639653501,0.02623604786236878
6601,0,47.90947632052321,37.99233509605766,9.917141224465553,38.474800662760074,0.0328697140106875
6602,0,39.01865072394384,29.477340106028787,9.541310617915055,29.77556916186232,0.031055965799634867
6603,0,48.64891152992608,37.99888291540988,10.650028614516202,38.45567681107543,0.012262107596451742
6604,0,49.24718094948143,36.047010225468625,13.200170724012807,36.17673845277402,0.028555680861976337
6605,0,48.72976009230493,36.07224784682194,12.657512245482991,36.26088381538669,0.029468290069151755
6606,0,41.554767246355624,32.25637217859885,9.298395067756772,32.47530757151065,0.018700941598516783
6607,0,44.88353182215735,40.790931782400136,4.092600039757215,41.60400335109496,0.029604981856216052
6608,0,47.324186779057726,38.77298861477978,8.551198164277949,39.03657485739707,0.018895147862685376
6609,0,50.911048509174876,38.121250522929245,12.789797986245631,38.325933071850315,0.010276429299504215
6610,0,43.85152894986987,31.496516292904627,12.355012656965247,31.71771417278682,0.03842821367351127
6611,0,45.90771972178359,38.23389410955305,7.673825612230544,38.74308489153574,0.015985080072299835
6612,0,72.06678323784207,74.56016024554707,-2.493377007704993,78.13354392232759,0.0018064982859005078
6613,0,38.88812536834067,28.01284088153894,10.875284486801728,28.199626827234052,0.02615814167375684
6614,0,47.72394741449675,38.08641122755799,9.63753618693876,38.456353169031445,0.011606405778824783
6615,0,41.58484506566502,28.561162275024884,13.023682790640137,28.692178581959176,0.04672074695099499
6616,0,49.95159823801511,37.540181444437835,12.411416793577274,37.783035556099,0.03369470617834317
6617,0,41.47661344444623,28.64151988401613,12.8350935604301,28.71121729513422,0.02034989280080179
6618,0,42.37613758860063,28.368265523101915,14.007872065498713,28.477146467529092,0.02184806384172773
6619,0,72.06678323784207,74.56016024554707,-2.493377007704993,78.13354392232759,0.0018064982859005078
6620,0,42.50242735495095,29.087529015292287,13.414898339658667,29.284442480518397,0.04150026232847476
6621,0,50.105604950731674,37.76456565934113,12.341039291390544,37.987987379138126,0.011904783771203594
6622,0,46.34770355180497,38.97667186776091,7.3710316840440555,39.10086055446652,0.03538599442967525
6623,0,72.05983565955317,74.5409196033229,-2.4810839437697325,78.13329049580882,0.0018040068457046748
6624,0,59.23070220625408,46.98554703560576,12.245155170648317,47.54938775901849,0.021760116232532514
6625,0,42.442657992256954,29.387145690585356,13.055512301671598,29.595848601043283,0.030760588169828903
6626,0,46.66268988977254,34.26542966024455,12.397260229527987,34.46551084375179,0.01871622301506164
6627,0,47.04881509385066,34.38318934112833,12.665625752722335,34.55891413849652,0.012924965117505124
6628,0,50.94568814865475,37.62769286095672,13.317995287698032,37.74932346356583,0.01049603396374299
6629,0,43.03261989503409,29.37289019887613,13.659729696157957,29.54839600985216,0.028833303658062696
6630,0,40.395463127945675,28.257979545121874,12.137483582823801,28.34162097671416,0.023537618550239947
6631,0,49.205119701422944,36.57416391370063,12.630955787722314,36.870229579000316,0.019825838824806975
6632,0,48.28570230562515,37.33726776672913,10.948434538896024,37.777037982450636,0.012318676798035775
6633,0,47.27739187393219,34.20532498932886,13.07206688460333,34.40134794266392,0.029934772246714165
6634,0,41.972961350841715,29.341117466972815,12.6318438838689,29.398627148033007,0.055208017739640486
6635,0,49.794927767451256,37.19902003445567,12.595907732995585,37.513424256778976,0.010240499858425902
6636,0,43.473640812531045,31.408189114114084,12.065451698416961,31.662065855728933,0.01940900054117511
6637,0,39.12612634015571,26.822433426264354,12.303692913891354,26.92363740826247,0.03221310993349114
6638,0,39.92205516262789,27.944669120892275,11.977386041735617,28.026040476523963,0.020622642639860685
6639,0,43.59316501255549,30.622903613864604,12.970261398690884,30.82619625510436,0.02976838654876763
6640,0,40.74629263350052,28.186749065473123,12.5595435680274,28.301091780409983,0.024344397764299294
6641,0,48.540320993062,38.25910058797543,10.281220405086565,38.81967087287772,0.017337872580077462
6642,0,40.67968033985301,26.6178366833618,14.061843656491206,26.623130193557667,0.025199503248358134
6643,0,72.06678323784207,74.56016024554707,-2.493377007704993,78.13354392232759,0.0018064982859005078
6644,0,50.31983979871937,38.08457266889125,12.235267129828124,38.31554817169703,0.019174927908707624
6645,0,42.72300086430178,29.17284515214514,13.550155712156641,29.34235756491727,0.04660957113231687
6646,0,50.061112535857504,39.1956919963514,10.865420539506104,39.73912141220113,0.019807243029247957
6647,0,41.61849592433842,28.924650259591395,12.693845664747023,29.026894971843724,0.046518378410149726
6648,0,46.87834380057561,34.07788817462345,12.800455625952154,34.292628581187,0.017196107061608616
6649,0,47.34932903826615,34.648275860970756,12.701053177295393,34.828645908445594,0.019712360595627074
6650,0,47.1671821321267,34.99970946070856,12.167472671418139,35.206282787355846,0.030110387016918826
6651,0,44.09580787672925,30.889140974649198,13.206666902080055,30.995023503538913,0.027659964018705675
6652,0,39.23439273097136,26.44620376127926,12.788188969692097,26.507738869743932,0.026729240794620926
6653,0,50.37049719922264,39.523643124164465,10.846854075058175,39.79660497260406,0.014870479789247994
6654,0,68.57840324955977,69.18393727247472,-0.6055340229149522,77.92322466143021,0.003948281423289758
6655,0,50.612806237930826,38.701546780091675,11.91125945783915,38.91509464809987,0.022791898327636187
6656,0,50.62862445964697,39.8197309021638,10.808893557483174,40.196859050287195,0.013380502961768662
6657,0,41.75776204549936,32.19797915770536,9.559782887794,32.27953676957107,0.024924971148341437
6658,0,44.96971572265109,34.61618025144212,10.353535471208971,34.89728592593383,0.018155540206699558
6659,0,47.17760963759795,37.55155013310652,9.626059504491437,37.95807970828649,0.017219301262315124
6660,0,41.95321981290266,28.597582633490177,13.355637179412483,28.765993076697153,0.028303525659599708
6661,0,49.20314280247102,39.068219794722694,10.134923007748327,39.4287118636573,0.026117704529146024
6662,0,50.64173724680994,39.688573285541196,10.953163961268743,40.07077672597771,0.010671604642598014
6663,0,41.19059716535139,30.956247040815185,10.234350124536206,30.94194546199036,0.03439525104934831
6664,0,42.45711955312805,29.20632951745578,13.25079003567227,29.324315891350047,0.027965955834387626
6665,0,46.230527132012426,33.93458620428162,12.295940927730804,34.16471225473704,0.016094746012834307
6666,0,46.59593269065802,33.34010576594582,13.255826924712196,33.444215501291126,0.02843542331894008
6667,0,72.06678323784207,74.56016024554707,-2.493377007704993,78.13354392232759,0.0018064982859005078
6668,0,70.10014486502185,71.16357859029729,-1.0634337252754449,78.01022876317714,0.0028550625598136757
6669,0,42.71060937466687,29.752795666504635,12.957813708162238,29.87443581358252,0.02706272381630935
6670,0,42.48605750072488,28.741848192314293,13.74420930841059,28.883190949321207,0.03984538277795496
6671,0,47.513966630192115,34.702613638574434,12.811352991617682,34.90729164828984,0.023843597461136637
6672,0,50.22057714713483,39.500295716100666,10.720281431034167,40.11818992886486,0.022117096352426313
6673,0,49.703855485746814,37.88808545841091,11.815770027335901,38.13617290538253,0.029518046619517513
6674,0,46.28510075443975,33.27383089834859,13.011269856091161,33.40007065138355,0.04454109860949046
6675,0,40.867892079943495,27.435872328807992,13.432019751135503,27.534662423316412,0.020777787549090668
6676,0,44.426380865859,31.349974340186673,13.07640652567233,31.524234274960296,0.04442199174313985
6677,0,43.27557403093884,30.767991727367594,12.507582303571247,30.946293691793418,0.031897637402238506
6678,0,40.86465626771687,28.30845791596156,12.556198351755306,28.401107690563617,0.024640452895331386
6679,0,46.85140842654985,38.20253976167498,8.648868664874875,38.63576380247727,0.014836002504629549
6680,0,51.212844174747886,39.80313102892397,11.409713145823915,40.14354806305947,0.017798371238874528
6681,0,48.6311547053442,37.979871201798574,10.651283503545628,38.43755638106847,0.020765057699187597
6682,0,47.81259160204016,34.969496450396456,12.843095151643702,35.21145082679118,0.016734694313855665
6683,0,47.357551296603845,39.60146571706072,7.756085579543125,40.39968532495182,0.02184090383670622
6684,0,47.16817597905778,39.07273144329817,8.095444535759611,39.7749846796505,0.032157029975921396
6685,0,41.15145706280758,31.311730006819463,9.839727055988117,31.542383041980248,0.02849745447088522
6686,0,50.145421247848645,39.97425768009875,10.171163567749893,40.22504238462035,0.012938593831031292
6687,0,42.84984847502949,29.200514181479175,13.649334293550314,29.333296908532898,0.03298851116219188
6688,0,49.599199688773865,37.1708433343462,12.428356354427663,37.41841475946562,0.01669670155065276
6689,0,44.78428790245799,40.917482661514185,3.8668052409438047,41.964343490349194,0.026004252109536642
6690,0,48.719565707750334,36.01932666130208,12.700239046448253,36.25256121669479,0.031060398593371525
6691,0,49.18893609863041,36.58161650177705,12.607319596853358,36.93380626885766,0.014222011103759017
6692,0,43.16281538108787,30.073082487606694,13.089732893481173,30.212465582920206,0.030020029861328963
6693,0,51.115272788132145,40.41589685244339,10.699375935688757,40.92666057641122,0.019214696155282488
6694,0,72.02277791315169,74.47428557644326,-2.4515076632915793,78.12829280637477,0.0017683647697917077
6695,0,46.741171683060344,33.85115348341051,12.89001819964983,34.008065462916896,0.03936804767598927
6696,0,46.8269134486155,35.67632697429717,11.150586474318331,36.225125258475984,0.02179914890366114
6697,0,41.33542578530672,27.788851268159764,13.546574517146954,27.975338214762235,0.03350060960484928
6698,0,44.301626060134026,30.987382679105462,13.314243381028565,31.204574076705168,0.023304505962458567
6699,0,42.10836407909895,28.38605492829976,13.722309150799187,28.53845481523745,0.03202651749262569
6700,0,46.0310776713432,33.22544180233565,12.805635869007546,33.458411522114595,0.023020517352496928
6701,0,50.785845392741095,38.37761236099384,12.408233031747258,38.62182814811743,0.01836195528475009
6702,0,41.51314465997376,28.9065675118362,12.60657714813756,28.968835356173532,0.04530380034595839
6703,0,50.36077414603601,37.55465527489555,12.806118871140455,37.74650363710447,0.019626120066535007
6704,0,40.05355498405659,28.911536098219255,11.142018885837334,28.954414696338166,0.025369368531992134
6705,0,42.13714435468685,29.659646686384114,12.477497668302739,29.76625455350706,0.03450547942344035
6706,0,43.66788225985778,31.144044241016335,12.523838018841442,31.394556180897794,0.01723557957352128
6707,0,43.69056303368265,29.935416868709527,13.755146164973123,30.10097288041858,0.04343646189605777
6708,0,39.72209188284974,26.503941316563974,13.218150566285765,26.521627420461524,0.0213594112430894
6709,0,38.67697649187065,27.911125251512683,10.765851240357964,28.00522684018027,0.03243370863431307
6710,0,49.615508238988895,36.79589819077968,12.819610048209213,37.149123616608925,0.01316630288363793
6711,0,41.58248173674011,28.58675100352868,12.995730733211428,28.564522566055118,0.022489076787533
6712,0,49.30935199397851,37.09092287275978,12.218429121218726,37.41849350593204,0.027349711473090527
6713,0,50.29961007371347,39.37850179491353,10.921108278799935,39.646334647907054,0.022816716380487854
6714,0,48.77435286140283,37.593276843479345,11.181076017923488,38.020088970703355,0.016375037948671855
6715,0,49.19381940696658,37.21912423928673,11.974695167679855,37.27890090111954,0.015029317263216461
6716,0,41.234953398409445,31.35345134052688,9.881502057882564,31.450279379928954,0.04060724258532334
6717,0,53.80958233459826,43.243243752759696,10.566338581838565,44.140136247626586,0.015354409255104874
6718,0,49.677683478214576,37.6449388526616,12.032744625552972,37.93878998838623,0.018157054368170014
6719,0,71.32455626419652,73.27675187833407,-1.9521956141375512,78.12227494566972,0.001891551026957649
6720,0,42.68992616518315,29.465163765252942,13.22476239993021,29.600403115695148,0.043476707619687235
6721,0,69.44752390417744,70.32764586732746,-0.8801219631500175,78.0515455107306,0.002828396704857946
6722,0,50.68658574089518,38.81945598495635,11.867129755938834,39.069673731690855,0.023414603684753232
6723,0,49.22524616661295,38.31201321278377,10.91323295382918,38.792291264903184,0.015071066394328666
6724,0,51.016237810323105,38.48388092288443,12.532356887438674,38.71444556344541,0.015780588683570903
6725,0,46.73081376831553,34.442080358706235,12.288733409609293,34.53498493682791,0.023728020053554514
6726,0,50.73172976153323,40.10836253729946,10.623367224233768,40.53579666415258,0.01679189800071496
6727,0,43.38967287738238,29.198797070035635,14.190875807346746,29.30812206192159,0.027542762758978392
6728,0,43.95881503370819,31.7562246004109,12.202590433297292,31.96639751350349,0.04768523237527972
6729,0,49.44760202593719,36.58459375263773,12.863008273299457,36.85504218226992,0.018527129196653374
6730,0,52.06465204780167,40.653045767746534,11.411606280055139,40.887008382577825,0.02440267147293636
6731,0,43.6000668593947,30.74043151181188,12.85963534758282,30.893957528842588,0.016785373556367483
6732,0,43.67589981629541,30.795329349568735,12.880570466726677,30.94835286973575,0.016552585210469133
6733,0,45.0026370345971,31.266875371242648,13.735761663354452,31.466862825902286,0.02609302627813467
6734,0,43.043743452483426,30.686351869372107,12.357391583111319,30.91095424414082,0.022404935436843156
6735,0,36.391309592020065,30.79239395218107,5.598915639838996,31.481681634043333,0.018430850895426915
6736,0,39.912283571690914,32.93433206164197,6.977951510048946,33.1518011664225,0.04235352242824148
6737,0,50.13082335001178,39.46535627898598,10.665467071025802,40.05606267728854,0.012362759769007801
6738,0,47.14560593549567,35.56566182467242,11.579944110823249,35.89730533931569,0.035068351743701466
6739,0,72.06678323784207,74.56016024554707,-2.493377007704993,78.13354392232759,0.0018064982859005078
6740,0,55.77920456864311,45.865344781680975,9.913859786962135,46.32142468395571,0.0174485784312241
6741,0,41.280967552680224,28.61745222019493,12.663515332485293,28.729978533688474,0.018283327691934765
6742,0,45.06555233625396,32.16426970216527,12.901282634088687,32.39475367245012,0.014028494170203036
6743,0,47.26996244927723,34.697089454641656,12.572872994635574,34.96620393516646,0.04238253668710005
6744,0,46.4001119964678,33.74022698075501,12.659885015712788,33.898843683400145,0.023886417689425385
6745,0,52.802068687111074,42.28836395708032,10.513704730030753,42.636357530355724,0.04389024146332969
6746,0,44.83330475977667,31.62362990025554,13.209674859521126,31.825920140903925,0.03395851440180918
6747,0,40.69375059888812,28.228350413185485,12.465400185702638,28.336896624742547,0.025251163254549677
6748,0,51.18664616569535,40.0157221477996,11.17092401789575,40.461791735755554,0.025005843286765528
6749,0,39.570410532187736,32.50377182736544,7.066638704822296,32.868408776091655,0.02865542839964007
6750,0,47.45098229621887,35.38850076761089,12.062481528607975,35.657303758946625,0.026544809905286446
6751,0,45.109917016161134,33.16194992231732,11.947967093843815,33.3865533148805,0.022804129913264703
6752,0,50.26473884198448,40.44210350952605,9.822635332458432,41.036699879860564,0.007714919928560485
6753,0,43.50566087994385,30.531011458013527,12.97464942193032,30.735412973638443,0.03489397583288172
6754,0,51.609132947625156,39.206353007822045,12.40277993980311,39.518789000644354,0.02491326049184779
6755,0,52.97470444147545,43.24348677293635,9.731217668539102,43.65170159550212,0.040928236213869526
6756,0,39.60392490198947,33.10858002749755,6.49534487449192,33.31433172068594,0.031581222821661925
6757,0,51.82605528833763,40.09462645693037,11.731428831407257,40.46780665046484,0.029165455624263308
6758,0,44.316146368528294,30.433415466416626,13.882730902111668,30.561446680226613,0.02330295148268756
6759,0,48.35824281558554,35.28085820595993,13.07738460962561,35.51898496070672,0.024524051732290195
6760,0,47.19561376480573,34.61067195441092,12.58494181039481,34.87108931793036,0.028036835367425735
6761,0,46.504495555971985,34.43879112208393,12.065704433888058,34.66917736457942,0.0375637049025933
6762,0,48.225805863764236,36.028285952032434,12.197519911731803,36.22989520438769,0.032748239116241765
6763,0,47.08644564991528,35.14881175200303,11.93763389791225,35.38398909283225,0.018713519462549764
6764,0,53.29816698426043,42.014941034792514,11.28322594946792,42.44167076000423,0.013997959297481386
6765,0,42.729847728277875,32.08168213079545,10.648165597482425,32.4720467817329,0.028297563648809792
6766,0,50.36256266583982,38.12187638493142,12.240686280908399,38.372399253958825,0.014670269573737392
6767,0,72.06678323784207,74.56016024554707,-2.493377007704993,78.13354392232759,0.0018064982859005078
6768,0,44.29521561980172,32.352627779779155,11.942587840022568,32.51939775914752,0.04743407616259727
6769,0,50.795729356961445,39.87239676164087,10.923332595320574,40.250299355331876,0.02540912642931681
6770,0,42.81304955977002,32.517000197746185,10.296049362023837,32.74333614418619,0.04011032662252381
6771,0,53.92273964126994,43.46580683633441,10.456932804935533,44.03210490009012,0.008711600047806207
6772,0,50.58406507493376,40.0622450777488,10.521819997184963,40.49803643167376,0.011387448136528361
6773,0,44.6346372629106,31.224377578490394,13.410259684420208,31.4331976248551,0.02286666865343005
6774,0,47.492033458806546,35.145695361141065,12.34633809766548,35.415073101018265,0.03276664564161698
6775,0,66.96557125168468,67.47878836936049,-0.5132171176758078,78.12632660997805,0.002179337670115169
6776,0,46.388674186374516,33.68649772353874,12.702176462835773,33.948309516064384,0.03532914669980937
6777,0,45.02722970885783,32.24924650708954,12.777983201768293,32.48447511709239,0.022149616411280392
6778,0,50.7255468866844,40.60721744399975,10.118329442684647,41.20053513451502,0.007857979151751602
6779,0,42.99904288941276,30.083098541408525,12.915944348004238,30.217426163999196,0.021437966972559404
6780,0,44.30906669600856,33.18759060328131,11.12147609272725,33.40761502697413,0.024267685268323867
6781,0,46.570834859568876,34.47808013336788,12.092754726200994,34.78423668467181,0.024330834834991502
6782,0,42.272008830391,31.598952420746688,10.673056409644314,31.815196010400825,0.04043513854888123
6783,0,54.69011762960656,43.48375083588074,11.20636679372582,43.83573995729981,0.010906374948432478
6784,0,41.817725069381936,29.11036012765864,12.707364941723295,29.23188526884006,0.03494306133441399
6785,0,51.67697405628168,41.337137105021064,10.339836951260615,41.70365393702255,0.0219797227625408
6786,0,72.06678323784207,74.56016024554707,-2.493377007704993,78.13354392232759,0.0018064982859005078
6787,0,41.703203646003786,32.20118294961354,9.502020696390247,32.60875769342806,0.02098272916455315
6788,0,45.26406730675518,32.725852697582,12.538214609173181,32.8713879927939,0.019487264577142192
6789,0,55.8889023391894,45.951250208049146,9.937652131140254,46.35462229232341,0.012774421118863465
6790,0,39.52932422334976,34.09191637802092,5.437407845328842,34.45828174237465,0.052428912011664
6791,0,40.615302992797595,28.031599250995182,12.583703741802413,28.13429378806937,0.02176265782208245
6792,0,72.06678323784207,74.56016024554707,-2.493377007704993,78.13354392232759,0.0018064982859005078
6793,0,71.88012681094554,74.21913837894762,-2.3390115680020784,78.10950357427053,0.002333672169954978
6794,0,55.25180477380593,44.17368925221628,11.078115521589652,44.55743829821019,0.013568752592141199
6795,0,42.363034471207385,29.844014539161435,12.51901993204595,29.902788962382672,0.017967536842645723
6796,0,54.9973272049816,43.785593331789045,11.211733873192557,44.282592848855174,0.021940771819032378
6797,0,53.3279441360979,43.91745813961526,9.410485996482635,44.355507954801496,0.01510354881422574
6798,0,53.24067671961028,42.08520317887002,11.15547354074026,42.35228508807786,0.028468941347854233
6799,0,41.77590059340247,29.27278302070408,12.50311757269839,29.511528012996582,0.019022171814792724
6800,0,45.72705694630065,32.968444082897776,12.758612863402874,33.192076715319054,0.025016278956445422
6801,0,54.84478728306986,44.545134830359785,10.299652452710077,45.025337479726446,0.012902417418843532
6802,0,51.48316045043532,41.17486328129606,10.308297169139259,41.59637678602698,0.01844018535676466
6803,0,54.36847032718275,43.31555689104,11.052913436142745,43.83321145967375,0.02196919460856655
6804,0,48.201500330745986,36.85916711578422,11.34233321496177,37.15379700071503,0.02021607738025839
6805,0,72.06678323784207,74.56016024554707,-2.493377007704993,78.13354392232759,0.0018064982859005078
6806,0,51.800009270716345,39.24768634146464,12.552322929251702,39.46808546806133,0.02853800990936092
6807,0,50.60540239124052,40.64721132432876,9.958191066911759,41.233500893886294,0.014250477984642823
6808,0,44.624782421400965,31.20319038939309,13.421592032007876,31.259390628960535,0.042696036937005515
6809,0,54.28965812088754,42.82330037378338,11.466357747104155,43.37753937803926,0.014869756097854743
6810,0,62.26416687065844,61.85912080321452,0.40504606744391936,72.59764508055905,0.017252134262211748
6811,0,43.861325586724035,30.597532873624,13.263792713100035,30.730035218434182,0.02391647027876334
6812,0,72.06678323784207,74.56016024554707,-2.493377007704993,78.13354392232759,0.0018064982859005078
6813,0,52.14773898666279,41.7149243283681,10.432814658294689,42.05833017742356,0.03680340834282265
6814,0,45.57897392127654,33.16922989675558,12.409744024520961,33.36711715876844,0.025932529463861577
6815,0,53.31819873324193,42.62486249152202,10.693336241719905,42.851904603261545,0.02364189351673224
6816,0,55.5767288019416,46.37328444199649,9.20344435994511,46.98307238983806,0.01664806334459663
6817,0,41.437436035901726,28.611607960258432,12.825828075643294,28.78290714706578,0.021424406194049152
6818,0,44.57891161138865,31.377709673276996,13.201201938111652,31.583118167973858,0.02728337227366624
6819,0,51.7617862394401,40.848498587962084,10.913287651478015,41.344622640959386,0.014586334771098376
6820,0,40.52367224546462,30.93787514273058,9.585797102734038,31.280872866261294,0.02616507334426604
6821,0,51.27038489328767,40.76304338138632,10.507341511901352,41.195154407797375,0.017947810802977724
6822,0,48.02506150956185,35.393069252622254,12.631992256939597,35.61259543173715,0.027324136339503632
6823,0,44.94356594954772,31.60040025761781,13.343165691929908,31.78250847447129,0.03426593670543081
6824,0,41.83108696231197,29.28038902772528,12.55069793458669,29.468218766766313,0.028022573428916384
6825,0,49.50149093707974,37.05840427940319,12.443086657676545,37.269885901027166,0.01137553701973379
6826,0,50.54081869293067,37.805399871281864,12.735418821648807,38.076854592799236,0.015322173082902955
6827,0,40.73184694326335,28.09506818397413,12.636778759289218,28.27216300981992,0.028533463123354467
6828,0,72.06678323784207,74.56016024554707,-2.493377007704993,78.13354392232759,0.0018064982859005078
6829,0,50.86842121043192,39.04828244070505,11.820138769726867,39.409941209660225,0.020941284005397298
6830,0,49.98377011247078,40.63608323772186,9.347686874748916,41.21849526751581,0.020858426686543474
6831,0,49.79791885046296,37.6393483922688,12.158570458194163,37.86346573966023,0.01852454608880392
6832,0,36.902924295934724,31.279555166315227,5.623369129619498,32.176218219570956,0.018559842827286347
6833,0,42.93615046637734,32.468484160135404,10.467666306241938,32.761726263919385,0.03381571434972202
6834,0,45.92224873262241,32.17480984460124,13.747438888021165,32.34912353869021,0.02544773969761094
6835,0,48.312477588230664,35.736286087187835,12.576191501042828,35.99307759074388,0.017889944670475104
6836,0,66.72808746214207,67.07335308119907,-0.3452656190570025,77.80288890421726,0.004841213521441284
6837,0,51.860337956176934,42.99415332023216,8.866184635944776,44.17500169701958,0.03137832517578897
6838,0,44.543032803272894,31.523684043886135,13.019348759386759,31.661550592077138,0.036645731606344996
6839,0,72.06678323784207,74.56016024554707,-2.493377007704993,78.13354392232759,0.0018064982859005078
6840,0,51.93680826937843,40.895767496774965,11.041040772603466,41.37693309694279,0.026908892611814287
6841,0,51.103151551691596,40.19959088009713,10.903560671594462,40.57558033990443,0.030773774709566624
6842,0,43.502970973078945,30.82281869042747,12.680152282651473,31.01195482324621,0.03141160447500787
6843,0,42.58374482593382,30.777446442497965,11.806298383435855,30.91543411174557,0.014791754146772076
6844,0,52.960490834793575,42.23664189525124,10.723848939542336,42.736887646210846,0.010427249307512017
6845,0,50.775444477546884,39.00758448894844,11.767859988598445,39.35297844620405,0.027809216463422607
6846,0,44.89435775380299,32.10945413101118,12.784903622791816,32.24831198157743,0.023239847082768335
6847,0,42.10804688339118,34.53248589974615,7.575560983645033,34.70419085022681,0.027013645055361184
6848,0,51.073728398225654,40.13302366586369,10.940704732361965,40.61751623267081,0.01215653462364209
6849,0,49.319438489170466,38.48955140916998,10.82988708000049,38.97232714591938,0.01509498433840848
6850,0,42.78762261030333,30.847815876239817,11.939806734063513,30.999974839297362,0.01584466955628324
6851,0,45.345078998383286,31.982406123233414,13.362672875149872,32.19591465057424,0.02554291033810262
6852,0,44.77229442824377,31.796476380671262,12.975818047572506,31.991607021045212,0.020726842328438966
6853,0,43.90460982476124,31.816059917170296,12.088549907590942,32.0001428894809,0.013342969393841244
6854,0,52.10214322941029,41.37192806403522,10.730215165375071,41.64362505987397,0.028772012551021214
6855,0,40.951480044758085,27.845934486703985,13.1055455580541,27.889719444047355,0.0221715179826634
6856,0,55.344935229846286,44.33389449242907,11.011040737417218,44.80973980157965,0.009634014740981344
6857,0,43.523361593960246,31.360144460811203,12.163217133149043,31.57297549340883,0.023596950451268296
6858,0,37.443929400114285,30.64029160681627,6.803637793298016,30.98739367967983,0.020252428009537016
6859,0,51.65324268890721,40.91754407256834,10.735698616338873,41.305785707017854,0.03615814150169304
6860,0,44.23315702023065,31.193941362382343,13.039215657848306,31.332904012028486,0.02267217418239066
6861,0,42.43047009312281,29.846323395283218,12.58414669783959,29.989091906145582,0.016727345038650348
6862,0,65.20699335776109,65.27996917853406,-0.07297582077296738,77.64867295934184,0.0061202686239451975
6863,0,42.52043112498731,32.76291349809424,9.757517626893069,33.1203840176147,0.043194247679926086
6864,0,72.06766140867249,74.55995291975786,-2.4922915110853694,78.1329612418921,0.0018077232894345805
6865,0,42.36879714402498,33.34757719941269,9.021219944612291,33.56756106176936,0.03930912012489905
6866,0,49.12113898880709,38.18634894275496,10.934790046052129,38.82051297642475,0.017405988338272484
6867,0,45.534257435324875,33.81696082102911,11.717296614295762,34.201001683858266,0.037832928834273236
6868,0,38.55673677657437,32.34975035697339,6.20698641960098,33.19878548473571,0.02713732666808631
6869,0,51.35307518945102,39.317388651581496,12.035686537869523,39.62798668791497,0.012902487132380522
6870,0,46.500870207002194,34.27161110922454,12.229259097777657,34.58250923286268,0.024490036403885532
6871,0,50.92355389078642,41.3321918230087,9.591362067777723,42.153232283613136,0.040510744902747475
6872,0,64.48255556229579,64.09475807067021,0.38779749162557664,76.35225087716607,0.011569535731939461
6873,0,50.12150300101099,40.12777347465209,9.993729526358905,40.696597695967625,0.018009503040195135
6874,0,44.90478275506176,33.31496270171723,11.589820053344532,33.57951146298406,0.023609698228307194
6875,0,49.57774134786712,37.55408876472936,12.02365258313776,37.87131683165606,0.04282430189929532
6876,0,72.06678323784207,74.56016024554707,-2.493377007704993,78.13354392232759,0.0018064982859005078
6877,0,46.497038806821706,33.51313104294712,12.983907763874583,33.665585211880384,0.018936920652570556
6878,0,51.45211948452943,40.3712173345791,11.080902149950333,40.712716950515464,0.028611997344849035
6879,0,64.9920659173773,59.845331829123154,5.146734088254149,63.191051311967385,0.01885529658807825
6880,0,42.902331436483905,30.515132856267147,12.387198580216758,30.803052432394278,0.020032547675094534
6881,0,52.30627595200619,39.50240168915961,12.803874262846577,39.76755388862762,0.016851769751926666
6882,0,48.066839828234535,35.868377598482695,12.19846222975184,36.188002177611835,0.0200394667907912
6883,0,51.171459265742484,39.28591917823057,11.885540087511913,39.59537936869104,0.014807200099328992
6884,0,53.26205291117641,43.380956223915774,9.881096687260637,44.10997124289726,0.029113247164698233
6885,0,72.06678323784207,74.56016024554707,-2.493377007704993,78.13354392232759,0.0018064982859005078
6886,0,52.56851450283787,40.52922841403675,12.03928608880112,40.982230352149884,0.02544127224939836
6887,0,52.62770459417753,42.23367096760289,10.39403362657464,42.75738842479929,0.03210379564835499
6888,0,47.811248327253125,35.54653714974373,12.264711177509398,35.797856017054016,0.026201372704376353
6889,0,41.14429653909497,28.58100169283132,12.563294846263645,28.68735127803251,0.019399840293807914
6890,0,55.028593876237565,44.72960042748109,10.298993448756477,45.268711918480875,0.009142938639643015
6891,0,72.0104052069057,74.44853660393821,-2.4381313970325067,78.13356087744643,0.0018154320261561051
6892,0,64.46418586552504,64.54897331917834,-0.08478745365330553,77.96925627184686,0.0033568704392768255
6893,0,54.17739874013665,42.848228139182964,11.329170600953688,43.32465735431613,0.010962520442900489
6894,0,51.958197659529816,41.703064368762156,10.25513329076766,42.02299177427547,0.03802808790175349
6895,0,43.090357494982385,30.394806204663777,12.695551290318608,30.563972346729624,0.029987849628486718
6896,0,67.00665325736675,67.45359805451872,-0.44694479715197133,78.05058630675775,0.0025243336378002125
6897,0,50.73763807916649,38.52713456850743,12.21050351065906,38.839260856385565,0.026533060098307623
6898,0,51.83858724748502,40.73639270958266,11.102194537902363,41.09929139492726,0.024637721382451447
6899,0,44.942359701386465,31.049004318054163,13.893355383332302,31.241674455256014,0.023295333357789334
6900,0,45.578219922823735,32.66709742990729,12.911122492916448,32.8590306567328,0.03227603366641674
6901,0,51.73188400389341,40.2339841365136,11.497899867379815,40.59263257862497,0.03933872800387956
6902,0,49.90485757448617,38.90125362936437,11.003603945121803,39.47497593738991,0.017535041567861894
6903,0,53.30323462467426,42.20700593830246,11.096228686371802,42.53725371714833,0.035776587866721304
6904,0,54.610742117127415,44.35752227823701,10.253219838890402,44.869899754671025,0.012845137191288285
6905,0,51.03163008137007,38.423206721702165,12.608423359667903,38.79635558255153,0.01579245571972431
6906,0,41.88652823363242,32.66385046845534,9.222677765177082,32.89020765335536,0.043111583927148464
6907,0,40.31506616912846,35.17390395946535,5.141162209663108,35.78884582122528,0.02134980363046366
6908,0,37.60714666011343,31.425515165342507,6.181631494770922,32.116115048584305,0.02410974575232971
6909,0,40.8936511100853,32.842773889619835,8.050877220465466,33.45346465917744,0.03758797450207144
6910,0,52.90443559477991,41.517026477418455,11.387409117361457,42.00447496500853,0.009592122997048418
6911,0,49.06072096153933,38.15509268417068,10.905628277368649,38.483050122044375,0.033460008999625174
6912,0,53.724082194298276,42.068854635066316,11.65522755923196,42.40170754732691,0.009807848650820187
6913,0,43.391061329741746,30.935203010445342,12.455858319296404,31.134626053358367,0.018652540050603277
6914,0,45.32940503215019,32.19677126464255,13.132633767507642,32.344677424825775,0.018740273233190365
6915,0,52.10231784599709,41.118241757624844,10.984076088372248,41.351188980054474,0.022231579004058918
6916,0,51.27679227821797,40.94382427352212,10.33296800469585,41.441568196451655,0.015542487884128113
6917,0,51.2057021139465,40.702000013019855,10.503702100926645,41.2534289473637,0.02958396211182578
6918,0,39.504863541295904,33.03353733205014,6.471326209245767,34.02748078293506,0.036737802947576836
6919,0,47.6022026564211,35.144100357997836,12.458102298423263,35.3620382810137,0.03959086599987584
6920,0,44.75151229821431,31.73727180362602,13.01424049458829,31.914677754135205,0.020394331179048632
6921,0,45.67123958477396,32.79494585615501,12.876293728618947,33.01040171125899,0.017443485342641663
6922,0,44.67712195549882,32.845547779730765,11.831574175768054,33.083764542949,0.02880034483650979
6923,0,49.4254216663016,36.92042635736098,12.504995308940622,37.1646608226244,0.018969087980627544
6924,0,45.64361038733618,33.79573684434466,11.847873542991522,34.04388761528335,0.022600490251071373
6925,0,47.10427725480477,34.815743463046644,12.288533791758127,35.02669452876252,0.022844779986832302
6926,0,51.194860748869104,42.74081549816857,8.454045250700531,43.18985720151528,0.015452999645066787
6927,0,52.22943455665053,41.35134578941933,10.878088767231205,41.68745995967697,0.01833847933118116
6928,0,53.52349878466973,43.493040281264896,10.03045850340483,43.85687811536167,0.031937515339488076
6929,0,61.59951173636563,61.61943817346098,-0.019926437095350025,74.55340550015066,0.011503477211594568
6930,0,42.4907979459573,32.264749031171135,10.226048914786162,32.72216071435828,0.029834676279848423
6931,0,72.06678323784207,74.56016024554707,-2.493377007704993,78.13354392232759,0.0018064982859005078
6932,0,61.656788725979595,61.1391408903072,0.5176478356723919,74.68688108218613,0.020443817472665087
6933,0,46.72646746901822,36.039028969675385,10.687438499342832,36.507253236205386,0.018940697453056522
6934,0,51.36962550901421,40.98309887546665,10.386526633547561,41.46020327499535,0.026829519579277848
6935,0,51.508327672158416,40.907404979839626,10.60092269231879,41.245634062123514,0.029079382857379616
6936,0,46.890754756336335,34.95813380164809,11.932620954688247,35.29192466003482,0.01760595873985701
6937,0,42.00863909723972,32.40792041851343,9.600718678726295,32.541230016632554,0.027309388320749504
6938,0,45.27875001260709,32.50488778862696,12.773862223980132,32.709363440903836,0.029484476971462323
6939,0,72.06233418450825,74.54878568101023,-2.486451496501985,78.13424404532398,0.001811950826147089
6940,0,45.205672371025216,32.28887910547317,12.916793265552045,32.4502517509538,0.025712410390891796
6941,0,39.042135426216525,34.24566971480694,4.7964657114095886,34.638533653082334,0.020297063510952274
6942,0,43.51353907342698,30.333915545361638,13.179623528065346,30.4811271609278,0.019948077252380573
6943,0,44.37317888284106,32.17738293986058,12.195795942980482,32.41945827215428,0.027592276269221765
6944,0,42.084871781881674,29.02384575054506,13.061026031336613,29.14457914036341,0.03224249843112224
6945,0,51.30328597247477,40.08263898589966,11.220646986575105,40.44613287867108,0.022011406161150552
6946,0,48.47199208651264,35.96237038572407,12.509621700788571,36.223873308880755,0.01724999099245989
6947,0,39.482537533869916,30.57595972799798,8.906577805871937,30.98148249059636,0.02113826408889394
6948,0,45.85347151364836,33.43498153927294,12.418489974375419,33.65614371565957,0.014801328422035895
6949,0,45.26905871644969,33.006417186903676,12.262641529546016,33.2505078634869,0.02901685917279707
6950,0,47.41583296087238,35.96162328092073,11.454209679951646,36.27236581535287,0.021803617610496276
6951,0,72.06678323784207,74.56016024554707,-2.493377007704993,78.13354392232759,0.0018064982859005078
6952,0,49.040775414605505,37.52205988563685,11.518715528968656,37.906619290310104,0.02996786011611967
6953,0,42.296995567481744,29.84895726718642,12.448038300295323,30.061168839026127,0.02251297860063124
6954,0,50.643091174986765,38.70097942447,11.942111750516766,38.9963782910246,0.02058394979205745
6955,0,42.89889594120139,30.370917212681352,12.527978728520036,30.555218856018087,0.02475166203310315
6956,0,72.06809813187006,74.56043264513485,-2.492334513264794,78.13459838895027,0.0018087679148518238
6957,0,48.6337208629235,36.34114494871288,12.292575914210616,36.61697726203039,0.027153492062421444
6958,0,48.178586981973396,35.855767258656016,12.32281972331738,36.179185841003346,0.022377940776877707
6959,0,43.08759630092149,32.738081141152776,10.349515159768714,33.0195079557199,0.03315002530370294
6960,0,52.982708332550345,41.684287095801736,11.29842123674861,42.01832744810986,0.01567118622644395
6961,0,60.49978921069932,59.979975398633385,0.5198138120659337,69.5309633578807,0.016252525294411492
6962,0,72.06678323784207,74.56016024554707,-2.493377007704993,78.13354392232759,0.0018064982859005078
6963,0,43.82611400071856,30.919449842795537,12.906664157923025,31.11762625663509,0.017580370701484854
6964,0,41.96211435614933,33.13408557286125,8.828028783288076,33.357631683965174,0.05191078918508793
6965,0,43.5408811525044,31.188339169410263,12.352541983094135,31.42996322110501,0.02153786291525362
6966,0,45.52275213780645,32.437536778921626,13.085215358884824,32.51742303545281,0.01702612523016975
6967,0,43.63580384503827,30.59735238316927,13.038451461868998,30.7737099367991,0.027474971771212404
6968,0,47.66050085743008,36.60027021926908,11.060230638161002,36.9097596394232,0.029593382605065256
6969,0,48.51074148020433,36.25747483654048,12.25326664366385,36.52272364416635,0.019850050352751444
6970,0,51.25836110764527,40.36147229469332,10.89688881295195,40.674178741407744,0.02870374624169663
6971,0,44.08187388340441,31.195093085438817,12.886780797965596,31.294225981250076,0.01433835527066531
6972,0,43.51661236000723,30.82845268825163,12.6881596717556,31.0529433622983,0.03038129502307513
6973,0,67.14666552191576,67.58469927479882,-0.438033752883058,78.05002734308896,0.0028721981603419913
6974,0,46.74942906372304,35.220361233113145,11.529067830609897,35.50849188136763,0.05080789461766528
6975,0,38.964299921647246,32.84971605410108,6.114583867546166,33.34277383800368,0.026388145812235444
6976,0,44.531304615270514,32.30354963050992,12.227754984760594,32.584026224177364,0.0198621098745765
6977,0,41.665361084308515,29.192982474783776,12.472378609524739,29.34064755040105,0.021428189446927745
6978,0,49.662029141878136,37.348090311031854,12.313938830846283,37.60990559967257,0.026332313258809976
6979,0,51.57522344568295,40.301860424589535,11.273363021093417,40.66482365779656,0.029361421240822288
6980,0,45.356073346632115,32.759252239983724,12.596821106648392,32.964120321491755,0.015086719898848508
6981,0,48.0360091150134,35.29529003243411,12.74071908257929,35.44357269869681,0.02288961981401417
6982,0,50.35317762049402,39.58381149645678,10.76936612403724,39.99460602151649,0.009472886667629306
6983,0,51.43091088279415,41.86135046061068,9.569560422183471,42.598159999744865,0.03194003822500632
6984,0,55.07102246987587,45.26711388733602,9.803908582539847,45.86183896687531,0.018935006442757057
6985,0,52.15537446471102,40.48151188057996,11.673862584131058,40.85530801490869,0.04158025909229874
6986,0,49.008215814756326,36.63111526584143,12.377100548914896,36.927222598753175,0.014536037223663811
6987,0,53.371369022262584,43.07127554766501,10.300093474597574,43.57095814659061,0.04128703656163112
6988,0,43.37877688676322,31.29656236171944,12.082214525043778,31.454435641320153,0.01430246921365603
6989,0,55.30609512686371,44.762869354565694,10.543225772298015,45.257525305497126,0.013496837450086011
6990,0,51.69277753814582,39.77105798785766,11.92171955028816,40.025667379518396,0.0167293861455189
6991,0,51.70950182395366,40.42831697526225,11.28118484869141,40.83062690526958,0.0347745850612554
6992,0,54.8819457843221,43.749010453099416,11.132935331222683,44.16681733053372,0.007633739150688937
6993,0,50.79112344885961,38.83258622084092,11.958537228018685,39.09953173938992,0.018942805234648915
6994,0,43.70983240887645,30.717914031055358,12.991918377821094,30.90616200002746,0.02685121897569179
6995,0,48.53209694769636,36.646649660728514,11.885447286967846,36.896799624793,0.02255905943799557
6996,0,50.139985702974315,39.43402101642097,10.705964686553344,40.00937108985437,0.0197993797134298
6997,0,39.86661535300398,33.394829340544774,6.471786012459205,33.84014297383801,0.03723236163626896
6998,0,43.18794136750127,30.47678702311245,12.711154344388817,30.57207595080825,0.02061743340821091
6999,0,51.43150935425339,40.99334547806752,10.438163876185875,41.478806528011546,0.012304524550201128
7000,0,43.72328434223704,32.911135512594214,10.812148829642823,33.21542502780689,0.018927239912828346
7001,0,42.27222874384947,29.44352992745035,12.828698816399118,29.598288525513713,0.0210744628305707
7002,0,50.761511881122416,38.44921970950328,12.312292171619134,38.71155307490795,0.021067156571316248
7003,0,45.17209044648061,31.550348764707085,13.621741681773525,31.797342349572226,0.024990890942244787
7004,0,61.61685280725203,61.10423314200851,0.5126196652435198,69.35064953231972,0.016616543477013034
7005,0,51.166288109923286,39.88963286503488,11.276655244888403,40.267986852598874,0.03384947972035365
7006,0,51.35192658931419,41.12858496705073,10.223341622263462,41.5171081323729,0.028499418149042218
7007,0,42.07127998541144,29.47053549755154,12.600744487859895,29.600752777953076,0.02377300183337424
7008,0,51.53323177105784,39.25782004667276,12.27541172438508,39.51234233526584,0.030258981317587523
7009,0,43.00078327223474,30.435731605824177,12.565051666410564,30.606087952803442,0.015359420594757119
7010,0,50.12326751029401,40.25826895328555,9.864998557008462,40.96974789373739,0.015368752905297321
7011,0,52.192520897971605,40.674360484818976,11.518160413152629,41.00700200194326,0.02945743069235584
7012,0,45.084324514740686,32.26222731771425,12.822097197026437,32.52564083592094,0.02339115353913908
7013,0,46.836826448433456,35.19018105068514,11.646645397748316,35.545675758830285,0.023606807556409055
7014,0,52.93772929554031,41.96143171955438,10.976297575985924,42.43271411347027,0.013706430519879081
7015,0,61.84962858036066,61.48721302831787,0.3624155520427905,74.85095501102498,0.01342935310208648
7016,0,72.06678323784207,74.56016024554707,-2.493377007704993,78.13354392232759,0.0018064982859005078
7017,0,43.4747587843915,29.950971500381225,13.523787284010272,30.09984239602023,0.022252835336178948
7018,0,51.68863396217104,40.20271671660001,11.48591724557103,40.58856152808029,0.03272775696952991
7019,0,44.63007429935914,31.10943989235471,13.520634407004426,31.161378433147746,0.02132916672803609
7020,0,48.38894444546614,36.27621118526409,12.112733260202049,36.49013846259507,0.021837464711434548
7021,0,55.76243976787612,45.008271441895076,10.754168325981041,45.509617396473075,0.010018582029175825
7022,0,54.447379635556246,43.25962436818,11.187755267376247,43.73317776544516,0.0184645495913347
7023,0,54.58128726466987,44.931732296170566,9.649554968499302,45.379793071277035,0.01488125958653481
7024,0,48.52664856587616,36.293410453917076,12.233238111959082,36.52248603492282,0.02151469882571272
7025,0,62.74713529076483,60.05207049257693,2.6950647981879,62.968589389196396,0.023690998375442394
7026,0,50.71708286863522,39.63208903201968,11.084993836615538,40.16387118991027,0.04232279183294339
7027,0,43.027417448741346,32.596348206880265,10.431069241861081,32.92500234593219,0.022257098216909688
7028,0,49.84468219618637,37.90583430925,11.938847886936372,38.130292906277816,0.015053358878155013
7029,0,42.689859112781036,30.01143201071489,12.678427102066145,30.107685958621406,0.019754911974222914
7030,0,53.43120053299627,42.61297740569205,10.818223127304222,43.186079024787276,0.008429994512369116
7031,0,50.402531705833525,38.128678104454075,12.27385360137945,38.39991246995817,0.013561428051107629
7032,0,41.70127536524011,36.18703218114095,5.514243184099158,36.555504838867385,0.02548946516995017
7033,0,43.934650074628465,31.171124997139582,12.763525077488882,31.336195585592062,0.02007300847847833
7034,0,44.889880906057314,31.389551618091073,13.500329287966242,31.517600086170663,0.036103750316683454
7035,0,53.82338066991507,43.93361047391423,9.889770196000839,44.504383366320084,0.012302810364559151
7036,0,51.723650742428575,39.40989413199188,12.313756610436698,39.66610727811093,0.009715163256889744
7037,0,51.95953489961042,41.17293320510662,10.786601694503801,41.55176611176992,0.02484498513850517
7038,0,50.365738941285414,39.36125215857146,11.004486782713954,39.55977478326308,0.03254137755932863
7039,0,51.61859795970513,41.12973281996331,10.488865139741819,41.70090094824302,0.018859061781504573
7040,0,43.706713327578626,30.05005102007151,13.656662307507116,30.194567778980286,0.03189911715094827
7041,0,42.32518920221365,29.477892395529306,12.847296806684344,29.558062549160482,0.01645951052218336
7042,0,51.925895557886875,40.53281136551398,11.393084192372896,40.825696124557126,0.04532436315400935
7043,0,47.568639986215175,36.28521449168255,11.283425494532622,36.658150372607324,0.02857286143275189
7044,0,46.28385372095278,33.04986332828206,13.23399039267072,33.279061021918196,0.030110997843421115
7045,0,50.147778486495966,40.34724519459894,9.800533291897025,40.92374342236066,0.011048122185122208
7046,0,54.5497195738578,44.229757686773056,10.319961887084744,44.85688655273212,0.011556922379747016
7047,0,42.80277173895011,31.01918041631185,11.783591322638262,31.338983442429903,0.017704516886479324
7048,0,48.15797951172408,35.33301123371021,12.82496827801387,35.53657713186871,0.015106487879068603
7049,0,44.26137993990913,31.104686795239736,13.156693144669397,31.270962963455442,0.02925743448120079
7050,0,61.97156575209458,61.72210101042809,0.24946474166648613,75.41769269509784,0.018781420140990455
7051,0,44.79457115331364,31.44192114412166,13.35265000919198,31.615847553967043,0.0245006295470441
7052,0,51.90640962708852,40.01187733278776,11.89453229430076,40.21638883726111,0.015017572833231494
7053,0,45.232844496935044,32.41147087774789,12.821373619187156,32.59116596496672,0.029239922687603573
7054,0,43.05458569729757,30.454065826018077,12.600519871279491,30.689169034720937,0.029206393904701707
7055,0,44.69073858456663,31.794685175177538,12.896053409389094,31.96107769096088,0.03167884322055538
7056,0,44.527083868150584,32.59216542927604,11.934918438874547,32.78800949509153,0.02839015978464219
7057,0,72.06678323784207,74.56016024554707,-2.493377007704993,78.13354392232759,0.0018064982859005078
7058,0,48.90323908210688,36.953384786107236,11.949854295999643,37.19343987517581,0.02080175890846577
7059,0,52.177118601631406,40.504832436366755,11.672286165264651,40.691709630550065,0.027405636510810356
7060,0,71.03224213582641,72.7350189479559,-1.7027768121294855,78.07299173154503,0.003924989361295032
7061,0,55.529817578435384,45.58307449326925,9.946743085166133,46.082562344277974,0.012381092942741158
7062,0,44.889229734651636,31.816979308174652,13.072250426476984,31.950895229311396,0.02995135704657024
7063,0,52.19936102047713,39.61839803798581,12.580962982491315,39.923302892028275,0.011164569590310577
7064,0,50.826660121442885,40.51817760952026,10.308482511922627,41.103656720550035,0.016264803078152406
7065,0,72.06678323784207,74.56016024554707,-2.493377007704993,78.13354392232759,0.0018064982859005078
7066,0,43.494865385011806,31.574212570710607,11.9206528143012,31.84819609137928,0.016457965174148527
7067,0,39.29121683339059,34.69407618213926,4.59714065125133,35.404182410947534,0.03264869375354709
7068,0,44.510749252298794,31.407984636147656,13.102764616151138,31.563482846564362,0.016213848577589833
7069,0,54.881298340321635,44.61864592257443,10.262652417747205,45.112251600136986,0.008091582649918848
7070,0,51.956257023704424,39.96933920025731,11.986917823447115,40.25739056798288,0.022191726876379866
7071,0,49.925922095943335,39.11841390415913,10.807508191784208,39.64629373969905,0.017104386300376324
7072,0,43.64216304564768,30.959203421724354,12.682959623923324,31.05543336860167,0.013859019805439873
7073,0,41.32579095478639,29.112569402447466,12.213221552338926,29.143346646724055,0.022360592443893778
7074,0,50.49602130196244,38.1439250384895,12.352096263472944,38.45927082519373,0.02952449686134975
7075,0,41.197401888862615,33.59589280676316,7.601509082099454,34.052917865571445,0.04531307576850233
7076,0,44.75640374430597,32.26614826005479,12.490255484251179,32.47074037269978,0.018812415284386368
7077,0,51.35641005587556,39.19207681585732,12.164333240018237,39.439495649990235,0.020295261142611022
7078,0,63.29174568025924,61.65113263100169,1.6406130492575528,72.01286498283099,0.026466123306419113
7079,0,44.718752412387815,32.561385758409344,12.157366653978471,32.77725851465571,0.02877270708807891
7080,0,40.31757815049046,34.138046610855696,6.179531539634766,34.29346126609653,0.030203365994713925
7081,0,43.479447898568495,30.407280646172495,13.072167252396,30.530973368762172,0.034108754062598466
7082,0,42.61676240049633,30.365403312381172,12.251359088115155,30.45238522163217,0.019678395200823925
7083,0,47.898640116896686,35.23675180233987,12.661888314556819,35.51358109181386,0.019319880909135584
7084,0,50.33710976997193,39.7053094333248,10.631800336647132,40.18301467421169,0.01101840246466945
7085,0,43.57653850621347,30.9863414175539,12.590197088659568,31.234244924544623,0.015691870446417473
7086,0,51.49429816321184,41.09984134361979,10.394456819592051,41.58322097302478,0.013708003828281976
7087,0,50.8241601170629,39.4657457033386,11.358414413724304,39.8010181741036,0.026788090916999588
7088,0,48.56583541180248,38.22709528132002,10.338740130482464,38.733900900657304,0.01821076193362274
7089,0,43.21708789846876,31.331763100001776,11.885324798466986,31.59737457496558,0.01750879968703659
7090,0,45.57437839049568,31.6328708500503,13.941507540445382,31.78405779561889,0.024483162920195294
7091,0,54.096027962281426,43.917203050163195,10.17882491211823,44.336255192120234,0.013878648105364164
7092,0,48.51362041635659,36.35662131295447,12.156999103402114,36.609234777258195,0.026428524885312592
7093,0,44.59939440138888,32.42022361019321,12.179170791195666,32.60398911699781,0.029730115257282877
7094,0,41.2408310723004,32.729128251441885,8.511702820858517,32.769580259014134,0.04394444156141983
7095,0,50.448566902482895,40.1174865953637,10.331080307119194,40.667912263921195,0.020924160796652658
7096,0,41.001474316182666,28.589686816042725,12.41178750013994,28.732702981806504,0.03445934481613744
7097,0,72.06678323784207,74.56016024554707,-2.493377007704993,78.13354392232759,0.0018064982859005078
7098,0,51.19649665228165,40.198796320178545,10.997700332103108,40.590315817771454,0.01790513897971946
7099,0,43.37204516189466,30.41796330483144,12.954081857063223,30.5789030837233,0.02017194946706334
7100,0,51.353979997845244,40.46492116525425,10.88905883259099,40.81087668376462,0.02860414048142351
7101,0,53.51736500148411,42.21213925234768,11.305225749136426,42.75929094542015,0.03406885676817101
7102,0,70.67111370289543,72.19556946137433,-1.5244557584789078,78.117816252364,0.0020029806214775956
7103,0,51.5220043594297,38.98777653999197,12.534227819437731,39.28781641613746,0.016797384685247815
7104,0,38.514100374772866,32.283053328118314,6.2310470466545524,33.01859246418045,0.02976551738484492
7105,0,51.36253007595573,40.757888028624464,10.604642047331268,41.156636148783555,0.018335512492726865
7106,0,40.91016015717321,28.750369584957866,12.159790572215343,28.88344776309097,0.03231247247839464
7107,0,47.937028494658335,35.88507386615617,12.051954628502166,36.187744362514636,0.0276474012102555
7108,0,51.25453678909395,39.498956037439015,11.755580751654932,39.812987772132416,0.013761638266618232
7109,0,55.42669684050682,44.81079709269447,10.61589974781235,45.12249868763935,0.010501366866251503
7110,0,51.37175086403121,41.407726644061384,9.96402421996983,42.233736266690215,0.013767475658995719
7111,0,55.4168964349022,44.68040338429354,10.736493050608658,45.05183928734813,0.012367439679936549
7112,0,54.56414087545953,43.208105780041834,11.356035095417695,43.5831091711521,0.019541774390078554
7113,0,72.06678323784207,74.56016024554707,-2.493377007704993,78.13354392232759,0.0018064982859005078
7114,0,49.19977540675512,38.133548801825526,11.066226604929597,38.64883014283605,0.04399820719840622
7115,0,42.44710948462679,29.524334654307964,12.92277483031883,29.610058473930533,0.020688510814623
7116,0,45.301286440162244,33.10442223682027,12.196864203341974,33.3867699357866,0.03334785566173192
7117,0,41.73247634671539,28.73834220118146,12.994134145533927,28.93740967629384,0.02656999359372047
7118,0,50.494256056529835,39.70588739508496,10.788368661444878,40.24449813899787,0.009429885123330164
7119,0,42.97764265805411,29.919181892322683,13.058460765731425,30.07492244624405,0.029045944407974564
7120,0,47.247838062153605,35.818168183188305,11.4296698789653,36.080617595188535,0.023573336845040854
7121,0,52.09814236003896,42.36147150435315,9.736670855685816,42.99842239346738,0.014948706446693877
7122,0,72.06678323784207,74.56016024554707,-2.493377007704993,78.13354392232759,0.0018064982859005078
7123,0,41.55365603853798,33.133183518606174,8.420472519931806,33.307163102212144,0.052280218774308315
7124,0,43.648574842634275,30.25698663595429,13.391588206679984,30.384201889164686,0.016781151540790063
7125,0,51.97163782739523,40.18484758941389,11.786790237981336,40.55873726370521,0.023465794817080346
7126,0,44.01901049734255,31.28853200601909,12.73047849132346,31.477388396911554,0.02185747358097949
7127,0,47.12221386811156,35.02679033438078,12.09542353373078,35.320966293363256,0.023567622175968413
7128,0,71.23763503008384,73.02580193557087,-1.7881669054870315,78.08756813061622,0.002005404032609463
7129,0,46.46549660923678,34.933629830934535,11.531866778302245,35.2907802750428,0.03656739525822441
7130,0,45.12599108349217,31.326425623391316,13.799565460100851,31.46348082418027,0.01935018994811519
7131,0,47.17973732109961,34.40997130516534,12.769766015934266,34.574363225422054,0.017940607782005347
7132,0,41.40688852803058,28.67440914298766,12.732479385042918,28.765341650903586,0.017997660913036614
7133,0,54.15096851671285,43.05246965022853,11.09849886648432,43.542652813693635,0.00904155327662799
7134,0,43.02510320958713,30.33581067118011,12.68929253840702,30.425316957283503,0.016997209907998172
7135,0,53.32831849550654,42.74586073834672,10.582457757159816,43.25166610430561,0.015372786726089703
7136,0,52.44027389931857,42.74252247402572,9.69775142529285,43.12239628387435,0.020536040776781353
7137,0,42.60572487467897,29.654986065112126,12.950738809566843,29.8297921290845,0.027277339286557397
7138,0,51.60524214535762,41.44317344721725,10.162068698140374,42.08380694302065,0.025294979302100954
7139,0,42.51124763896688,35.986459999636466,6.5247876393304125,36.20172908920946,0.046479014513512995
7140,0,41.745916942013864,31.97728950053278,9.768627441481083,32.42736292862527,0.029075636018407524
7141,0,52.12184821498538,40.453738533566494,11.668109681418883,40.68482814732772,0.025209966878406088
7142,0,51.9024247547642,40.064630642383264,11.837794112380934,40.345519160005665,0.02534660059393672
7143,0,64.73129845423264,64.68140212711776,0.04989632711487957,77.33836926133867,0.010058516576695651
7144,0,49.17487733728932,37.4105751662675,11.764302171021818,37.67236321865647,0.022702715507504943
7145,0,45.33764053908129,32.63925884687686,12.698381692204435,32.84818836235807,0.037390939939133463
7146,0,42.74754748985404,32.37321292280336,10.374334567050681,32.47922932125839,0.03024219219196484
7147,0,55.1753878228575,44.17103986595119,11.004347956906315,44.475353299708644,0.009112656039501444
7148,0,43.84941784168301,31.91177334489729,11.937644496785715,32.13608729344503,0.020788316423820404
7149,0,48.93543230623125,35.610343448845576,13.325088857385673,35.79410482893262,0.020827755598371148
7150,0,42.42065949341293,29.69599009862008,12.724669394792848,29.845039582220487,0.01586201788926717
7151,0,51.3684941757039,41.11575812407769,10.252736051626208,41.546321810471994,0.02873576498947589
7152,0,42.042772331452,31.014064109077534,11.028708222374465,31.2805312578393,0.017210555044105458
7153,0,41.122198088048535,28.608811274260272,12.513386813788262,28.77765781173268,0.022202349665446024
7154,0,45.487303431178475,35.23781523535039,10.249488195828086,35.66412558049636,0.023601329475066372
7155,0,40.37048679882207,35.13670275486387,5.233784043958202,35.55243569871736,0.020445128715425327
7156,0,50.15656575448385,37.595640735001254,12.560925019482596,37.85030132126618,0.02283525625531075
7157,0,43.57396745212304,31.155156606774103,12.41881084534894,31.372578681184493,0.01952526916973158
7158,0,43.32174526725245,30.78378992885907,12.537955338393385,30.9668253857032,0.01483201169978803
7159,0,45.851103451643226,33.01486719327097,12.836236258372253,33.22225068152167,0.01632347795456607
7160,0,51.76239837459353,40.02858112025457,11.733817254338959,40.29400465849217,0.011588031515412718
7161,0,44.021096512970445,30.864437662178474,13.15665885079197,31.00327849120568,0.03145752185175891
7162,0,39.64702211879593,33.96774998174641,5.679272137049523,34.2423038462009,0.022787177327028733
7163,0,50.3856220760413,38.88206526597756,11.503556810063742,39.25559272877581,0.011142893852669611
7164,0,58.79866369581089,52.341129738273466,6.4575339575374215,53.69712504315714,0.01923960024003589
7165,0,52.514458071987136,41.89069664879949,10.623761423187645,42.26716644833567,0.01497459667212086
7166,0,72.06678323784207,74.56016024554707,-2.493377007704993,78.13354392232759,0.0018064982859005078
7167,0,44.64899765091219,31.58888936874955,13.060108282162645,31.71714187922141,0.01901095755640217
7168,0,51.894100200938084,42.669981392196576,9.224118808741508,43.1511718049492,0.03587184238831717
7169,0,60.359708710839,60.10053319745772,0.25917551338127964,77.23303415013704,0.006692748019132669
7170,0,53.47522893735264,43.083993715460466,10.391235221892174,43.72402980515791,0.02088448288357461
7171,0,49.03403626751202,38.73301206074463,10.301024206767394,39.30034706178024,0.012002003046355228
7172,0,52.474003805847005,40.64526998836344,11.828733817483567,40.884172132173454,0.03997948930637227
7173,0,37.21088577258513,30.665544790911344,6.545340981673785,31.438614206727152,0.030329082261914973
7174,0,53.019640786697224,41.40504431028095,11.614596476416274,41.852034932159754,0.015713793525775916
7175,0,42.568771902709045,30.959596337926637,11.609175564782408,31.247274346015722,0.015392966584039334
7176,0,39.22937934767791,30.73046961784757,8.498909729830341,31.1759219485455,0.023720548182889233
7177,0,51.186926256772935,39.27013040627318,11.916795850499753,39.62969587095283,0.027709012956679702
7178,0,54.03445375966281,43.8316464033682,10.202807356294613,44.50118154940675,0.008484358071072538
7179,0,44.259232956068445,32.084167942254396,12.175065013814049,32.266587883619074,0.02316732218960963
7180,0,48.53122662981163,35.83946323943907,12.691763390372557,36.06498099820081,0.020661425821160737
7181,0,43.328252234185186,31.18592563481197,12.142326599373217,31.38213063364802,0.019276744513607974
7182,0,53.11007917977395,41.78453595054802,11.325543229225929,42.11007687976877,0.009579541491603217
7183,0,43.07029377326825,30.048475598387196,13.021818174881052,30.17606571043684,0.019101026505121237
7184,0,44.859381765520794,32.870175522176936,11.989206243343858,33.14180669891037,0.02219037187392761
7185,0,43.59794135310611,31.406673160663406,12.191268192442703,31.64375752257325,0.03732400281799215
7186,0,72.06678323784207,74.56016024554707,-2.493377007704993,78.13354392232759,0.0018064982859005078
7187,0,53.322729127180665,43.67608283812572,9.646646289054942,44.10869964200005,0.012930107674431058
7188,0,72.06678323784207,74.56016024554707,-2.493377007704993,78.13354392232759,0.0018064982859005078
7189,0,67.99628790314368,68.6566518289439,-0.6603639258002119,78.10013293394323,0.0025031195165420407
7190,0,44.42290354232573,32.59821650591874,11.824687036406985,32.83779027152272,0.02445211185606326
7191,0,43.15428003714764,30.422741836629925,12.731538200517718,30.572343579956193,0.02210550785526323
7192,0,72.06678323784207,74.56016024554707,-2.493377007704993,78.13354392232759,0.0018064982859005078
7193,0,50.21855407882309,37.88179109951048,12.33676297931261,38.09902773887161,0.011884036102702545
7194,0,51.36555389527388,40.17105453706475,11.194499358209129,40.58595954857956,0.027209511735233175
7195,0,42.50714218497755,29.852790733421426,12.654351451556128,29.981071933337173,0.02338075443301742
7196,0,72.06678323784207,74.56016024554707,-2.493377007704993,78.13354392232759,0.0018064982859005078
7197,0,45.88873571412819,33.280459209093294,12.608276505034894,33.54925753007833,0.022663459150745375
7198,0,45.20594385319997,31.945407250695276,13.260536602504693,32.09722072364882,0.027179518863492423
7199,0,43.407528477497664,32.36442535557548,11.043103121922186,32.522323975134846,0.024841808410533774
7200,0,43.13173269547649,30.525415919762324,12.606316775714163,30.703405723505526,0.02403222025488293
7201,0,43.68202557823797,32.66913808906445,11.012887489173522,32.934215034886364,0.021458266199772685
7202,0,48.295888694833096,36.4480938077949,11.847794887038198,36.70655098332213,0.038662435525972205
7203,0,67.79045916212321,64.99616873376466,2.7942904283585506,67.57735202678424,0.011004324737370431
7204,0,72.06678323784207,74.56016024554707,-2.493377007704993,78.13354392232759,0.0018064982859005078
7205,0,52.73288771829961,43.149398824985624,9.583488893313984,43.543382195118156,0.03199867756922574
7206,0,51.51340493181064,39.60545125039451,11.907953681416132,39.857028721923584,0.01162353580585807
7207,0,45.906713811758635,35.20268858261795,10.704025229140683,35.749245653992965,0.04531089485979346
7208,0,63.7654623132665,60.217297337261826,3.5481649760046707,62.06336505196833,0.022687165830608702
7209,0,42.6963092300341,30.45458026385263,12.241728966181473,30.614043338548672,0.01782190634099164
7210,0,45.5312796271196,33.02607245196555,12.505207175154055,33.220592790939776,0.014219320456032398
7211,0,45.59588392716498,32.689097971008025,12.906785956156952,32.88251883565728,0.02797749271240967
7212,0,43.5433151897993,30.171720138733917,13.371595051065384,30.336524955942465,0.027827713322294636
7213,0,45.35464187033301,31.871962556681897,13.482679313651115,31.9924896811353,0.02667708180339935
7214,0,51.59176011892369,39.469328654721465,12.122431464202222,39.79035554101169,0.025292690853514925
7215,0,44.64014678948878,31.676512163751692,12.96363462573709,31.85145369719816,0.026265754678036275
7216,0,72.06678323784207,74.56016024554707,-2.493377007704993,78.13354392232759,0.0018064982859005078
7217,0,45.968186955133575,33.64957820461788,12.318608750515693,33.957436708984176,0.04504786952663321
7218,0,43.32310884807349,30.755517202572697,12.56759164550079,30.908540980070924,0.031936971187709634
7219,0,53.509122096587305,43.22631239166243,10.282809704924873,43.83932944683275,0.017878120660981035
7220,0,54.889438518838546,44.676195223585864,10.213243295252681,45.29985767831198,0.007522097702610979
7221,0,72.06678323784207,74.56016024554707,-2.493377007704993,78.13354392232759,0.0018064982859005078
7222,0,48.353400271753756,36.328188831898075,12.025211439855681,36.63250479911356,0.02829082950170185
7223,0,51.38667976940883,40.1730691861484,11.213610583260426,40.56662960342072,0.030554847178435807
7224,0,55.386566674244435,44.966641982089115,10.41992469215532,45.28588470991279,0.008451757851012716
7225,0,53.17111007897857,41.56916752722965,11.60194255174892,42.00431053253483,0.01254544398621177
7226,0,51.85722991932231,39.66658405915561,12.190645860166697,39.936324985580555,0.016869812706842187
7227,0,51.4530078809092,39.50728416112098,11.94572371978822,39.75966643357924,0.014799783074001063
7228,0,72.06678323784207,74.56016024554707,-2.493377007704993,78.13354392232759,0.0018064982859005078
7229,0,43.29567137450218,29.3511608072866,13.944510567215577,29.434541192259882,0.02198574714645947
7230,0,47.51226471123438,35.41372424136216,12.09854046987222,35.657633620500775,0.025758323466047752
7231,0,43.27522620826382,30.715662623354003,12.559563584909814,30.875511325857463,0.02251611446344931
7232,0,45.49925859730436,32.12451092740646,13.3747476698979,32.279216222338036,0.025254449673195775
7233,0,43.02435668020435,35.776598237769505,7.247758442434844,36.155244753181286,0.018930784427179638
7234,0,50.900302717570824,40.81160562093038,10.088697096640445,41.408897092445685,0.012732176228917539
7235,0,50.96000940068528,40.634599997855446,10.325409402829834,41.130153277423716,0.009020877206735486
7236,0,50.382268663633795,39.84268508616614,10.539583577467653,40.24564884570874,0.010271389981207192
7237,0,39.54278841915584,33.629277863165505,5.913510555990335,34.013272427586585,0.06370926871231716
7238,0,45.060940175819994,31.313873298183747,13.747066877636247,31.525778102717556,0.03152096822848752
7239,0,44.10584270196624,33.20043319172521,10.905409510241029,33.479598166536114,0.0231010604188969
7240,0,63.71110985090296,63.38080432527073,0.3303055256322267,76.37791367247979,0.01627009731033992
7241,0,54.42995727427957,43.437521550351775,10.992435723927798,43.930620229886316,0.010193203820449631
7242,0,46.66096599515454,34.69089558464378,11.970070410510758,34.962270368041345,0.02418145764401706
7243,0,46.75868881656491,34.747398116100854,12.011290700464059,35.08236443304847,0.03216788296275149
7244,0,48.177219303781726,35.536377336207536,12.64084196757419,35.7886907396684,0.027798486134479286
7245,0,46.78357431992801,35.356472412572906,11.427101907355102,35.77987894012254,0.023443654507170036
7246,0,43.17460839931421,30.86642327032199,12.308185128992218,31.107556935861798,0.017245976528845394
7247,0,48.40476146871535,35.91137218114079,12.493389287574558,36.17556278029643,0.0176331717057731
7248,0,48.94998118726569,36.93121078809248,12.018770399173214,37.17627576481087,0.024933813077041775
7249,0,43.37373368117639,30.978364818976978,12.395368862199412,31.19642713465788,0.014526678028154319
7250,0,44.85410417954279,33.34826792220707,11.505836257335716,33.64846331443897,0.022608293344558317
7251,0,43.45209063166783,30.842765628122308,12.609325003545521,31.06162862765763,0.019174887043554304
7252,0,50.91006127018878,39.138757209289906,11.77130406089887,39.476961593183795,0.0163879620911093
7253,0,51.639952162386535,40.987090468920606,10.65286169346593,41.32073445482173,0.02451270412445196
7254,0,51.46104063607494,40.615973287615375,10.845067348459565,40.96162489184866,0.016211512811457853
7255,0,42.13773478552645,31.66916122732852,10.468573558197928,31.954667813961493,0.0169113070541204
7256,0,43.323775100009115,30.526395950386025,12.79737914962309,30.67264780586617,0.017642775016803752
7257,0,41.785330309023635,35.268300710564155,6.51702959845948,35.95176998499832,0.01801492321411881
7258,0,44.10469481447866,35.80954685828925,8.29514795618941,35.9595316278177,0.02905961272636198
7259,0,49.76261783034728,38.16759929867322,11.595018531674064,38.47826610729491,0.036284350301531494
7260,0,61.95001349220313,59.933997956499994,2.016015535703133,63.85203579073355,0.025895335721945995
7261,0,39.72851212007588,34.785579703181114,4.942932416894763,35.11536085943682,0.044753756565782676
7262,0,51.252006132130546,39.24036493943308,12.011641192697468,39.61795764185632,0.02461842657769087
7263,0,51.55279510823618,40.18408356095196,11.36871154728422,40.616897175858206,0.013225561657549808
7264,0,43.832214863259935,30.59601750240483,13.236197360855105,30.725727074527335,0.02156166364086733
7265,0,46.269656900616354,34.166532357363195,12.10312454325316,34.38274209568483,0.024989462812676066
7266,0,43.6712427223931,30.380468623805914,13.290774098587189,30.577526121061688,0.036691612419537806
7267,0,45.59589156854831,32.54813120133725,13.047760367211062,32.817108026535664,0.024855250895179145
7268,0,42.124438087978845,31.88377754471405,10.240660543264795,32.16806539772816,0.028601337992224644
7269,0,55.105603059233346,43.570746905371294,11.534856153862052,43.982395593417266,0.013258451653581329
7270,0,44.67259488382298,32.694678459223155,11.977916424599826,32.87034479512323,0.037059162211705375
7271,0,43.982096961991985,30.904757820012268,13.077339141979717,31.073723740602734,0.021932521359656433
7272,0,39.00590721078988,32.51383784289152,6.49206936789836,33.06920368555561,0.02599999353040099
7273,0,46.86516978482989,34.61118748191322,12.253982302916668,34.860484586217574,0.03288837433017282
7274,0,63.55509231257737,63.41009145116327,0.14500086141410407,76.82103316641329,0.013212193541482344
7275,0,43.410049645141086,29.344217023544203,14.065832621596883,29.488326160652854,0.022715263260372317
7276,0,64.19276668672501,56.154550670268634,8.038216016456374,56.60593596755618,0.04169225255248032
7277,0,48.37673689006007,36.63024276686909,11.746494123190985,36.87285940250119,0.01418816722901706
7278,0,49.61523927459193,36.96031625717136,12.654923017420572,37.20475494006857,0.011385865149536522
7279,0,40.02604996323398,33.015628460399,7.01042150283498,32.93924605607053,0.021779442646110043
7280,0,55.057310109324675,44.68289250564774,10.374417603676932,45.11217275783889,0.016490529324352247
7281,0,54.046769384240804,41.78428178651892,12.262487597721886,42.23390961938999,0.01708876398242086
7282,0,52.33365961208678,40.00215833662144,12.331501275465335,40.29635261929119,0.015784066533906824
7283,0,47.25473444544548,35.35072184852187,11.904012596923607,35.57792454942637,0.039154434765587845
7284,0,54.631716303847355,43.59952283916954,11.032193464677817,44.13017063300818,0.007594526885279005
7285,0,72.06678323784207,74.56016024554707,-2.493377007704993,78.13354392232759,0.0018064982859005078
7286,0,40.91978078993255,28.560814773681724,12.358966016250829,28.79756096891354,0.04622537956242661
7287,0,55.463830364340936,44.375025661146694,11.088804703194242,44.85811872068395,0.02656741080815266
7288,0,42.27043563649036,29.174248429748985,13.096187206741376,29.334992462521253,0.02552967648081895
7289,0,50.71735123536452,38.77033198095345,11.947019254411067,39.07748898698672,0.026240398925798793
7290,0,41.09929899242822,29.12831736249099,11.970981629937228,29.363755204632238,0.021192692171523662
7291,0,45.38491256001063,31.78851199511354,13.596400564897092,32.02321849835548,0.01696526841368323
7292,0,72.06678323784207,74.56016024554707,-2.493377007704993,78.13354392232759,0.0018064982859005078
7293,0,43.26456798763934,30.418275541017465,12.846292446621874,30.53943535256301,0.018350473440437776
7294,0,51.79404213995656,40.07142799057409,11.722614149382473,40.45769850707195,0.00965718461825411
7295,0,55.062468045090256,44.68745843240653,10.375009612683726,45.176683930767155,0.01510893978826792
7296,0,56.70345529509234,46.915503059718375,9.787952235373965,48.00242677289573,0.01620272895429118
7297,0,68.00122417812928,68.6011346125884,-0.5999104344591188,78.10465062124314,0.0024873688607118735
7298,0,45.04237666602182,32.59430592989402,12.448070736127804,32.829333551128116,0.024719204347377823
7299,0,45.20889026999433,32.29435216585114,12.91453810414319,32.478855517183256,0.027517495189440182
7300,0,45.74701854696512,33.32202012200129,12.424998424963832,33.60376227351652,0.02558839071328917
7301,0,51.63038330852724,39.653619342384644,11.976763966142599,39.95798061119427,0.012758794499312914
7302,0,45.946264318209884,33.49415867463101,12.452105643578875,33.7093681651116,0.0345253893562983
7303,0,41.076879192643176,28.414428399929125,12.66245079271405,28.531328975754107,0.018807294235435867
7304,0,51.61525731799597,39.64165729830813,11.973600019687836,39.99433896317546,0.020779805717941725
7305,0,53.15737851004127,43.14824874766089,10.009129762380383,43.91157931484216,0.02823271280128544
7306,0,47.69161487642677,35.589298184796874,12.102316691629895,35.842443252377365,0.023648797576846105
7307,0,43.52739472296369,30.749631676823288,12.777763046140404,30.905897349480462,0.016691405211702485
7308,0,50.664153718247306,38.26694393952859,12.397209778718718,38.50445354447719,0.017651066341333014
7309,0,45.17060147337649,33.239060603492206,11.931540869884287,33.47927973729119,0.01765754346813454
7310,0,44.10247688278382,31.3949496321644,12.707527250619417,31.582856111031735,0.01916543643914922
7311,0,40.639742457788614,28.095054271983,12.544688185805615,28.207361621745743,0.022369559118851627
7312,0,45.1602339422607,32.910583393001495,12.249650549259208,33.18556685966989,0.018138301564390336
7313,0,41.755741219993894,29.00520529703198,12.750535922961912,29.19359568361803,0.023245277846565063
7314,0,62.528923714241955,62.218180871533335,0.3107428427086205,75.0943329355246,0.012405356311420321
7315,0,42.202946285659564,29.674863159054066,12.528083126605498,29.810622565067987,0.016091446689402947
7316,0,70.89460268184769,72.50426961293817,-1.6096669310904872,78.0770425793827,0.00398573540623745
7317,0,51.55471672160934,39.62707718578886,11.927639535820475,39.97565540493899,0.01195441880150816
7318,0,46.39681590305628,33.4826334281626,12.914182474893678,33.73274631402079,0.02252521448785484
7319,0,46.4381863749733,35.508193124574746,10.929993250398553,35.92428634875918,0.03699209174111638
7320,0,42.91637029895328,29.981446916608007,12.934923382345275,30.12584425910789,0.024841290068325847
7321,0,48.38717370364833,36.018677953137185,12.368495750511144,36.23302396551564,0.02982854220525505
7322,0,47.86409537988533,35.08878906586261,12.775306314022714,35.27129533074762,0.04644442108582721
7323,0,41.86469553700512,36.03186295463719,5.832832582367928,36.77834594344159,0.047684609663626275
7324,0,39.86355781629001,31.400321482490863,8.463236333799149,31.749059621427982,0.025235666758250494
7325,0,43.30654191368083,30.90626166340939,12.400280250271443,31.126809543711122,0.02015949634928787
7326,0,52.79469928595611,43.03832468943112,9.756374596524992,43.458255072349985,0.03851809120124899
7327,0,71.40951758253794,73.41539601494101,-2.0058784324030654,78.13193794802007,0.0018288691328828014
7328,0,51.77071816045135,39.10110946710493,12.669608693346419,39.32186602955451,0.01279894558785048
7329,0,50.27599738515629,38.80321609188556,11.472781293270728,39.08391646903865,0.01440679472389059
7330,0,39.988569801285195,32.73029354461073,7.258276256674463,33.027932957044875,0.0415294744607073
7331,0,41.913370267780394,35.60946113395378,6.303909133826615,36.02497145563255,0.021249653893659338
7332,0,54.34882153087355,44.167662022561544,10.181159508312007,44.87181944247193,0.007830742525806988
7333,0,44.04943258909198,32.02921769263713,12.020214896454846,32.21667551907652,0.030536518081772154
7334,0,46.363724933171895,35.80371930716446,10.560005626007438,36.22510971287096,0.05202982722591716
7335,0,51.37766351991823,40.35331152811246,11.024351991805773,40.79317434602943,0.021602985427229233
7336,0,40.2095198362554,32.57006408012428,7.63945575613112,32.66985481097322,0.04888571394846923
7337,0,44.95904852361498,31.98340789163421,12.97564063198077,32.14458339663534,0.017129649568319447
7338,0,45.734660757194604,32.60907564818328,13.125585109011325,32.7497392627339,0.022067042991999585
7339,0,44.99257989969156,31.714120485223823,13.27845941446774,31.79494130762902,0.03360548679465369
7340,0,72.06678323784207,74.56016024554707,-2.493377007704993,78.13354392232759,0.0018064982859005078
7341,0,49.8525154349518,39.43582375005461,10.416691684897188,39.927033593830885,0.009406793087096282
7342,0,44.31722174419227,32.62592897473858,11.691292769453689,32.817092551756275,0.02335394904323578
7343,0,44.996876788050216,31.80832296687794,13.188553821172274,31.966103504714397,0.043849131119087836
7344,0,47.6332024466663,35.48072440488458,12.15247804178172,35.74833508863857,0.022991599879527806
7345,0,51.572342583942216,40.39954736227962,11.172795221662597,40.821054948994544,0.012388444368744018
7346,0,50.63483820220446,38.20943710609478,12.425401096109681,38.42870224575253,0.011477441807333415
7347,0,45.243469234508936,31.97397262491822,13.269496609590718,32.12955860495838,0.030209022592252697
7348,0,42.62492160806025,29.621935379842153,13.002986228218095,29.732988432243214,0.018312382815946653
7349,0,45.1213700406324,33.04744219630375,12.07392784432865,33.25892291295872,0.020081592311473474
7350,0,44.57852709729417,32.09397513805672,12.48455195923745,32.30289125867761,0.04111864201877918
7351,0,42.41432710759834,31.40688720767881,11.007439899919529,31.682066973020447,0.014247363629800185
7352,0,51.98399162405002,41.04372182979199,10.940269794258029,41.39166324029138,0.014005239747165318
7353,0,48.68343604834877,38.454729378432575,10.228706669916193,39.005787908724514,0.038003405349147056
7354,0,49.56162642842844,38.73486338619635,10.826763042232088,39.27510075294886,0.020032547675094534
7355,0,48.343458976284026,35.71965459177777,12.623804384506258,35.99211712454438,0.028336998521765452
7356,0,52.750241544420774,41.76250147675748,10.987740067663296,42.119635215227106,0.016066459798944135
7357,0,55.473806101219935,45.87639056112236,9.597415540097572,46.38025537829007,0.018671084227021257
7358,0,39.93140418794306,34.03826572076309,5.893138467179966,33.964113198925446,0.01839737803326117
7359,0,54.25844664348146,43.76940215131127,10.489044492170194,44.28141648291809,0.010088546011994637
7360,0,43.612295520934566,30.47294779408374,13.139347726850826,30.663428741934588,0.019508665012697622
7361,0,49.98973114702274,37.99557590380862,11.994155243214117,38.206944205218974,0.0176320457632592
7362,0,55.3503794566075,44.95471284663047,10.395666609977027,45.41445949577526,0.015607625857445552
7363,0,49.0377053965084,36.36150832272867,12.676197073779733,36.56018283338465,0.029097688295270298
7364,0,49.652887133381455,36.66977138086652,12.983115752514934,36.90249343494652,0.015338584743556795
7365,0,45.30039210015266,32.49259644430825,12.807795655844416,32.6317587464012,0.021872559274947908
7366,0,51.392641828908566,40.899339598486975,10.493302230421591,41.38470588888942,0.017864426533023104
7367,0,49.6982379296189,39.81880702053844,9.879430909080455,40.34790853451109,0.017923421834235936
7368,0,45.60565447580525,32.59231522590265,13.0133392499026,32.7990414225802,0.029822586646857763
7369,0,59.73514372167311,51.38081032322101,8.354333398452098,51.91864645257051,0.061794774993540726
7370,0,45.001034447404834,31.493682221477552,13.507352225927281,31.700679471473997,0.01864743405723558
7371,0,47.61921204225588,34.88369984035937,12.735512201896512,35.127719948987185,0.01979598575490654
7372,0,44.75196445031375,32.09365962831583,12.658304821997923,32.317118098732955,0.024166277314956734
7373,0,45.05710232179531,32.086011076339176,12.971091245456137,32.25305910091577,0.027846659463616523
7374,0,52.25267821933723,39.91018298535903,12.342495233978198,40.213205060765304,0.02405510689154075
7375,0,43.97585184050101,30.772628725693487,13.203223114807521,30.936849864312883,0.024981050612020668
7376,0,52.073995747603234,40.52279015261957,11.551205594983664,40.92278733645519,0.023160071851091306
7377,0,40.982739963387175,28.623860179998346,12.35887978338883,28.7192580861975,0.023811189243754808
7378,0,43.978735788757376,32.282975784946856,11.69576000381052,32.54192553239166,0.02929767375243763
7379,0,47.25661612722938,35.61411922954255,11.642496897686826,35.9447035607195,0.0329095833447469
7380,0,42.739523764795265,29.54723941326913,13.192284351526137,29.65066838770381,0.01779668393820184
7381,0,43.44315979293253,30.830599018571302,12.612560774361231,31.054846614833398,0.0341123308389129
7382,0,41.3301627095462,28.820536096974617,12.509626612571584,28.9710142043096,0.017283616561251203
7383,0,50.356775441827835,38.29842142293747,12.058354018890363,38.63100622519832,0.013553646465596118
7384,0,43.61991785840591,31.41498275605085,12.204935102355062,31.614841031076327,0.02918578482057151
7385,0,51.07814999750872,38.46706767940432,12.611082318104394,38.76613252360107,0.01762492447259347
7386,0,53.2698921138029,43.322057905327156,9.94783420847574,43.7314344422135,0.017988407106606742
7387,0,46.942259464041314,36.52981754766303,10.412441916378285,36.97415286214246,0.029998530489086545
7388,0,51.642070565510835,40.19347105281878,11.448599512692056,40.53614208490886,0.032445923013561244
7389,0,40.308004761126575,33.311349659984714,6.996655101141862,33.87682692039357,0.021367739131176903
7390,0,67.59983236558827,67.38984499000891,0.20998737557935954,73.65922170268327,0.0054153060147862
7391,0,52.11590646587422,40.52484611232961,11.591060353544606,40.8676224797353,0.030212481074702258
7392,0,50.04073870513463,38.70135307105098,11.339385634083648,39.00888501525026,0.014248865961884152
7393,0,42.5002059738669,32.19771824522924,10.302487728637658,32.42470026286556,0.029659515327925393
7394,0,72.06451467924006,74.55341176128242,-2.4888970820423566,78.13368715054519,0.0018090704952457395
7395,0,50.376947566557234,38.95661353386237,11.420334032694868,39.204728167138995,0.034178031251466845
7396,0,46.389146249715296,35.137073454283865,11.252072795431431,35.46656476702054,0.019622751917582264
7397,0,52.16634436831268,39.98950753931225,12.176836829000429,40.24930150581898,0.018266581582262947
7398,0,47.64160939834092,35.39914338342004,12.242466014920879,35.647004272570655,0.040056345905783095
7399,0,49.954196837891615,40.00026523411263,9.953931603778983,40.71846115759493,0.014043295958895747
7400,0,44.0583723441967,31.404626111809183,12.653746232387515,31.58123656178363,0.02855095125817871
7401,0,45.09068312011233,34.09493312664139,10.995749993470938,34.36610963389689,0.02336681081254447
7402,0,49.90805254607362,37.70550640919245,12.202546136881168,38.002685405928005,0.02096252887402686
